[2026-08-25 22:45:01] ✅ ============================================================
[2026-08-25 22:45:01] ✅ Auto Create Daily Videos — @1995lido — 2026-08-25 22:45:01
[2026-08-25 22:45:01] ✅ ============================================================
[2026-08-25 22:53:55] ✅ ============================================================
[2026-08-25 22:53:55] ✅ Auto Create Daily Videos — @1995lido — 2026-08-25 22:53:55
[2026-08-25 22:53:55] ✅ ============================================================
[2026-08-25 22:57:15] ✅ ============================================================
[2026-08-25 22:57:15] ✅ Auto Create Daily Videos — @1995lido — 2026-08-25 22:57:15
[2026-08-25 22:57:15] ✅ ============================================================
[2026-08-25 22:57:15] ✅ 🗓️  Tạo video từ ngày 6 đến 30
[2026-08-25 22:57:15] ✅ === Bắt đầu tạo 5 video cho ngày 2026-08-06 ===
[2026-08-25 22:57:15] ✅ 
[1/5] 🌅 Sáng 8h — nikaya — Kinh Nikaya: Giữ Vững Sức Mạnh Chánh Mạng (SAMMA AJIVA)
[2026-08-25 22:57:15] 🔵 BUILD: Kinh Nikaya: Giữ Vững Sức Mạnh Chánh Mạng (SAMMA AJIVA)
[2026-08-25 22:57:16] ✅   Step 1: BG = bg_zen_evening.jpg
[2026-08-25 22:57:16] ✅   Step 2: TTS (vi-VN-HoaiMyNeural)
[2026-08-25 22:57:18] ✅   Step 3: Audio EQ + Mix nhạc
[2026-08-25 22:57:18] ✅   Step 4: FFmpeg encode (17.7s)
[2026-08-25 22:57:23] ✅   ✅ OK: auto_20260825_225715_Kinh_Nikaya__Giữ_Vững_Sức_Mạnh_Chánh_Mạn.mp4 (1.36MB)
[2026-08-25 22:57:23] ✅   ✅ Video tạo xong: auto_20260825_225715_Kinh_Nikaya__Giữ_Vững_Sức_Mạnh_Chánh_Mạn.mp4
[2026-08-25 22:57:24] ✅ 
[2/5] ☀️ Trưa 11h — deep_work — 5 Phút Sáng Quyết Định Năng Suất Cả Ngày Của Bạn
[2026-08-25 22:57:24] 🔵 BUILD: 5 Phút Sáng Quyết Định Năng Suất Cả Ngày Của Bạn
[2026-08-25 22:57:24] ✅   Step 1: BG = bg_healing_noon.jpg
[2026-08-25 22:57:24] ✅   Step 2: TTS (vi-VN-NamMinhNeural)
[2026-08-25 22:57:38] ✅   Step 3: Audio EQ + Mix nhạc
[2026-08-25 22:57:39] ✅   Step 4: FFmpeg encode (11.9s)
[2026-08-25 22:57:42] ✅   ✅ OK: auto_20260825_225724_5_Phút_Sáng_Quyết_Định_Năng_Suất_Cả_Ngày.mp4 (0.88MB)
[2026-08-25 22:57:42] ✅   ✅ Video tạo xong: auto_20260825_225724_5_Phút_Sáng_Quyết_Định_Năng_Suất_Cả_Ngày.mp4
[2026-08-25 22:57:43] ✅ 
[3/5] 🌆 Chiều 18h — healing — Nghệ Thuật Buông Bỏ Kỳ Vọng — Giải Tỏa Áp Lực So Sánh
[2026-08-25 22:57:43] 🔵 BUILD: Nghệ Thuật Buông Bỏ Kỳ Vọng — Giải Tỏa Áp Lực So Sánh
[2026-08-25 22:57:43] ✅   Step 1: BG = bg_animation_style.jpg
[2026-08-25 22:57:43] ✅   Step 2: TTS (vi-VN-HoaiMyNeural)
[2026-08-25 22:57:55] ✅   Step 3: Audio EQ + Mix nhạc
[2026-08-25 22:57:56] ✅   Step 4: FFmpeg encode (11.4s)
[2026-08-25 22:58:00] ✅   ✅ OK: auto_20260825_225743_Nghệ_Thuật_Buông_Bỏ_Kỳ_Vọng___Giải_Tỏa_Á.mp4 (0.88MB)
[2026-08-25 22:58:00] ✅   ✅ Video tạo xong: auto_20260825_225743_Nghệ_Thuật_Buông_Bỏ_Kỳ_Vọng___Giải_Tỏa_Á.mp4
[2026-08-25 22:58:01] ✅ 
[4/5] 🌙 Tối 20h — discipline — Tại Sao Kỷ Luật Quan Trọng Hơn Cảm Hứng 100 Lần
[2026-08-25 22:58:01] 🔵 BUILD: Tại Sao Kỷ Luật Quan Trọng Hơn Cảm Hứng 100 Lần
[2026-08-25 22:58:01] ✅   Step 1: BG = bg_morning_deepwork.jpg
[2026-08-25 22:58:01] ✅   Step 2: TTS (vi-VN-NamMinhNeural)
[2026-08-25 22:58:12] ✅   Step 3: Audio EQ + Mix nhạc
[2026-08-25 22:58:13] ✅   Step 4: FFmpeg encode (12.4s)
[2026-08-25 22:58:16] ✅   ✅ OK: auto_20260825_225801_Tại_Sao_Kỷ_Luật_Quan_Trọng_Hơn_Cảm_Hứng_.mp4 (0.65MB)
[2026-08-25 22:58:16] ✅   ✅ Video tạo xong: auto_20260825_225801_Tại_Sao_Kỷ_Luật_Quan_Trọng_Hơn_Cảm_Hứng_.mp4
[2026-08-25 22:58:17] ✅ 
[5/5] ⭐ Đêm 21h30 — life_skills — Tại Sao Người Ít Nói Lại Thường Được Tin Tưởng Hơn
[2026-08-25 22:58:17] 🔵 BUILD: Tại Sao Người Ít Nói Lại Thường Được Tin Tưởng Hơn
[2026-08-25 22:58:17] ✅   Step 1: BG = bg_zen_evening.jpg
[2026-08-25 22:58:18] ✅   Step 2: TTS (vi-VN-HoaiMyNeural)
[2026-08-25 22:58:31] ✅   Step 3: Audio EQ + Mix nhạc
[2026-08-25 22:58:32] ✅   Step 4: FFmpeg encode (12.5s)
[2026-08-25 22:58:36] ✅   ✅ OK: auto_20260825_225817_Tại_Sao_Người_Ít_Nói_Lại_Thường_Được_Tin.mp4 (0.89MB)
[2026-08-25 22:58:36] ✅   ✅ Video tạo xong: auto_20260825_225817_Tại_Sao_Người_Ít_Nói_Lại_Thường_Được_Tin.mp4
[2026-08-25 22:58:37] ✅ 
=== Ngày 2026-08-06: Tạo 5/5 video thành công ===
[2026-08-25 22:58:37] ✅   📂 Xem video tại: /Users/abc/.gemini/antigravity/scratch/1995lido_youtube_management/output_manual
[2026-08-25 22:58:37] ✅   🌐 Review tại: http://localhost:8098
[2026-08-25 22:58:37] ✅   Nghỉ 10 giây trước khi tạo ngày tiếp...
[2026-08-25 22:58:47] ✅ === Bắt đầu tạo 5 video cho ngày 2026-08-07 ===
[2026-08-25 22:58:47] ✅ 
[1/5] 🌅 Sáng 8h — nikaya — Kinh Nikaya: Sự Tự Do Khỏi Định Kiến & Khái Niệm Phân B
[2026-08-25 22:58:47] 🔵 BUILD: Kinh Nikaya: Sự Tự Do Khỏi Định Kiến & Khái Niệm Phân Biệt
[2026-08-25 22:58:47] ✅   Step 1: BG = bg_zen_evening.jpg
[2026-08-25 22:58:47] ✅   Step 2: TTS (vi-VN-HoaiMyNeural)
[2026-08-25 22:58:49] ✅   Step 3: Audio EQ + Mix nhạc
[2026-08-25 22:58:49] ✅   Step 4: FFmpeg encode (19.7s)
[2026-08-25 22:58:55] ✅   ✅ OK: auto_20260825_225847_Kinh_Nikaya__Sự_Tự_Do_Khỏi_Định_Kiến___K.mp4 (1.38MB)
[2026-08-25 22:58:55] ✅   ✅ Video tạo xong: auto_20260825_225847_Kinh_Nikaya__Sự_Tự_Do_Khỏi_Định_Kiến___K.mp4
[2026-08-25 22:58:56] ✅ 
[2/5] ☀️ Trưa 11h — deep_work — Ma Trận Eisenhower — Phân Loại Công Việc Để Làm Đúng Vi
[2026-08-25 22:58:56] 🔵 BUILD: Ma Trận Eisenhower — Phân Loại Công Việc Để Làm Đúng Việc
[2026-08-25 22:58:56] ✅   Step 1: BG = bg_animation_style.jpg
[2026-08-25 22:58:56] ✅   Step 2: TTS (vi-VN-NamMinhNeural)
[2026-08-25 22:59:15] ✅   Step 3: Audio EQ + Mix nhạc
[2026-08-25 22:59:16] ✅   Step 4: FFmpeg encode (13.9s)
[2026-08-25 22:59:20] ✅   ✅ OK: auto_20260825_225856_Ma_Trận_Eisenhower___Phân_Loại_Công_Việc.mp4 (0.91MB)
[2026-08-25 22:59:20] ✅   ✅ Video tạo xong: auto_20260825_225856_Ma_Trận_Eisenhower___Phân_Loại_Công_Việc.mp4
[2026-08-25 22:59:21] ✅ 
[3/5] 🌆 Chiều 18h — healing — Tại Sao Người Mạnh Mẽ Cũng Cần Được Khóc Đôi Khi
[2026-08-25 22:59:21] 🔵 BUILD: Tại Sao Người Mạnh Mẽ Cũng Cần Được Khóc Đôi Khi
[2026-08-25 22:59:21] ✅   Step 1: BG = bg_healing_noon.jpg
[2026-08-25 22:59:21] ✅   Step 2: TTS (vi-VN-HoaiMyNeural)
[2026-08-25 22:59:32] ✅   Step 3: Audio EQ + Mix nhạc
[2026-08-25 22:59:33] ✅   Step 4: FFmpeg encode (13.1s)
[2026-08-25 22:59:37] ✅   ✅ OK: auto_20260825_225921_Tại_Sao_Người_Mạnh_Mẽ_Cũng_Cần_Được_Khóc.mp4 (0.90MB)
[2026-08-25 22:59:37] ✅   ✅ Video tạo xong: auto_20260825_225921_Tại_Sao_Người_Mạnh_Mẽ_Cũng_Cần_Được_Khóc.mp4
[2026-08-25 22:59:38] ✅ 
[4/5] 🌙 Tối 20h — discipline — Habit Stacking — Ghép Thói Quen Mới Vào Thói Quen Cũ
[2026-08-25 22:59:38] 🔵 BUILD: Habit Stacking — Ghép Thói Quen Mới Vào Thói Quen Cũ
[2026-08-25 22:59:38] ✅   Step 1: BG = bg_morning_deepwork.jpg
[2026-08-25 22:59:38] ✅   Step 2: TTS (vi-VN-NamMinhNeural)
[2026-08-25 22:59:51] ✅   Step 3: Audio EQ + Mix nhạc
[2026-08-25 22:59:51] ✅   Step 4: FFmpeg encode (14.1s)
[2026-08-25 22:59:56] ✅   ✅ OK: auto_20260825_225938_Habit_Stacking___Ghép_Thói_Quen_Mới_Vào_.mp4 (0.68MB)
[2026-08-25 22:59:56] ✅   ✅ Video tạo xong: auto_20260825_225938_Habit_Stacking___Ghép_Thói_Quen_Mới_Vào_.mp4
[2026-08-25 22:59:57] ✅ 
[5/5] ⭐ Đêm 21h30 — life_skills — Nghệ Thuật Lắng Nghe Chủ Động — Kỹ Năng Hiếm Người Có
[2026-08-25 22:59:57] 🔵 BUILD: Nghệ Thuật Lắng Nghe Chủ Động — Kỹ Năng Hiếm Người Có
[2026-08-25 22:59:57] ✅   Step 1: BG = bg_zen_evening.jpg
[2026-08-25 22:59:57] ✅   Step 2: TTS (vi-VN-HoaiMyNeural)
[2026-08-25 23:00:09] ✅   Step 3: Audio EQ + Mix nhạc
[2026-08-25 23:00:10] ✅   Step 4: FFmpeg encode (12.7s)
[2026-08-25 23:00:14] ✅   ✅ OK: auto_20260825_225957_Nghệ_Thuật_Lắng_Nghe_Chủ_Động___Kỹ_Năng_.mp4 (0.90MB)
[2026-08-25 23:00:14] ✅   ✅ Video tạo xong: auto_20260825_225957_Nghệ_Thuật_Lắng_Nghe_Chủ_Động___Kỹ_Năng_.mp4
[2026-08-25 23:00:15] ✅ 
=== Ngày 2026-08-07: Tạo 5/5 video thành công ===
[2026-08-25 23:00:15] ✅   📂 Xem video tại: /Users/abc/.gemini/antigravity/scratch/1995lido_youtube_management/output_manual
[2026-08-25 23:00:15] ✅   🌐 Review tại: http://localhost:8098
[2026-08-25 23:00:15] ✅   Nghỉ 10 giây trước khi tạo ngày tiếp...
[2026-08-25 23:00:25] ✅ === Bắt đầu tạo 5 video cho ngày 2026-08-08 ===
[2026-08-25 23:00:25] ✅ 
[1/5] 🌅 Sáng 8h — nikaya — Kinh Nikaya: Chánh Tinh Tấn (SAMMA VAYAMA) - Nỗ Lực Đún
[2026-08-25 23:00:25] 🔵 BUILD: Kinh Nikaya: Chánh Tinh Tấn (SAMMA VAYAMA) - Nỗ Lực Đúng Hướ
[2026-08-25 23:00:25] ✅   Step 1: BG = bg_zen_evening.jpg
[2026-08-25 23:00:26] ✅   Step 2: TTS (vi-VN-HoaiMyNeural)
[2026-08-25 23:00:27] ✅   Step 3: Audio EQ + Mix nhạc
[2026-08-25 23:00:27] ✅   Step 4: FFmpeg encode (16.9s)
[2026-08-25 23:00:32] ✅   ✅ OK: auto_20260825_230025_Kinh_Nikaya__Chánh_Tinh_Tấn__SAMMA_VAYAM.mp4 (1.35MB)
[2026-08-25 23:00:32] ✅   ✅ Video tạo xong: auto_20260825_230025_Kinh_Nikaya__Chánh_Tinh_Tấn__SAMMA_VAYAM.mp4
[2026-08-25 23:00:33] ✅ 
[2/5] ☀️ Trưa 11h — deep_work — Tại Sao Bạn Mệt Dù Không Làm Gì — Decision Fatigue
[2026-08-25 23:00:33] 🔵 BUILD: Tại Sao Bạn Mệt Dù Không Làm Gì — Decision Fatigue
[2026-08-25 23:00:33] ✅   Step 1: BG = bg_animation_style.jpg
[2026-08-25 23:00:33] ✅   Step 2: TTS (vi-VN-NamMinhNeural)
[2026-08-25 23:00:44] ✅   Step 3: Audio EQ + Mix nhạc
[2026-08-25 23:00:44] ✅   Step 4: FFmpeg encode (12.1s)
[2026-08-25 23:00:48] ✅   ✅ OK: auto_20260825_230033_Tại_Sao_Bạn_Mệt_Dù_Không_Làm_Gì___Decisi.mp4 (0.89MB)
[2026-08-25 23:00:48] ✅   ✅ Video tạo xong: auto_20260825_230033_Tại_Sao_Bạn_Mệt_Dù_Không_Làm_Gì___Decisi.mp4
[2026-08-25 23:00:49] ✅ 
[3/5] 🌆 Chiều 18h — healing — Kỹ Thuật 5-4-3-2-1 Chặn Cơn Lo Âu Trong 60 Giây
[2026-08-25 23:00:49] 🔵 BUILD: Kỹ Thuật 5-4-3-2-1 Chặn Cơn Lo Âu Trong 60 Giây
[2026-08-25 23:00:49] ✅   Step 1: BG = bg_healing_noon.jpg
[2026-08-25 23:00:49] ✅   Step 2: TTS (vi-VN-HoaiMyNeural)
[2026-08-25 23:01:05] ✅   Step 3: Audio EQ + Mix nhạc
[2026-08-25 23:01:06] ✅   Step 4: FFmpeg encode (13.8s)
[2026-08-25 23:01:10] ✅   ✅ OK: auto_20260825_230049_Kỹ_Thuật_5_4_3_2_1_Chặn_Cơn_Lo_Âu_Trong_.mp4 (0.90MB)
[2026-08-25 23:01:10] ✅   ✅ Video tạo xong: auto_20260825_230049_Kỹ_Thuật_5_4_3_2_1_Chặn_Cơn_Lo_Âu_Trong_.mp4
[2026-08-25 23:01:11] ✅ 
[4/5] 🌙 Tối 20h — discipline — No-Zero Day — Không Ngày Nào Là Ngày Trống Rỗng
[2026-08-25 23:01:11] 🔵 BUILD: No-Zero Day — Không Ngày Nào Là Ngày Trống Rỗng
[2026-08-25 23:01:11] ✅   Step 1: BG = bg_morning_deepwork.jpg
[2026-08-25 23:01:11] ✅   Step 2: TTS (vi-VN-NamMinhNeural)
[2026-08-25 23:01:24] ✅   Step 3: Audio EQ + Mix nhạc
[2026-08-25 23:01:25] ✅   Step 4: FFmpeg encode (14.0s)
[2026-08-25 23:01:29] ✅   ✅ OK: auto_20260825_230111_No_Zero_Day___Không_Ngày_Nào_Là_Ngày_Trố.mp4 (0.67MB)
[2026-08-25 23:01:29] ✅   ✅ Video tạo xong: auto_20260825_230111_No_Zero_Day___Không_Ngày_Nào_Là_Ngày_Trố.mp4
[2026-08-25 23:01:30] ✅ 
[5/5] ⭐ Đêm 21h30 — life_skills — First Impression — 7 Giây Đầu Quyết Định Mọi Thứ
[2026-08-25 23:01:30] 🔵 BUILD: First Impression — 7 Giây Đầu Quyết Định Mọi Thứ
[2026-08-25 23:01:30] ✅   Step 1: BG = bg_zen_evening.jpg
[2026-08-25 23:01:30] ✅   Step 2: TTS (vi-VN-HoaiMyNeural)
[2026-08-25 23:01:39] ✅   Step 3: Audio EQ + Mix nhạc
[2026-08-25 23:01:39] ✅   Step 4: FFmpeg encode (12.8s)
[2026-08-25 23:01:43] ✅   ✅ OK: auto_20260825_230130_First_Impression___7_Giây_Đầu_Quyết_Định.mp4 (0.89MB)
[2026-08-25 23:01:43] ✅   ✅ Video tạo xong: auto_20260825_230130_First_Impression___7_Giây_Đầu_Quyết_Định.mp4
[2026-08-25 23:01:44] ✅ 
=== Ngày 2026-08-08: Tạo 5/5 video thành công ===
[2026-08-25 23:01:44] ✅   📂 Xem video tại: /Users/abc/.gemini/antigravity/scratch/1995lido_youtube_management/output_manual
[2026-08-25 23:01:44] ✅   🌐 Review tại: http://localhost:8098
[2026-08-25 23:01:44] ✅   Nghỉ 10 giây trước khi tạo ngày tiếp...
[2026-08-25 23:01:54] ✅ === Bắt đầu tạo 5 video cho ngày 2026-08-09 ===
[2026-08-25 23:01:54] ✅ 
[1/5] 🌅 Sáng 8h — nikaya — Kinh Nikaya: Lời Phật Dạy Về Nghệ Thuật Lắng Nghe & Quả
[2026-08-25 23:01:54] 🔵 BUILD: Kinh Nikaya: Lời Phật Dạy Về Nghệ Thuật Lắng Nghe & Quản Trị
[2026-08-25 23:01:54] ✅   Step 1: BG = bg_morning_deepwork.jpg
[2026-08-25 23:01:54] ✅   Step 2: TTS (vi-VN-HoaiMyNeural)
[2026-08-25 23:02:10] ✅   Step 3: Audio EQ + Mix nhạc
[2026-08-25 23:02:10] ✅   Step 4: FFmpeg encode (17.3s)
[2026-08-25 23:02:15] ✅   ✅ OK: auto_20260825_230154_Kinh_Nikaya__Lời_Phật_Dạy_Về_Nghệ_Thuật_.mp4 (0.99MB)
[2026-08-25 23:02:15] ✅   ✅ Video tạo xong: auto_20260825_230154_Kinh_Nikaya__Lời_Phật_Dạy_Về_Nghệ_Thuật_.mp4
[2026-08-25 23:02:16] ✅ 
[2/5] ☀️ Trưa 11h — deep_work — Quy Tắc 2 Phút Đánh Bại Sự Trì Hoãn Ngay Lập Tức
[2026-08-25 23:02:16] 🔵 BUILD: Quy Tắc 2 Phút Đánh Bại Sự Trì Hoãn Ngay Lập Tức
[2026-08-25 23:02:16] ✅   Step 1: BG = bg_healing_noon.jpg
[2026-08-25 23:02:16] ✅   Step 2: TTS (vi-VN-NamMinhNeural)
[2026-08-25 23:02:33] ✅   Step 3: Audio EQ + Mix nhạc
[2026-08-25 23:02:33] ✅   Step 4: FFmpeg encode (11.4s)
[2026-08-25 23:02:38] ✅   ✅ OK: auto_20260825_230216_Quy_Tắc_2_Phút_Đánh_Bại_Sự_Trì_Hoãn_Ngay.mp4 (0.88MB)
[2026-08-25 23:02:38] ✅   ✅ Video tạo xong: auto_20260825_230216_Quy_Tắc_2_Phút_Đánh_Bại_Sự_Trì_Hoãn_Ngay.mp4
[2026-08-25 23:02:39] ✅ 
[3/5] 🌆 Chiều 18h — healing — Nghệ Thuật Buông Bỏ Kỳ Vọng — Giải Tỏa Áp Lực So Sánh
[2026-08-25 23:02:39] 🔵 BUILD: Nghệ Thuật Buông Bỏ Kỳ Vọng — Giải Tỏa Áp Lực So Sánh
[2026-08-25 23:02:39] ✅   Step 1: BG = bg_zen_evening.jpg
[2026-08-25 23:02:39] ✅   Step 2: TTS (vi-VN-HoaiMyNeural)
[2026-08-25 23:02:41] ✅   Step 3: Audio EQ + Mix nhạc
[2026-08-25 23:02:41] ✅   Step 4: FFmpeg encode (11.4s)
[2026-08-25 23:02:45] ✅   ✅ OK: auto_20260825_230239_Nghệ_Thuật_Buông_Bỏ_Kỳ_Vọng___Giải_Tỏa_Á.mp4 (0.88MB)
[2026-08-25 23:02:45] ✅   ✅ Video tạo xong: auto_20260825_230239_Nghệ_Thuật_Buông_Bỏ_Kỳ_Vọng___Giải_Tỏa_Á.mp4
[2026-08-25 23:02:46] ✅ 
[4/5] 🌙 Tối 20h — discipline — Cách Xây Dựng Buổi Sáng 30 Phút Thay Đổi Cả Đời
[2026-08-25 23:02:46] 🔵 BUILD: Cách Xây Dựng Buổi Sáng 30 Phút Thay Đổi Cả Đời
[2026-08-25 23:02:46] ✅   Step 1: BG = bg_animation_style.jpg
[2026-08-25 23:02:46] ✅   Step 2: TTS (vi-VN-NamMinhNeural)
[2026-08-25 23:03:01] ✅   Step 3: Audio EQ + Mix nhạc
[2026-08-25 23:03:01] ✅   Step 4: FFmpeg encode (13.1s)
[2026-08-25 23:03:05] ✅   ✅ OK: auto_20260825_230246_Cách_Xây_Dựng_Buổi_Sáng_30_Phút_Thay_Đổi.mp4 (0.90MB)
[2026-08-25 23:03:05] ✅   ✅ Video tạo xong: auto_20260825_230246_Cách_Xây_Dựng_Buổi_Sáng_30_Phút_Thay_Đổi.mp4
[2026-08-25 23:03:06] ✅ 
[5/5] ⭐ Đêm 21h30 — life_skills — Nghệ Thuật Lắng Nghe Chủ Động — Kỹ Năng Hiếm Người Có
[2026-08-25 23:03:06] 🔵 BUILD: Nghệ Thuật Lắng Nghe Chủ Động — Kỹ Năng Hiếm Người Có
[2026-08-25 23:03:06] ✅   Step 1: BG = bg_morning_deepwork.jpg
[2026-08-25 23:03:07] ✅   Step 2: TTS (vi-VN-HoaiMyNeural)
[2026-08-25 23:03:08] ✅   Step 3: Audio EQ + Mix nhạc
[2026-08-25 23:03:08] ✅   Step 4: FFmpeg encode (12.7s)
[2026-08-25 23:03:12] ✅   ✅ OK: auto_20260825_230306_Nghệ_Thuật_Lắng_Nghe_Chủ_Động___Kỹ_Năng_.mp4 (0.66MB)
[2026-08-25 23:03:12] ✅   ✅ Video tạo xong: auto_20260825_230306_Nghệ_Thuật_Lắng_Nghe_Chủ_Động___Kỹ_Năng_.mp4
[2026-08-25 23:03:13] ✅ 
=== Ngày 2026-08-09: Tạo 5/5 video thành công ===
[2026-08-25 23:03:13] ✅   📂 Xem video tại: /Users/abc/.gemini/antigravity/scratch/1995lido_youtube_management/output_manual
[2026-08-25 23:03:13] ✅   🌐 Review tại: http://localhost:8098
[2026-08-25 23:03:13] ✅   Nghỉ 10 giây trước khi tạo ngày tiếp...
[2026-08-25 23:03:23] ✅ === Bắt đầu tạo 5 video cho ngày 2026-08-10 ===
[2026-08-25 23:03:23] ✅ 
[1/5] 🌅 Sáng 8h — nikaya — Kinh Nikaya: Chánh Niệm Hơi Thở (ANAPANASATI) - Trở Về 
[2026-08-25 23:03:23] 🔵 BUILD: Kinh Nikaya: Chánh Niệm Hơi Thở (ANAPANASATI) - Trở Về Hiện 
[2026-08-25 23:03:23] ✅   Step 1: BG = bg_zen_evening.jpg
[2026-08-25 23:03:23] ✅   Step 2: TTS (vi-VN-HoaiMyNeural)
[2026-08-25 23:03:46] ✅   Step 3: Audio EQ + Mix nhạc
[2026-08-25 23:03:46] ✅   Step 4: FFmpeg encode (21.8s)
[2026-08-25 23:03:53] ✅   ✅ OK: auto_20260825_230323_Kinh_Nikaya__Chánh_Niệm_Hơi_Thở__ANAPANA.mp4 (1.42MB)
[2026-08-25 23:03:53] ✅   ✅ Video tạo xong: auto_20260825_230323_Kinh_Nikaya__Chánh_Niệm_Hơi_Thở__ANAPANA.mp4
[2026-08-25 23:03:54] ✅ 
[2/5] ☀️ Trưa 11h — deep_work — 5 Phút Sáng Quyết Định Năng Suất Cả Ngày Của Bạn
[2026-08-25 23:03:54] 🔵 BUILD: 5 Phút Sáng Quyết Định Năng Suất Cả Ngày Của Bạn
[2026-08-25 23:03:54] ✅   Step 1: BG = bg_morning_deepwork.jpg
[2026-08-25 23:03:54] ✅   Step 2: TTS (vi-VN-NamMinhNeural)
[2026-08-25 23:03:55] ✅   Step 3: Audio EQ + Mix nhạc
[2026-08-25 23:03:56] ✅   Step 4: FFmpeg encode (11.9s)
[2026-08-25 23:04:00] ✅   ✅ OK: auto_20260825_230354_5_Phút_Sáng_Quyết_Định_Năng_Suất_Cả_Ngày.mp4 (0.64MB)
[2026-08-25 23:04:00] ✅   ✅ Video tạo xong: auto_20260825_230354_5_Phút_Sáng_Quyết_Định_Năng_Suất_Cả_Ngày.mp4
[2026-08-25 23:04:01] ✅ 
[3/5] 🌆 Chiều 18h — healing — Làm Sao Để Tha Thứ Cho Người Làm Mình Đau
[2026-08-25 23:04:01] 🔵 BUILD: Làm Sao Để Tha Thứ Cho Người Làm Mình Đau
[2026-08-25 23:04:01] ✅   Step 1: BG = bg_healing_noon.jpg
[2026-08-25 23:04:01] ✅   Step 2: TTS (vi-VN-HoaiMyNeural)
[2026-08-25 23:04:13] ✅   Step 3: Audio EQ + Mix nhạc
[2026-08-25 23:04:13] ✅   Step 4: FFmpeg encode (11.9s)
[2026-08-25 23:04:17] ✅   ✅ OK: auto_20260825_230401_Làm_Sao_Để_Tha_Thứ_Cho_Người_Làm_Mình_Đa.mp4 (0.88MB)
[2026-08-25 23:04:17] ✅   ✅ Video tạo xong: auto_20260825_230401_Làm_Sao_Để_Tha_Thứ_Cho_Người_Làm_Mình_Đa.mp4
[2026-08-25 23:04:18] ✅ 
[4/5] 🌙 Tối 20h — discipline — Atomic Habits — Thay Đổi 1% Mỗi Ngày Để Tạo Bước Nhảy V
[2026-08-25 23:04:18] 🔵 BUILD: Atomic Habits — Thay Đổi 1% Mỗi Ngày Để Tạo Bước Nhảy Vọt
[2026-08-25 23:04:18] ✅   Step 1: BG = bg_animation_style.jpg
[2026-08-25 23:04:18] ✅   Step 2: TTS (vi-VN-NamMinhNeural)
[2026-08-25 23:04:32] ✅   Step 3: Audio EQ + Mix nhạc
[2026-08-25 23:04:32] ✅   Step 4: FFmpeg encode (13.1s)
[2026-08-25 23:04:37] ✅   ✅ OK: auto_20260825_230418_Atomic_Habits___Thay_Đổi_1__Mỗi_Ngày_Để_.mp4 (0.91MB)
[2026-08-25 23:04:37] ✅   ✅ Video tạo xong: auto_20260825_230418_Atomic_Habits___Thay_Đổi_1__Mỗi_Ngày_Để_.mp4
[2026-08-25 23:04:38] ✅ 
[5/5] ⭐ Đêm 21h30 — life_skills — Tại Sao Người Ít Nói Lại Thường Được Tin Tưởng Hơn
[2026-08-25 23:04:38] 🔵 BUILD: Tại Sao Người Ít Nói Lại Thường Được Tin Tưởng Hơn
[2026-08-25 23:04:38] ✅   Step 1: BG = bg_zen_evening.jpg
[2026-08-25 23:04:38] ✅   Step 2: TTS (vi-VN-HoaiMyNeural)
[2026-08-25 23:04:39] ✅   Step 3: Audio EQ + Mix nhạc
[2026-08-25 23:04:40] ✅   Step 4: FFmpeg encode (12.5s)
[2026-08-25 23:04:44] ✅   ✅ OK: auto_20260825_230438_Tại_Sao_Người_Ít_Nói_Lại_Thường_Được_Tin.mp4 (0.89MB)
[2026-08-25 23:04:44] ✅   ✅ Video tạo xong: auto_20260825_230438_Tại_Sao_Người_Ít_Nói_Lại_Thường_Được_Tin.mp4
[2026-08-25 23:04:45] ✅ 
=== Ngày 2026-08-10: Tạo 5/5 video thành công ===
[2026-08-25 23:04:45] ✅   📂 Xem video tại: /Users/abc/.gemini/antigravity/scratch/1995lido_youtube_management/output_manual
[2026-08-25 23:04:45] ✅   🌐 Review tại: http://localhost:8098
[2026-08-25 23:04:45] ✅   Nghỉ 10 giây trước khi tạo ngày tiếp...
[2026-08-25 23:04:55] ✅ === Bắt đầu tạo 5 video cho ngày 2026-08-11 ===
[2026-08-25 23:04:55] ✅ 
[1/5] 🌅 Sáng 8h — nikaya — Kinh Nikaya: 8 Ngọn Gió Đời (BÁT THẾT PHÁP) - Bình Thản
[2026-08-25 23:04:55] 🔵 BUILD: Kinh Nikaya: 8 Ngọn Gió Đời (BÁT THẾT PHÁP) - Bình Thản Trướ
[2026-08-25 23:04:55] ✅   Step 1: BG = bg_animation_style.jpg
[2026-08-25 23:04:55] ✅   Step 2: TTS (vi-VN-HoaiMyNeural)
[2026-08-25 23:05:06] ✅   Step 3: Audio EQ + Mix nhạc
[2026-08-25 23:05:06] ✅   Step 4: FFmpeg encode (17.9s)
[2026-08-25 23:05:11] ✅   ✅ OK: auto_20260825_230455_Kinh_Nikaya__8_Ngọn_Gió_Đời__BÁT_THẾT_PH.mp4 (1.37MB)
[2026-08-25 23:05:11] ✅   ✅ Video tạo xong: auto_20260825_230455_Kinh_Nikaya__8_Ngọn_Gió_Đời__BÁT_THẾT_PH.mp4
[2026-08-25 23:05:12] ✅ 
[2/5] ☀️ Trưa 11h — deep_work — Ngừng Đa Nhiệm — Làm Một Việc Hiệu Quả Hơn 5 Việc Cùng 
[2026-08-25 23:05:12] 🔵 BUILD: Ngừng Đa Nhiệm — Làm Một Việc Hiệu Quả Hơn 5 Việc Cùng Lúc
[2026-08-25 23:05:12] ✅   Step 1: BG = bg_zen_evening.jpg
[2026-08-25 23:05:12] ✅   Step 2: TTS (vi-VN-NamMinhNeural)
[2026-08-25 23:05:26] ✅   Step 3: Audio EQ + Mix nhạc
[2026-08-25 23:05:26] ✅   Step 4: FFmpeg encode (11.7s)
[2026-08-25 23:05:30] ✅   ✅ OK: auto_20260825_230512_Ngừng_Đa_Nhiệm___Làm_Một_Việc_Hiệu_Quả_H.mp4 (0.89MB)
[2026-08-25 23:05:30] ✅   ✅ Video tạo xong: auto_20260825_230512_Ngừng_Đa_Nhiệm___Làm_Một_Việc_Hiệu_Quả_H.mp4
[2026-08-25 23:05:31] ✅ 
[3/5] 🌆 Chiều 18h — healing — Làm Sao Để Tha Thứ Cho Người Làm Mình Đau
[2026-08-25 23:05:31] 🔵 BUILD: Làm Sao Để Tha Thứ Cho Người Làm Mình Đau
[2026-08-25 23:05:31] ✅   Step 1: BG = bg_morning_deepwork.jpg
[2026-08-25 23:05:31] ✅   Step 2: TTS (vi-VN-HoaiMyNeural)
[2026-08-25 23:05:33] ✅   Step 3: Audio EQ + Mix nhạc
[2026-08-25 23:05:33] ✅   Step 4: FFmpeg encode (11.9s)
[2026-08-25 23:05:37] ✅   ✅ OK: auto_20260825_230531_Làm_Sao_Để_Tha_Thứ_Cho_Người_Làm_Mình_Đa.mp4 (0.64MB)
[2026-08-25 23:05:37] ✅   ✅ Video tạo xong: auto_20260825_230531_Làm_Sao_Để_Tha_Thứ_Cho_Người_Làm_Mình_Đa.mp4
[2026-08-25 23:05:38] ✅ 
[4/5] 🌙 Tối 20h — discipline — Habit Stacking — Ghép Thói Quen Mới Vào Thói Quen Cũ
[2026-08-25 23:05:38] 🔵 BUILD: Habit Stacking — Ghép Thói Quen Mới Vào Thói Quen Cũ
[2026-08-25 23:05:38] ✅   Step 1: BG = bg_healing_noon.jpg
[2026-08-25 23:05:38] ✅   Step 2: TTS (vi-VN-NamMinhNeural)
[2026-08-25 23:05:40] ✅   Step 3: Audio EQ + Mix nhạc
[2026-08-25 23:05:40] ✅   Step 4: FFmpeg encode (14.1s)
[2026-08-25 23:05:44] ✅   ✅ OK: auto_20260825_230538_Habit_Stacking___Ghép_Thói_Quen_Mới_Vào_.mp4 (0.91MB)
[2026-08-25 23:05:44] ✅   ✅ Video tạo xong: auto_20260825_230538_Habit_Stacking___Ghép_Thói_Quen_Mới_Vào_.mp4
[2026-08-25 23:05:45] ✅ 
[5/5] ⭐ Đêm 21h30 — life_skills — First Impression — 7 Giây Đầu Quyết Định Mọi Thứ
[2026-08-25 23:05:45] 🔵 BUILD: First Impression — 7 Giây Đầu Quyết Định Mọi Thứ
[2026-08-25 23:05:45] ✅   Step 1: BG = bg_animation_style.jpg
[2026-08-25 23:05:45] ✅   Step 2: TTS (vi-VN-HoaiMyNeural)
[2026-08-25 23:05:47] ✅   Step 3: Audio EQ + Mix nhạc
[2026-08-25 23:05:47] ✅   Step 4: FFmpeg encode (12.8s)
[2026-08-25 23:05:51] ✅   ✅ OK: auto_20260825_230545_First_Impression___7_Giây_Đầu_Quyết_Định.mp4 (0.89MB)
[2026-08-25 23:05:51] ✅   ✅ Video tạo xong: auto_20260825_230545_First_Impression___7_Giây_Đầu_Quyết_Định.mp4
[2026-08-25 23:05:52] ✅ 
=== Ngày 2026-08-11: Tạo 5/5 video thành công ===
[2026-08-25 23:05:52] ✅   📂 Xem video tại: /Users/abc/.gemini/antigravity/scratch/1995lido_youtube_management/output_manual
[2026-08-25 23:05:52] ✅   🌐 Review tại: http://localhost:8098
[2026-08-25 23:05:52] ✅   Nghỉ 10 giây trước khi tạo ngày tiếp...
[2026-08-25 23:06:02] ✅ === Bắt đầu tạo 5 video cho ngày 2026-08-12 ===
[2026-08-25 23:06:02] ✅ 
[1/5] 🌅 Sáng 8h — nikaya — Kinh Nikaya: Luật Nhân Quả (KAMA) - Bạn Là Chủ Nhân Số 
[2026-08-25 23:06:02] 🔵 BUILD: Kinh Nikaya: Luật Nhân Quả (KAMA) - Bạn Là Chủ Nhân Số Phận 
[2026-08-25 23:06:02] ✅   Step 1: BG = bg_zen_evening.jpg
[2026-08-25 23:06:02] ✅   Step 2: TTS (vi-VN-HoaiMyNeural)
[2026-08-25 23:06:16] ✅   Step 3: Audio EQ + Mix nhạc
[2026-08-25 23:06:16] ✅   Step 4: FFmpeg encode (18.9s)
[2026-08-25 23:06:22] ✅   ✅ OK: auto_20260825_230602_Kinh_Nikaya__Luật_Nhân_Quả__KAMA____Bạn_.mp4 (1.38MB)
[2026-08-25 23:06:22] ✅   ✅ Video tạo xong: auto_20260825_230602_Kinh_Nikaya__Luật_Nhân_Quả__KAMA____Bạn_.mp4
[2026-08-25 23:06:23] ✅ 
[2/5] ☀️ Trưa 11h — deep_work — Tại Sao Người Thành Công Thức Dậy Sớm Hơn Bạn 1 Tiếng
[2026-08-25 23:06:23] 🔵 BUILD: Tại Sao Người Thành Công Thức Dậy Sớm Hơn Bạn 1 Tiếng
[2026-08-25 23:06:23] ✅   Step 1: BG = bg_animation_style.jpg
[2026-08-25 23:06:23] ✅   Step 2: TTS (vi-VN-NamMinhNeural)
[2026-08-25 23:06:34] ✅   Step 3: Audio EQ + Mix nhạc
[2026-08-25 23:06:34] ✅   Step 4: FFmpeg encode (11.9s)
[2026-08-25 23:06:38] ✅   ✅ OK: auto_20260825_230623_Tại_Sao_Người_Thành_Công_Thức_Dậy_Sớm_Hơ.mp4 (0.89MB)
[2026-08-25 23:06:38] ✅   ✅ Video tạo xong: auto_20260825_230623_Tại_Sao_Người_Thành_Công_Thức_Dậy_Sớm_Hơ.mp4
[2026-08-25 23:06:39] ✅ 
[3/5] 🌆 Chiều 18h — healing — 5 Dấu Hiệu Bạn Đang Burnout — Nhận Ra Trước Khi Quá Muộ
[2026-08-25 23:06:39] 🔵 BUILD: 5 Dấu Hiệu Bạn Đang Burnout — Nhận Ra Trước Khi Quá Muộn
[2026-08-25 23:06:39] ✅   Step 1: BG = bg_morning_deepwork.jpg
[2026-08-25 23:06:39] ✅   Step 2: TTS (vi-VN-HoaiMyNeural)
[2026-08-25 23:06:48] ✅   Step 3: Audio EQ + Mix nhạc
[2026-08-25 23:06:49] ✅   Step 4: FFmpeg encode (14.0s)
[2026-08-25 23:06:53] ✅   ✅ OK: auto_20260825_230639_5_Dấu_Hiệu_Bạn_Đang_Burnout___Nhận_Ra_Tr.mp4 (0.67MB)
[2026-08-25 23:06:53] ✅   ✅ Video tạo xong: auto_20260825_230639_5_Dấu_Hiệu_Bạn_Đang_Burnout___Nhận_Ra_Tr.mp4
[2026-08-25 23:06:54] ✅ 
[4/5] 🌙 Tối 20h — discipline — Habit Stacking — Ghép Thói Quen Mới Vào Thói Quen Cũ
[2026-08-25 23:06:54] 🔵 BUILD: Habit Stacking — Ghép Thói Quen Mới Vào Thói Quen Cũ
[2026-08-25 23:06:54] ✅   Step 1: BG = bg_healing_noon.jpg
[2026-08-25 23:06:54] ✅   Step 2: TTS (vi-VN-NamMinhNeural)
[2026-08-25 23:06:55] ✅   Step 3: Audio EQ + Mix nhạc
[2026-08-25 23:06:55] ✅   Step 4: FFmpeg encode (14.1s)
[2026-08-25 23:07:00] ✅   ✅ OK: auto_20260825_230654_Habit_Stacking___Ghép_Thói_Quen_Mới_Vào_.mp4 (0.91MB)
[2026-08-25 23:07:00] ✅   ✅ Video tạo xong: auto_20260825_230654_Habit_Stacking___Ghép_Thói_Quen_Mới_Vào_.mp4
[2026-08-25 23:07:01] ✅ 
[5/5] ⭐ Đêm 21h30 — life_skills — Tại Sao Người Ít Nói Lại Thường Được Tin Tưởng Hơn
[2026-08-25 23:07:01] 🔵 BUILD: Tại Sao Người Ít Nói Lại Thường Được Tin Tưởng Hơn
[2026-08-25 23:07:01] ✅   Step 1: BG = bg_zen_evening.jpg
[2026-08-25 23:07:01] ✅   Step 2: TTS (vi-VN-HoaiMyNeural)
[2026-08-25 23:07:02] ✅   Step 3: Audio EQ + Mix nhạc
[2026-08-25 23:07:02] ✅   Step 4: FFmpeg encode (12.5s)
[2026-08-25 23:07:06] ✅   ✅ OK: auto_20260825_230701_Tại_Sao_Người_Ít_Nói_Lại_Thường_Được_Tin.mp4 (0.89MB)
[2026-08-25 23:07:06] ✅   ✅ Video tạo xong: auto_20260825_230701_Tại_Sao_Người_Ít_Nói_Lại_Thường_Được_Tin.mp4
[2026-08-25 23:07:07] ✅ 
=== Ngày 2026-08-12: Tạo 5/5 video thành công ===
[2026-08-25 23:07:07] ✅   📂 Xem video tại: /Users/abc/.gemini/antigravity/scratch/1995lido_youtube_management/output_manual
[2026-08-25 23:07:07] ✅   🌐 Review tại: http://localhost:8098
[2026-08-25 23:07:07] ✅   Nghỉ 10 giây trước khi tạo ngày tiếp...
[2026-08-25 23:07:17] ✅ === Bắt đầu tạo 5 video cho ngày 2026-08-13 ===
[2026-08-25 23:07:17] ✅ 
[1/5] 🌅 Sáng 8h — nikaya — Kinh Nikaya: Nghệ Thuật Hiếu Kính Cha Mẹ Trọn Vẹn
[2026-08-25 23:07:17] 🔵 BUILD: Kinh Nikaya: Nghệ Thuật Hiếu Kính Cha Mẹ Trọn Vẹn
[2026-08-25 23:07:17] ✅   Step 1: BG = bg_zen_evening.jpg
[2026-08-25 23:07:17] ✅   Step 2: TTS (vi-VN-HoaiMyNeural)
[2026-08-25 23:07:19] ✅   Step 3: Audio EQ + Mix nhạc
[2026-08-25 23:07:19] ✅   Step 4: FFmpeg encode (18.7s)
[2026-08-25 23:07:25] ✅   ✅ OK: auto_20260825_230717_Kinh_Nikaya__Nghệ_Thuật_Hiếu_Kính_Cha_Mẹ.mp4 (1.36MB)
[2026-08-25 23:07:25] ✅   ✅ Video tạo xong: auto_20260825_230717_Kinh_Nikaya__Nghệ_Thuật_Hiếu_Kính_Cha_Mẹ.mp4
[2026-08-25 23:07:26] ✅ 
[2/5] ☀️ Trưa 11h — deep_work — Tại Sao Người Thành Công Thức Dậy Sớm Hơn Bạn 1 Tiếng
[2026-08-25 23:07:26] 🔵 BUILD: Tại Sao Người Thành Công Thức Dậy Sớm Hơn Bạn 1 Tiếng
[2026-08-25 23:07:26] ✅   Step 1: BG = bg_healing_noon.jpg
[2026-08-25 23:07:26] ✅   Step 2: TTS (vi-VN-NamMinhNeural)
[2026-08-25 23:07:27] ✅   Step 3: Audio EQ + Mix nhạc
[2026-08-25 23:07:27] ✅   Step 4: FFmpeg encode (11.9s)
[2026-08-25 23:07:32] ✅   ✅ OK: auto_20260825_230726_Tại_Sao_Người_Thành_Công_Thức_Dậy_Sớm_Hơ.mp4 (0.89MB)
[2026-08-25 23:07:32] ✅   ✅ Video tạo xong: auto_20260825_230726_Tại_Sao_Người_Thành_Công_Thức_Dậy_Sớm_Hơ.mp4
[2026-08-25 23:07:33] ✅ 
[3/5] 🌆 Chiều 18h — healing — 5 Dấu Hiệu Bạn Đang Burnout — Nhận Ra Trước Khi Quá Muộ
[2026-08-25 23:07:33] 🔵 BUILD: 5 Dấu Hiệu Bạn Đang Burnout — Nhận Ra Trước Khi Quá Muộn
[2026-08-25 23:07:33] ✅   Step 1: BG = bg_morning_deepwork.jpg
[2026-08-25 23:07:33] ✅   Step 2: TTS (vi-VN-HoaiMyNeural)
[2026-08-25 23:07:34] ✅   Step 3: Audio EQ + Mix nhạc
[2026-08-25 23:07:34] ✅   Step 4: FFmpeg encode (14.0s)
[2026-08-25 23:07:39] ✅   ✅ OK: auto_20260825_230733_5_Dấu_Hiệu_Bạn_Đang_Burnout___Nhận_Ra_Tr.mp4 (0.67MB)
[2026-08-25 23:07:39] ✅   ✅ Video tạo xong: auto_20260825_230733_5_Dấu_Hiệu_Bạn_Đang_Burnout___Nhận_Ra_Tr.mp4
[2026-08-25 23:07:40] ✅ 
[4/5] 🌙 Tối 20h — discipline — Habit Stacking — Ghép Thói Quen Mới Vào Thói Quen Cũ
[2026-08-25 23:07:40] 🔵 BUILD: Habit Stacking — Ghép Thói Quen Mới Vào Thói Quen Cũ
[2026-08-25 23:07:40] ✅   Step 1: BG = bg_animation_style.jpg
[2026-08-25 23:07:40] ✅   Step 2: TTS (vi-VN-NamMinhNeural)
[2026-08-25 23:07:42] ✅   Step 3: Audio EQ + Mix nhạc
[2026-08-25 23:07:42] ✅   Step 4: FFmpeg encode (14.1s)
[2026-08-25 23:07:47] ✅   ✅ OK: auto_20260825_230740_Habit_Stacking___Ghép_Thói_Quen_Mới_Vào_.mp4 (0.91MB)
[2026-08-25 23:07:47] ✅   ✅ Video tạo xong: auto_20260825_230740_Habit_Stacking___Ghép_Thói_Quen_Mới_Vào_.mp4
[2026-08-25 23:07:48] ✅ 
[5/5] ⭐ Đêm 21h30 — life_skills — First Impression — 7 Giây Đầu Quyết Định Mọi Thứ
[2026-08-25 23:07:48] 🔵 BUILD: First Impression — 7 Giây Đầu Quyết Định Mọi Thứ
[2026-08-25 23:07:48] ✅   Step 1: BG = bg_zen_evening.jpg
[2026-08-25 23:07:48] ✅   Step 2: TTS (vi-VN-HoaiMyNeural)
[2026-08-25 23:07:49] ✅   Step 3: Audio EQ + Mix nhạc
[2026-08-25 23:07:49] ✅   Step 4: FFmpeg encode (12.8s)
[2026-08-25 23:07:54] ✅   ✅ OK: auto_20260825_230748_First_Impression___7_Giây_Đầu_Quyết_Định.mp4 (0.89MB)
[2026-08-25 23:07:54] ✅   ✅ Video tạo xong: auto_20260825_230748_First_Impression___7_Giây_Đầu_Quyết_Định.mp4
[2026-08-25 23:07:55] ✅ 
=== Ngày 2026-08-13: Tạo 5/5 video thành công ===
[2026-08-25 23:07:55] ✅   📂 Xem video tại: /Users/abc/.gemini/antigravity/scratch/1995lido_youtube_management/output_manual
[2026-08-25 23:07:55] ✅   🌐 Review tại: http://localhost:8098
[2026-08-25 23:07:55] ✅   Nghỉ 10 giây trước khi tạo ngày tiếp...
[2026-08-25 23:08:05] ✅ === Bắt đầu tạo 5 video cho ngày 2026-08-14 ===
[2026-08-25 23:08:05] ✅ 
[1/5] 🌅 Sáng 8h — nikaya — Kinh Nikaya: Trí Tuệ Quán Thấu Bản Chất Của Nỗi Đau (DU
[2026-08-25 23:08:05] 🔵 BUILD: Kinh Nikaya: Trí Tuệ Quán Thấu Bản Chất Của Nỗi Đau (DUKKA)
[2026-08-25 23:08:05] ✅   Step 1: BG = bg_healing_noon.jpg
[2026-08-25 23:08:05] ✅   Step 2: TTS (vi-VN-HoaiMyNeural)
[2026-08-25 23:08:06] ✅   Step 3: Audio EQ + Mix nhạc
[2026-08-25 23:08:06] ✅   Step 4: FFmpeg encode (18.3s)
[2026-08-25 23:08:12] ✅   ✅ OK: auto_20260825_230805_Kinh_Nikaya__Trí_Tuệ_Quán_Thấu_Bản_Chất_.mp4 (1.36MB)
[2026-08-25 23:08:12] ✅   ✅ Video tạo xong: auto_20260825_230805_Kinh_Nikaya__Trí_Tuệ_Quán_Thấu_Bản_Chất_.mp4
[2026-08-25 23:08:13] ✅ 
[2/5] ☀️ Trưa 11h — deep_work — Phương Pháp Deep Work Của Cal Newport — 1 Giờ Bằng 4 Gi
[2026-08-25 23:08:13] 🔵 BUILD: Phương Pháp Deep Work Của Cal Newport — 1 Giờ Bằng 4 Giờ
[2026-08-25 23:08:13] ✅   Step 1: BG = bg_morning_deepwork.jpg
[2026-08-25 23:08:13] ✅   Step 2: TTS (vi-VN-NamMinhNeural)
[2026-08-25 23:08:49] ⚠️    TTS attempt 1 thất bại
[2026-08-25 23:09:06] ✅   Step 3: Audio EQ + Mix nhạc
[2026-08-25 23:09:06] ✅   Step 4: FFmpeg encode (12.6s)
[2026-08-25 23:09:11] ✅   ✅ OK: auto_20260825_230813_Phương_Pháp_Deep_Work_Của_Cal_Newport___.mp4 (0.66MB)
[2026-08-25 23:09:11] ✅   ✅ Video tạo xong: auto_20260825_230813_Phương_Pháp_Deep_Work_Của_Cal_Newport___.mp4
[2026-08-25 23:09:12] ✅ 
[3/5] 🌆 Chiều 18h — healing — 5 Dấu Hiệu Bạn Đang Burnout — Nhận Ra Trước Khi Quá Muộ
[2026-08-25 23:09:12] 🔵 BUILD: 5 Dấu Hiệu Bạn Đang Burnout — Nhận Ra Trước Khi Quá Muộn
[2026-08-25 23:09:12] ✅   Step 1: BG = bg_zen_evening.jpg
[2026-08-25 23:09:12] ✅   Step 2: TTS (vi-VN-HoaiMyNeural)
[2026-08-25 23:09:14] ✅   Step 3: Audio EQ + Mix nhạc
[2026-08-25 23:09:14] ✅   Step 4: FFmpeg encode (14.0s)
[2026-08-25 23:09:19] ✅   ✅ OK: auto_20260825_230912_5_Dấu_Hiệu_Bạn_Đang_Burnout___Nhận_Ra_Tr.mp4 (0.91MB)
[2026-08-25 23:09:19] ✅   ✅ Video tạo xong: auto_20260825_230912_5_Dấu_Hiệu_Bạn_Đang_Burnout___Nhận_Ra_Tr.mp4
[2026-08-25 23:09:20] ✅ 
[4/5] 🌙 Tối 20h — discipline — Atomic Habits — Thay Đổi 1% Mỗi Ngày Để Tạo Bước Nhảy V
[2026-08-25 23:09:20] 🔵 BUILD: Atomic Habits — Thay Đổi 1% Mỗi Ngày Để Tạo Bước Nhảy Vọt
[2026-08-25 23:09:20] ✅   Step 1: BG = bg_animation_style.jpg
[2026-08-25 23:09:21] ✅   Step 2: TTS (vi-VN-NamMinhNeural)
[2026-08-25 23:09:22] ✅   Step 3: Audio EQ + Mix nhạc
[2026-08-25 23:09:22] ✅   Step 4: FFmpeg encode (13.1s)
[2026-08-25 23:09:27] ✅   ✅ OK: auto_20260825_230920_Atomic_Habits___Thay_Đổi_1__Mỗi_Ngày_Để_.mp4 (0.91MB)
[2026-08-25 23:09:27] ✅   ✅ Video tạo xong: auto_20260825_230920_Atomic_Habits___Thay_Đổi_1__Mỗi_Ngày_Để_.mp4
[2026-08-25 23:09:28] ✅ 
[5/5] ⭐ Đêm 21h30 — life_skills — Tại Sao Người Ít Nói Lại Thường Được Tin Tưởng Hơn
[2026-08-25 23:09:28] 🔵 BUILD: Tại Sao Người Ít Nói Lại Thường Được Tin Tưởng Hơn
[2026-08-25 23:09:28] ✅   Step 1: BG = bg_healing_noon.jpg
[2026-08-25 23:09:28] ✅   Step 2: TTS (vi-VN-HoaiMyNeural)
[2026-08-25 23:09:30] ✅   Step 3: Audio EQ + Mix nhạc
[2026-08-25 23:09:30] ✅   Step 4: FFmpeg encode (12.5s)
[2026-08-25 23:09:35] ✅   ✅ OK: auto_20260825_230928_Tại_Sao_Người_Ít_Nói_Lại_Thường_Được_Tin.mp4 (0.88MB)
[2026-08-25 23:09:35] ✅   ✅ Video tạo xong: auto_20260825_230928_Tại_Sao_Người_Ít_Nói_Lại_Thường_Được_Tin.mp4
[2026-08-25 23:09:36] ✅ 
=== Ngày 2026-08-14: Tạo 5/5 video thành công ===
[2026-08-25 23:09:36] ✅   📂 Xem video tại: /Users/abc/.gemini/antigravity/scratch/1995lido_youtube_management/output_manual
[2026-08-25 23:09:36] ✅   🌐 Review tại: http://localhost:8098
[2026-08-25 23:09:36] ✅   Nghỉ 10 giây trước khi tạo ngày tiếp...
[2026-08-25 23:09:46] ✅ === Bắt đầu tạo 5 video cho ngày 2026-08-15 ===
[2026-08-25 23:09:46] ✅ 
[1/5] 🌅 Sáng 8h — nikaya — Kinh Nikaya: Con Đường Tứ Diệu Đế - 4 Sự Thật Cao Quý
[2026-08-25 23:09:46] 🔵 BUILD: Kinh Nikaya: Con Đường Tứ Diệu Đế - 4 Sự Thật Cao Quý
[2026-08-25 23:09:46] ✅   Step 1: BG = bg_zen_evening.jpg
[2026-08-25 23:09:46] ✅   Step 2: TTS (vi-VN-HoaiMyNeural)
[2026-08-25 23:09:48] ✅   Step 3: Audio EQ + Mix nhạc
[2026-08-25 23:09:48] ✅   Step 4: FFmpeg encode (16.9s)
[2026-08-25 23:09:53] ✅   ✅ OK: auto_20260825_230946_Kinh_Nikaya__Con_Đường_Tứ_Diệu_Đế___4_Sự.mp4 (1.35MB)
[2026-08-25 23:09:53] ✅   ✅ Video tạo xong: auto_20260825_230946_Kinh_Nikaya__Con_Đường_Tứ_Diệu_Đế___4_Sự.mp4
[2026-08-25 23:09:54] ✅ 
[2/5] ☀️ Trưa 11h — deep_work — 5 Phút Sáng Quyết Định Năng Suất Cả Ngày Của Bạn
[2026-08-25 23:09:54] 🔵 BUILD: 5 Phút Sáng Quyết Định Năng Suất Cả Ngày Của Bạn
[2026-08-25 23:09:54] ✅   Step 1: BG = bg_healing_noon.jpg
[2026-08-25 23:09:54] ✅   Step 2: TTS (vi-VN-NamMinhNeural)
[2026-08-25 23:09:56] ✅   Step 3: Audio EQ + Mix nhạc
[2026-08-25 23:09:56] ✅   Step 4: FFmpeg encode (11.9s)
[2026-08-25 23:10:00] ✅   ✅ OK: auto_20260825_230954_5_Phút_Sáng_Quyết_Định_Năng_Suất_Cả_Ngày.mp4 (0.88MB)
[2026-08-25 23:10:00] ✅   ✅ Video tạo xong: auto_20260825_230954_5_Phút_Sáng_Quyết_Định_Năng_Suất_Cả_Ngày.mp4
[2026-08-25 23:10:01] ✅ 
[3/5] 🌆 Chiều 18h — healing — Làm Sao Để Tha Thứ Cho Người Làm Mình Đau
[2026-08-25 23:10:01] 🔵 BUILD: Làm Sao Để Tha Thứ Cho Người Làm Mình Đau
[2026-08-25 23:10:01] ✅   Step 1: BG = bg_morning_deepwork.jpg
[2026-08-25 23:10:01] ✅   Step 2: TTS (vi-VN-HoaiMyNeural)
[2026-08-25 23:10:03] ✅   Step 3: Audio EQ + Mix nhạc
[2026-08-25 23:10:03] ✅   Step 4: FFmpeg encode (11.9s)
[2026-08-25 23:10:07] ✅   ✅ OK: auto_20260825_231001_Làm_Sao_Để_Tha_Thứ_Cho_Người_Làm_Mình_Đa.mp4 (0.64MB)
[2026-08-25 23:10:07] ✅   ✅ Video tạo xong: auto_20260825_231001_Làm_Sao_Để_Tha_Thứ_Cho_Người_Làm_Mình_Đa.mp4
[2026-08-25 23:10:08] ✅ 
[4/5] 🌙 Tối 20h — discipline — Cách Xây Dựng Buổi Sáng 30 Phút Thay Đổi Cả Đời
[2026-08-25 23:10:08] 🔵 BUILD: Cách Xây Dựng Buổi Sáng 30 Phút Thay Đổi Cả Đời
[2026-08-25 23:10:08] ✅   Step 1: BG = bg_animation_style.jpg
[2026-08-25 23:10:08] ✅   Step 2: TTS (vi-VN-NamMinhNeural)
[2026-08-25 23:10:09] ✅   Step 3: Audio EQ + Mix nhạc
[2026-08-25 23:10:10] ✅   Step 4: FFmpeg encode (13.1s)
[2026-08-25 23:10:14] ✅   ✅ OK: auto_20260825_231008_Cách_Xây_Dựng_Buổi_Sáng_30_Phút_Thay_Đổi.mp4 (0.90MB)
[2026-08-25 23:10:14] ✅   ✅ Video tạo xong: auto_20260825_231008_Cách_Xây_Dựng_Buổi_Sáng_30_Phút_Thay_Đổi.mp4
[2026-08-25 23:10:15] ✅ 
[5/5] ⭐ Đêm 21h30 — life_skills — Tại Sao Người Ít Nói Lại Thường Được Tin Tưởng Hơn
[2026-08-25 23:10:15] 🔵 BUILD: Tại Sao Người Ít Nói Lại Thường Được Tin Tưởng Hơn
[2026-08-25 23:10:15] ✅   Step 1: BG = bg_zen_evening.jpg
[2026-08-25 23:10:15] ✅   Step 2: TTS (vi-VN-HoaiMyNeural)
[2026-08-25 23:10:16] ✅   Step 3: Audio EQ + Mix nhạc
[2026-08-25 23:10:16] ✅   Step 4: FFmpeg encode (12.5s)
[2026-08-25 23:10:20] ✅   ✅ OK: auto_20260825_231015_Tại_Sao_Người_Ít_Nói_Lại_Thường_Được_Tin.mp4 (0.89MB)
[2026-08-25 23:10:20] ✅   ✅ Video tạo xong: auto_20260825_231015_Tại_Sao_Người_Ít_Nói_Lại_Thường_Được_Tin.mp4
[2026-08-25 23:10:21] ✅ 
=== Ngày 2026-08-15: Tạo 5/5 video thành công ===
[2026-08-25 23:10:21] ✅   📂 Xem video tại: /Users/abc/.gemini/antigravity/scratch/1995lido_youtube_management/output_manual
[2026-08-25 23:10:21] ✅   🌐 Review tại: http://localhost:8098
[2026-08-25 23:10:21] ✅   Nghỉ 10 giây trước khi tạo ngày tiếp...
[2026-08-25 23:10:31] ✅ === Bắt đầu tạo 5 video cho ngày 2026-08-16 ===
[2026-08-25 23:10:31] ✅ 
[1/5] 🌅 Sáng 8h — nikaya — Kinh Nikaya: Định Luật Vô Thường (ANICCA) - Mọi Mệt Mỏi
[2026-08-25 23:10:31] 🔵 BUILD: Kinh Nikaya: Định Luật Vô Thường (ANICCA) - Mọi Mệt Mỏi Rồi 
[2026-08-25 23:10:31] ✅   Step 1: BG = bg_morning_deepwork.jpg
[2026-08-25 23:10:31] ✅   Step 2: TTS (vi-VN-HoaiMyNeural)
[2026-08-25 23:10:49] ✅   Step 3: Audio EQ + Mix nhạc
[2026-08-25 23:10:49] ✅   Step 4: FFmpeg encode (20.0s)
[2026-08-25 23:10:55] ✅   ✅ OK: auto_20260825_231031_Kinh_Nikaya__Định_Luật_Vô_Thường__ANICCA.mp4 (1.03MB)
[2026-08-25 23:10:55] ✅   ✅ Video tạo xong: auto_20260825_231031_Kinh_Nikaya__Định_Luật_Vô_Thường__ANICCA.mp4
[2026-08-25 23:10:56] ✅ 
[2/5] ☀️ Trưa 11h — deep_work — Phương Pháp Deep Work Của Cal Newport — 1 Giờ Bằng 4 Gi
[2026-08-25 23:10:56] 🔵 BUILD: Phương Pháp Deep Work Của Cal Newport — 1 Giờ Bằng 4 Giờ
[2026-08-25 23:10:56] ✅   Step 1: BG = bg_animation_style.jpg
[2026-08-25 23:10:56] ✅   Step 2: TTS (vi-VN-NamMinhNeural)
[2026-08-25 23:10:58] ✅   Step 3: Audio EQ + Mix nhạc
[2026-08-25 23:10:58] ✅   Step 4: FFmpeg encode (12.6s)
[2026-08-25 23:11:02] ✅   ✅ OK: auto_20260825_231056_Phương_Pháp_Deep_Work_Của_Cal_Newport___.mp4 (0.90MB)
[2026-08-25 23:11:02] ✅   ✅ Video tạo xong: auto_20260825_231056_Phương_Pháp_Deep_Work_Của_Cal_Newport___.mp4
[2026-08-25 23:11:03] ✅ 
[3/5] 🌆 Chiều 18h — healing — Học Cách Nói KHÔNG Mà Không Cảm Thấy Áy Nấy
[2026-08-25 23:11:03] 🔵 BUILD: Học Cách Nói KHÔNG Mà Không Cảm Thấy Áy Nấy
[2026-08-25 23:11:03] ✅   Step 1: BG = bg_healing_noon.jpg
[2026-08-25 23:11:03] ✅   Step 2: TTS (vi-VN-HoaiMyNeural)
[2026-08-25 23:11:18] ✅   Step 3: Audio EQ + Mix nhạc
[2026-08-25 23:11:18] ✅   Step 4: FFmpeg encode (11.4s)
[2026-08-25 23:11:23] ✅   ✅ OK: auto_20260825_231103_Học_Cách_Nói_KHÔNG_Mà_Không_Cảm_Thấy_Áy_.mp4 (0.87MB)
[2026-08-25 23:11:23] ✅   ✅ Video tạo xong: auto_20260825_231103_Học_Cách_Nói_KHÔNG_Mà_Không_Cảm_Thấy_Áy_.mp4
[2026-08-25 23:11:24] ✅ 
[4/5] 🌙 Tối 20h — discipline — Sức Mạnh Của Journaling — Viết Nhật Ký 10 Phút Mỗi Tối
[2026-08-25 23:11:24] 🔵 BUILD: Sức Mạnh Của Journaling — Viết Nhật Ký 10 Phút Mỗi Tối
[2026-08-25 23:11:24] ✅   Step 1: BG = bg_zen_evening.jpg
[2026-08-25 23:11:24] ✅   Step 2: TTS (vi-VN-NamMinhNeural)
[2026-08-25 23:11:35] ✅   Step 3: Audio EQ + Mix nhạc
[2026-08-25 23:11:35] ✅   Step 4: FFmpeg encode (11.7s)
[2026-08-25 23:11:39] ✅   ✅ OK: auto_20260825_231124_Sức_Mạnh_Của_Journaling___Viết_Nhật_Ký_1.mp4 (0.88MB)
[2026-08-25 23:11:39] ✅   ✅ Video tạo xong: auto_20260825_231124_Sức_Mạnh_Của_Journaling___Viết_Nhật_Ký_1.mp4
[2026-08-25 23:11:40] ✅ 
[5/5] ⭐ Đêm 21h30 — life_skills — First Impression — 7 Giây Đầu Quyết Định Mọi Thứ
[2026-08-25 23:11:40] 🔵 BUILD: First Impression — 7 Giây Đầu Quyết Định Mọi Thứ
[2026-08-25 23:11:40] ✅   Step 1: BG = bg_morning_deepwork.jpg
[2026-08-25 23:11:40] ✅   Step 2: TTS (vi-VN-HoaiMyNeural)
[2026-08-25 23:11:51] ✅   Step 3: Audio EQ + Mix nhạc
[2026-08-25 23:11:51] ✅   Step 4: FFmpeg encode (12.8s)
[2026-08-25 23:11:56] ✅   ✅ OK: auto_20260825_231140_First_Impression___7_Giây_Đầu_Quyết_Định.mp4 (0.65MB)
[2026-08-25 23:11:56] ✅   ✅ Video tạo xong: auto_20260825_231140_First_Impression___7_Giây_Đầu_Quyết_Định.mp4
[2026-08-25 23:11:57] ✅ 
=== Ngày 2026-08-16: Tạo 5/5 video thành công ===
[2026-08-25 23:11:57] ✅   📂 Xem video tại: /Users/abc/.gemini/antigravity/scratch/1995lido_youtube_management/output_manual
[2026-08-25 23:11:57] ✅   🌐 Review tại: http://localhost:8098
[2026-08-25 23:11:57] ✅   Nghỉ 10 giây trước khi tạo ngày tiếp...
[2026-08-25 23:12:07] ✅ === Bắt đầu tạo 5 video cho ngày 2026-08-17 ===
[2026-08-25 23:12:07] ✅ 
[1/5] 🌅 Sáng 8h — nikaya — Kinh Nikaya: Lối Sống Biết Đủ (SANTUTTHI) - Mở Khóa Bìn
[2026-08-25 23:12:07] 🔵 BUILD: Kinh Nikaya: Lối Sống Biết Đủ (SANTUTTHI) - Mở Khóa Bình An 
[2026-08-25 23:12:07] ✅   Step 1: BG = bg_morning_deepwork.jpg
[2026-08-25 23:12:07] ✅   Step 2: TTS (vi-VN-HoaiMyNeural)
[2026-08-25 23:12:18] ✅   Step 3: Audio EQ + Mix nhạc
[2026-08-25 23:12:18] ✅   Step 4: FFmpeg encode (22.6s)
[2026-08-25 23:12:24] ✅   ✅ OK: auto_20260825_231207_Kinh_Nikaya__Lối_Sống_Biết_Đủ__SANTUTTHI.mp4 (1.06MB)
[2026-08-25 23:12:24] ✅   ✅ Video tạo xong: auto_20260825_231207_Kinh_Nikaya__Lối_Sống_Biết_Đủ__SANTUTTHI.mp4
[2026-08-25 23:12:25] ✅ 
[2/5] ☀️ Trưa 11h — deep_work — Phương Pháp Deep Work Của Cal Newport — 1 Giờ Bằng 4 Gi
[2026-08-25 23:12:25] 🔵 BUILD: Phương Pháp Deep Work Của Cal Newport — 1 Giờ Bằng 4 Giờ
[2026-08-25 23:12:25] ✅   Step 1: BG = bg_animation_style.jpg
[2026-08-25 23:12:25] ✅   Step 2: TTS (vi-VN-NamMinhNeural)
[2026-08-25 23:12:26] ✅   Step 3: Audio EQ + Mix nhạc
[2026-08-25 23:12:27] ✅   Step 4: FFmpeg encode (12.6s)
[2026-08-25 23:12:31] ✅   ✅ OK: auto_20260825_231225_Phương_Pháp_Deep_Work_Của_Cal_Newport___.mp4 (0.90MB)
[2026-08-25 23:12:31] ✅   ✅ Video tạo xong: auto_20260825_231225_Phương_Pháp_Deep_Work_Của_Cal_Newport___.mp4
[2026-08-25 23:12:32] ✅ 
[3/5] 🌆 Chiều 18h — healing — Kỹ Thuật 5-4-3-2-1 Chặn Cơn Lo Âu Trong 60 Giây
[2026-08-25 23:12:32] 🔵 BUILD: Kỹ Thuật 5-4-3-2-1 Chặn Cơn Lo Âu Trong 60 Giây
[2026-08-25 23:12:32] ✅   Step 1: BG = bg_healing_noon.jpg
[2026-08-25 23:12:32] ✅   Step 2: TTS (vi-VN-HoaiMyNeural)
[2026-08-25 23:12:33] ✅   Step 3: Audio EQ + Mix nhạc
[2026-08-25 23:12:33] ✅   Step 4: FFmpeg encode (13.8s)
[2026-08-25 23:12:38] ✅   ✅ OK: auto_20260825_231232_Kỹ_Thuật_5_4_3_2_1_Chặn_Cơn_Lo_Âu_Trong_.mp4 (0.90MB)
[2026-08-25 23:12:38] ✅   ✅ Video tạo xong: auto_20260825_231232_Kỹ_Thuật_5_4_3_2_1_Chặn_Cơn_Lo_Âu_Trong_.mp4
[2026-08-25 23:12:39] ✅ 
[4/5] 🌙 Tối 20h — discipline — Sức Mạnh Của Journaling — Viết Nhật Ký 10 Phút Mỗi Tối
[2026-08-25 23:12:39] 🔵 BUILD: Sức Mạnh Của Journaling — Viết Nhật Ký 10 Phút Mỗi Tối
[2026-08-25 23:12:39] ✅   Step 1: BG = bg_zen_evening.jpg
[2026-08-25 23:12:39] ✅   Step 2: TTS (vi-VN-NamMinhNeural)
[2026-08-25 23:12:40] ✅   Step 3: Audio EQ + Mix nhạc
[2026-08-25 23:12:40] ✅   Step 4: FFmpeg encode (11.7s)
[2026-08-25 23:12:44] ✅   ✅ OK: auto_20260825_231239_Sức_Mạnh_Của_Journaling___Viết_Nhật_Ký_1.mp4 (0.88MB)
[2026-08-25 23:12:44] ✅   ✅ Video tạo xong: auto_20260825_231239_Sức_Mạnh_Của_Journaling___Viết_Nhật_Ký_1.mp4
[2026-08-25 23:12:45] ✅ 
[5/5] ⭐ Đêm 21h30 — life_skills — Tại Sao Người Ít Nói Lại Thường Được Tin Tưởng Hơn
[2026-08-25 23:12:45] 🔵 BUILD: Tại Sao Người Ít Nói Lại Thường Được Tin Tưởng Hơn
[2026-08-25 23:12:45] ✅   Step 1: BG = bg_morning_deepwork.jpg
[2026-08-25 23:12:45] ✅   Step 2: TTS (vi-VN-HoaiMyNeural)
[2026-08-25 23:12:46] ✅   Step 3: Audio EQ + Mix nhạc
[2026-08-25 23:12:46] ✅   Step 4: FFmpeg encode (12.5s)
[2026-08-25 23:12:50] ✅   ✅ OK: auto_20260825_231245_Tại_Sao_Người_Ít_Nói_Lại_Thường_Được_Tin.mp4 (0.65MB)
[2026-08-25 23:12:50] ✅   ✅ Video tạo xong: auto_20260825_231245_Tại_Sao_Người_Ít_Nói_Lại_Thường_Được_Tin.mp4
[2026-08-25 23:12:51] ✅ 
=== Ngày 2026-08-17: Tạo 5/5 video thành công ===
[2026-08-25 23:12:51] ✅   📂 Xem video tại: /Users/abc/.gemini/antigravity/scratch/1995lido_youtube_management/output_manual
[2026-08-25 23:12:51] ✅   🌐 Review tại: http://localhost:8098
[2026-08-25 23:12:51] ✅   Nghỉ 10 giây trước khi tạo ngày tiếp...
[2026-08-25 23:13:01] ✅ === Bắt đầu tạo 5 video cho ngày 2026-08-18 ===
[2026-08-25 23:13:01] ✅ 
[1/5] 🌅 Sáng 8h — nikaya — Kinh Nikaya: Tâm Xả Vô Lượng (UPEKKHA) - Đứng Vững Trướ
[2026-08-25 23:13:01] 🔵 BUILD: Kinh Nikaya: Tâm Xả Vô Lượng (UPEKKHA) - Đứng Vững Trước Són
[2026-08-25 23:13:01] ✅   Step 1: BG = bg_healing_noon.jpg
[2026-08-25 23:13:01] ✅   Step 2: TTS (vi-VN-HoaiMyNeural)
[2026-08-25 23:13:20] ✅   Step 3: Audio EQ + Mix nhạc
[2026-08-25 23:13:20] ✅   Step 4: FFmpeg encode (17.6s)
[2026-08-25 23:13:26] ✅   ✅ OK: auto_20260825_231301_Kinh_Nikaya__Tâm_Xả_Vô_Lượng__UPEKKHA___.mp4 (1.36MB)
[2026-08-25 23:13:26] ✅   ✅ Video tạo xong: auto_20260825_231301_Kinh_Nikaya__Tâm_Xả_Vô_Lượng__UPEKKHA___.mp4
[2026-08-25 23:13:27] ✅ 
[2/5] ☀️ Trưa 11h — deep_work — Ma Trận Eisenhower — Phân Loại Công Việc Để Làm Đúng Vi
[2026-08-25 23:13:27] 🔵 BUILD: Ma Trận Eisenhower — Phân Loại Công Việc Để Làm Đúng Việc
[2026-08-25 23:13:27] ✅   Step 1: BG = bg_zen_evening.jpg
[2026-08-25 23:13:27] ✅   Step 2: TTS (vi-VN-NamMinhNeural)
[2026-08-25 23:13:28] ✅   Step 3: Audio EQ + Mix nhạc
[2026-08-25 23:13:28] ✅   Step 4: FFmpeg encode (13.9s)
[2026-08-25 23:13:33] ✅   ✅ OK: auto_20260825_231327_Ma_Trận_Eisenhower___Phân_Loại_Công_Việc.mp4 (0.91MB)
[2026-08-25 23:13:33] ✅   ✅ Video tạo xong: auto_20260825_231327_Ma_Trận_Eisenhower___Phân_Loại_Công_Việc.mp4
[2026-08-25 23:13:34] ✅ 
[3/5] 🌆 Chiều 18h — healing — Kỹ Thuật 5-4-3-2-1 Chặn Cơn Lo Âu Trong 60 Giây
[2026-08-25 23:13:34] 🔵 BUILD: Kỹ Thuật 5-4-3-2-1 Chặn Cơn Lo Âu Trong 60 Giây
[2026-08-25 23:13:34] ✅   Step 1: BG = bg_animation_style.jpg
[2026-08-25 23:13:34] ✅   Step 2: TTS (vi-VN-HoaiMyNeural)
[2026-08-25 23:13:35] ✅   Step 3: Audio EQ + Mix nhạc
[2026-08-25 23:13:35] ✅   Step 4: FFmpeg encode (13.8s)
[2026-08-25 23:13:40] ✅   ✅ OK: auto_20260825_231334_Kỹ_Thuật_5_4_3_2_1_Chặn_Cơn_Lo_Âu_Trong_.mp4 (0.90MB)
[2026-08-25 23:13:40] ✅   ✅ Video tạo xong: auto_20260825_231334_Kỹ_Thuật_5_4_3_2_1_Chặn_Cơn_Lo_Âu_Trong_.mp4
[2026-08-25 23:13:41] ✅ 
[4/5] 🌙 Tối 20h — discipline — Tại Sao Kỷ Luật Quan Trọng Hơn Cảm Hứng 100 Lần
[2026-08-25 23:13:41] 🔵 BUILD: Tại Sao Kỷ Luật Quan Trọng Hơn Cảm Hứng 100 Lần
[2026-08-25 23:13:41] ✅   Step 1: BG = bg_morning_deepwork.jpg
[2026-08-25 23:13:41] ✅   Step 2: TTS (vi-VN-NamMinhNeural)
[2026-08-25 23:13:42] ✅   Step 3: Audio EQ + Mix nhạc
[2026-08-25 23:13:43] ✅   Step 4: FFmpeg encode (12.4s)
[2026-08-25 23:13:46] ✅   ✅ OK: auto_20260825_231341_Tại_Sao_Kỷ_Luật_Quan_Trọng_Hơn_Cảm_Hứng_.mp4 (0.65MB)
[2026-08-25 23:13:46] ✅   ✅ Video tạo xong: auto_20260825_231341_Tại_Sao_Kỷ_Luật_Quan_Trọng_Hơn_Cảm_Hứng_.mp4
[2026-08-25 23:13:47] ✅ 
[5/5] ⭐ Đêm 21h30 — life_skills — Tại Sao Người Ít Nói Lại Thường Được Tin Tưởng Hơn
[2026-08-25 23:13:47] 🔵 BUILD: Tại Sao Người Ít Nói Lại Thường Được Tin Tưởng Hơn
[2026-08-25 23:13:47] ✅   Step 1: BG = bg_healing_noon.jpg
[2026-08-25 23:13:47] ✅   Step 2: TTS (vi-VN-HoaiMyNeural)
[2026-08-25 23:13:48] ✅   Step 3: Audio EQ + Mix nhạc
[2026-08-25 23:13:48] ✅   Step 4: FFmpeg encode (12.5s)
[2026-08-25 23:13:52] ✅   ✅ OK: auto_20260825_231347_Tại_Sao_Người_Ít_Nói_Lại_Thường_Được_Tin.mp4 (0.88MB)
[2026-08-25 23:13:52] ✅   ✅ Video tạo xong: auto_20260825_231347_Tại_Sao_Người_Ít_Nói_Lại_Thường_Được_Tin.mp4
[2026-08-25 23:13:53] ✅ 
=== Ngày 2026-08-18: Tạo 5/5 video thành công ===
[2026-08-25 23:13:53] ✅   📂 Xem video tại: /Users/abc/.gemini/antigravity/scratch/1995lido_youtube_management/output_manual
[2026-08-25 23:13:53] ✅   🌐 Review tại: http://localhost:8098
[2026-08-25 23:13:53] ✅   Nghỉ 10 giây trước khi tạo ngày tiếp...
[2026-08-25 23:14:03] ✅ === Bắt đầu tạo 5 video cho ngày 2026-08-19 ===
[2026-08-25 23:14:03] ✅ 
[1/5] 🌅 Sáng 8h — nikaya — Kinh Nikaya: Chánh Niệm Hơi Thở (ANAPANASATI) - Trở Về 
[2026-08-25 23:14:03] 🔵 BUILD: Kinh Nikaya: Chánh Niệm Hơi Thở (ANAPANASATI) - Trở Về Hiện 
[2026-08-25 23:14:03] ✅   Step 1: BG = bg_animation_style.jpg
[2026-08-25 23:14:03] ✅   Step 2: TTS (vi-VN-HoaiMyNeural)
[2026-08-25 23:14:04] ✅   Step 3: Audio EQ + Mix nhạc
[2026-08-25 23:14:05] ✅   Step 4: FFmpeg encode (21.8s)
[2026-08-25 23:14:10] ✅   ✅ OK: auto_20260825_231403_Kinh_Nikaya__Chánh_Niệm_Hơi_Thở__ANAPANA.mp4 (1.42MB)
[2026-08-25 23:14:10] ✅   ✅ Video tạo xong: auto_20260825_231403_Kinh_Nikaya__Chánh_Niệm_Hơi_Thở__ANAPANA.mp4
[2026-08-25 23:14:11] ✅ 
[2/5] ☀️ Trưa 11h — deep_work — Kỹ Thuật Time Boxing Nâng Cao — Làm Chủ 1 Ngày Không Xa
[2026-08-25 23:14:11] 🔵 BUILD: Kỹ Thuật Time Boxing Nâng Cao — Làm Chủ 1 Ngày Không Xao Nhã
[2026-08-25 23:14:11] ✅   Step 1: BG = bg_morning_deepwork.jpg
[2026-08-25 23:14:11] ✅   Step 2: TTS (vi-VN-NamMinhNeural)
[2026-08-25 23:14:24] ✅   Step 3: Audio EQ + Mix nhạc
[2026-08-25 23:14:24] ✅   Step 4: FFmpeg encode (14.2s)
[2026-08-25 23:14:28] ✅   ✅ OK: auto_20260825_231411_Kỹ_Thuật_Time_Boxing_Nâng_Cao___Làm_Chủ_.mp4 (0.68MB)
[2026-08-25 23:14:28] ✅   ✅ Video tạo xong: auto_20260825_231411_Kỹ_Thuật_Time_Boxing_Nâng_Cao___Làm_Chủ_.mp4
[2026-08-25 23:14:29] ✅ 
[3/5] 🌆 Chiều 18h — healing — Khi Sự Nhiệt Huyết Biến Mất — Vượt Qua Tê Liệt Cảm Xúc
[2026-08-25 23:14:29] 🔵 BUILD: Khi Sự Nhiệt Huyết Biến Mất — Vượt Qua Tê Liệt Cảm Xúc
[2026-08-25 23:14:29] ✅   Step 1: BG = bg_zen_evening.jpg
[2026-08-25 23:14:29] ✅   Step 2: TTS (vi-VN-HoaiMyNeural)
[2026-08-25 23:14:39] ✅   Step 3: Audio EQ + Mix nhạc
[2026-08-25 23:14:39] ✅   Step 4: FFmpeg encode (12.3s)
[2026-08-25 23:14:43] ✅   ✅ OK: auto_20260825_231429_Khi_Sự_Nhiệt_Huyết_Biến_Mất___Vượt_Qua_T.mp4 (0.89MB)
[2026-08-25 23:14:43] ✅   ✅ Video tạo xong: auto_20260825_231429_Khi_Sự_Nhiệt_Huyết_Biến_Mất___Vượt_Qua_T.mp4
[2026-08-25 23:14:45] ✅ 
[4/5] 🌙 Tối 20h — discipline — Cách Xây Dựng Buổi Sáng 30 Phút Thay Đổi Cả Đời
[2026-08-25 23:14:45] 🔵 BUILD: Cách Xây Dựng Buổi Sáng 30 Phút Thay Đổi Cả Đời
[2026-08-25 23:14:45] ✅   Step 1: BG = bg_healing_noon.jpg
[2026-08-25 23:14:45] ✅   Step 2: TTS (vi-VN-NamMinhNeural)
[2026-08-25 23:14:46] ✅   Step 3: Audio EQ + Mix nhạc
[2026-08-25 23:14:46] ✅   Step 4: FFmpeg encode (13.1s)
[2026-08-25 23:14:50] ✅   ✅ OK: auto_20260825_231445_Cách_Xây_Dựng_Buổi_Sáng_30_Phút_Thay_Đổi.mp4 (0.89MB)
[2026-08-25 23:14:50] ✅   ✅ Video tạo xong: auto_20260825_231445_Cách_Xây_Dựng_Buổi_Sáng_30_Phút_Thay_Đổi.mp4
[2026-08-25 23:14:51] ✅ 
[5/5] ⭐ Đêm 21h30 — life_skills — Nghệ Thuật Lắng Nghe Chủ Động — Kỹ Năng Hiếm Người Có
[2026-08-25 23:14:51] 🔵 BUILD: Nghệ Thuật Lắng Nghe Chủ Động — Kỹ Năng Hiếm Người Có
[2026-08-25 23:14:51] ✅   Step 1: BG = bg_animation_style.jpg
[2026-08-25 23:14:51] ✅   Step 2: TTS (vi-VN-HoaiMyNeural)
[2026-08-25 23:14:53] ✅   Step 3: Audio EQ + Mix nhạc
[2026-08-25 23:14:53] ✅   Step 4: FFmpeg encode (12.7s)
[2026-08-25 23:14:57] ✅   ✅ OK: auto_20260825_231451_Nghệ_Thuật_Lắng_Nghe_Chủ_Động___Kỹ_Năng_.mp4 (0.89MB)
[2026-08-25 23:14:57] ✅   ✅ Video tạo xong: auto_20260825_231451_Nghệ_Thuật_Lắng_Nghe_Chủ_Động___Kỹ_Năng_.mp4
[2026-08-25 23:14:58] ✅ 
=== Ngày 2026-08-19: Tạo 5/5 video thành công ===
[2026-08-25 23:14:58] ✅   📂 Xem video tại: /Users/abc/.gemini/antigravity/scratch/1995lido_youtube_management/output_manual
[2026-08-25 23:14:58] ✅   🌐 Review tại: http://localhost:8098
[2026-08-25 23:14:58] ✅   Nghỉ 10 giây trước khi tạo ngày tiếp...
[2026-08-25 23:15:08] ✅ === Bắt đầu tạo 5 video cho ngày 2026-08-20 ===
[2026-08-25 23:15:08] ✅ 
[1/5] 🌅 Sáng 8h — nikaya — Kinh Nikaya: Quán Thân Trên Thân (KAYANUPASSANA) - Giải
[2026-08-25 23:15:08] 🔵 BUILD: Kinh Nikaya: Quán Thân Trên Thân (KAYANUPASSANA) - Giải Tỏa 
[2026-08-25 23:15:08] ✅   Step 1: BG = bg_morning_deepwork.jpg
[2026-08-25 23:15:08] ✅   Step 2: TTS (vi-VN-HoaiMyNeural)
[2026-08-25 23:15:21] ✅   Step 3: Audio EQ + Mix nhạc
[2026-08-25 23:15:22] ✅   Step 4: FFmpeg encode (18.6s)
[2026-08-25 23:15:28] ✅   ✅ OK: auto_20260825_231508_Kinh_Nikaya__Quán_Thân_Trên_Thân__KAYANU.mp4 (1.01MB)
[2026-08-25 23:15:28] ✅   ✅ Video tạo xong: auto_20260825_231508_Kinh_Nikaya__Quán_Thân_Trên_Thân__KAYANU.mp4
[2026-08-25 23:15:29] ✅ 
[2/5] ☀️ Trưa 11h — deep_work — Ma Trận Eisenhower — Phân Loại Công Việc Để Làm Đúng Vi
[2026-08-25 23:15:29] 🔵 BUILD: Ma Trận Eisenhower — Phân Loại Công Việc Để Làm Đúng Việc
[2026-08-25 23:15:29] ✅   Step 1: BG = bg_zen_evening.jpg
[2026-08-25 23:15:29] ✅   Step 2: TTS (vi-VN-NamMinhNeural)
[2026-08-25 23:15:30] ✅   Step 3: Audio EQ + Mix nhạc
[2026-08-25 23:15:31] ✅   Step 4: FFmpeg encode (13.9s)
[2026-08-25 23:15:36] ✅   ✅ OK: auto_20260825_231529_Ma_Trận_Eisenhower___Phân_Loại_Công_Việc.mp4 (0.91MB)
[2026-08-25 23:15:36] ✅   ✅ Video tạo xong: auto_20260825_231529_Ma_Trận_Eisenhower___Phân_Loại_Công_Việc.mp4
[2026-08-25 23:15:37] ✅ 
[3/5] 🌆 Chiều 18h — healing — Nghệ Thuật Buông Bỏ Kỳ Vọng — Giải Tỏa Áp Lực So Sánh
[2026-08-25 23:15:37] 🔵 BUILD: Nghệ Thuật Buông Bỏ Kỳ Vọng — Giải Tỏa Áp Lực So Sánh
[2026-08-25 23:15:37] ✅   Step 1: BG = bg_animation_style.jpg
[2026-08-25 23:15:38] ✅   Step 2: TTS (vi-VN-HoaiMyNeural)
[2026-08-25 23:15:39] ✅   Step 3: Audio EQ + Mix nhạc
[2026-08-25 23:15:39] ✅   Step 4: FFmpeg encode (11.4s)
[2026-08-25 23:15:44] ✅   ✅ OK: auto_20260825_231537_Nghệ_Thuật_Buông_Bỏ_Kỳ_Vọng___Giải_Tỏa_Á.mp4 (0.88MB)
[2026-08-25 23:15:44] ✅   ✅ Video tạo xong: auto_20260825_231537_Nghệ_Thuật_Buông_Bỏ_Kỳ_Vọng___Giải_Tỏa_Á.mp4
[2026-08-25 23:15:45] ✅ 
[4/5] 🌙 Tối 20h — discipline — Atomic Habits — Thay Đổi 1% Mỗi Ngày Để Tạo Bước Nhảy V
[2026-08-25 23:15:45] 🔵 BUILD: Atomic Habits — Thay Đổi 1% Mỗi Ngày Để Tạo Bước Nhảy Vọt
[2026-08-25 23:15:45] ✅   Step 1: BG = bg_healing_noon.jpg
[2026-08-25 23:15:45] ✅   Step 2: TTS (vi-VN-NamMinhNeural)
[2026-08-25 23:15:47] ✅   Step 3: Audio EQ + Mix nhạc
[2026-08-25 23:15:47] ✅   Step 4: FFmpeg encode (13.1s)
[2026-08-25 23:15:52] ✅   ✅ OK: auto_20260825_231545_Atomic_Habits___Thay_Đổi_1__Mỗi_Ngày_Để_.mp4 (0.90MB)
[2026-08-25 23:15:52] ✅   ✅ Video tạo xong: auto_20260825_231545_Atomic_Habits___Thay_Đổi_1__Mỗi_Ngày_Để_.mp4
[2026-08-25 23:15:53] ✅ 
[5/5] ⭐ Đêm 21h30 — life_skills — Tại Sao Người Ít Nói Lại Thường Được Tin Tưởng Hơn
[2026-08-25 23:15:53] 🔵 BUILD: Tại Sao Người Ít Nói Lại Thường Được Tin Tưởng Hơn
[2026-08-25 23:15:53] ✅   Step 1: BG = bg_morning_deepwork.jpg
[2026-08-25 23:15:53] ✅   Step 2: TTS (vi-VN-HoaiMyNeural)
[2026-08-25 23:15:54] ✅   Step 3: Audio EQ + Mix nhạc
[2026-08-25 23:15:54] ✅   Step 4: FFmpeg encode (12.5s)
[2026-08-25 23:15:58] ✅   ✅ OK: auto_20260825_231553_Tại_Sao_Người_Ít_Nói_Lại_Thường_Được_Tin.mp4 (0.65MB)
[2026-08-25 23:15:58] ✅   ✅ Video tạo xong: auto_20260825_231553_Tại_Sao_Người_Ít_Nói_Lại_Thường_Được_Tin.mp4
[2026-08-25 23:15:59] ✅ 
=== Ngày 2026-08-20: Tạo 5/5 video thành công ===
[2026-08-25 23:15:59] ✅   📂 Xem video tại: /Users/abc/.gemini/antigravity/scratch/1995lido_youtube_management/output_manual
[2026-08-25 23:15:59] ✅   🌐 Review tại: http://localhost:8098
[2026-08-25 23:15:59] ✅   Nghỉ 10 giây trước khi tạo ngày tiếp...
[2026-08-25 23:16:10] ✅ === Bắt đầu tạo 5 video cho ngày 2026-08-21 ===
[2026-08-25 23:16:10] ✅ 
[1/5] 🌅 Sáng 8h — nikaya — Kinh Nikaya: Học Cách Dừng Lại (SAMATHA) Khi Tâm Trí Qu
[2026-08-25 23:16:10] 🔵 BUILD: Kinh Nikaya: Học Cách Dừng Lại (SAMATHA) Khi Tâm Trí Quá Tải
[2026-08-25 23:16:10] ✅   Step 1: BG = bg_zen_evening.jpg
[2026-08-25 23:16:10] ✅   Step 2: TTS (vi-VN-HoaiMyNeural)
[2026-08-25 23:16:12] ✅   Step 3: Audio EQ + Mix nhạc
[2026-08-25 23:16:12] ✅   Step 4: FFmpeg encode (17.5s)
[2026-08-25 23:16:22] ✅   ✅ OK: auto_20260825_231610_Kinh_Nikaya__Học_Cách_Dừng_Lại__SAMATHA_.mp4 (1.36MB)
[2026-08-25 23:16:22] ✅   ✅ Video tạo xong: auto_20260825_231610_Kinh_Nikaya__Học_Cách_Dừng_Lại__SAMATHA_.mp4
[2026-08-25 23:16:23] ✅ 
[2/5] ☀️ Trưa 11h — deep_work — Tại Sao Người Thành Công Thức Dậy Sớm Hơn Bạn 1 Tiếng
[2026-08-25 23:16:23] 🔵 BUILD: Tại Sao Người Thành Công Thức Dậy Sớm Hơn Bạn 1 Tiếng
[2026-08-25 23:16:23] ✅   Step 1: BG = bg_morning_deepwork.jpg
[2026-08-25 23:16:23] ✅   Step 2: TTS (vi-VN-NamMinhNeural)
[2026-08-25 23:16:26] ✅   Step 3: Audio EQ + Mix nhạc
[2026-08-25 23:16:26] ✅   Step 4: FFmpeg encode (11.9s)
[2026-08-25 23:16:37] ✅   ✅ OK: auto_20260825_231623_Tại_Sao_Người_Thành_Công_Thức_Dậy_Sớm_Hơ.mp4 (0.65MB)
[2026-08-25 23:16:37] ✅   ✅ Video tạo xong: auto_20260825_231623_Tại_Sao_Người_Thành_Công_Thức_Dậy_Sớm_Hơ.mp4
[2026-08-25 23:16:38] ✅ 
[3/5] 🌆 Chiều 18h — healing — Nghệ Thuật Buông Bỏ Kỳ Vọng — Giải Tỏa Áp Lực So Sánh
[2026-08-25 23:16:38] 🔵 BUILD: Nghệ Thuật Buông Bỏ Kỳ Vọng — Giải Tỏa Áp Lực So Sánh
[2026-08-25 23:16:38] ✅   Step 1: BG = bg_animation_style.jpg
[2026-08-25 23:16:38] ✅   Step 2: TTS (vi-VN-HoaiMyNeural)
[2026-08-25 23:16:40] ✅   Step 3: Audio EQ + Mix nhạc
[2026-08-25 23:16:41] ✅   Step 4: FFmpeg encode (11.4s)
[2026-08-25 23:16:54] ✅   ✅ OK: auto_20260825_231638_Nghệ_Thuật_Buông_Bỏ_Kỳ_Vọng___Giải_Tỏa_Á.mp4 (0.88MB)
[2026-08-25 23:16:54] ✅   ✅ Video tạo xong: auto_20260825_231638_Nghệ_Thuật_Buông_Bỏ_Kỳ_Vọng___Giải_Tỏa_Á.mp4
[2026-08-25 23:16:55] ✅ 
[4/5] 🌙 Tối 20h — discipline — Cách Xây Dựng Buổi Sáng 30 Phút Thay Đổi Cả Đời
[2026-08-25 23:16:55] 🔵 BUILD: Cách Xây Dựng Buổi Sáng 30 Phút Thay Đổi Cả Đời
[2026-08-25 23:16:55] ✅   Step 1: BG = bg_healing_noon.jpg
[2026-08-25 23:16:55] ✅   Step 2: TTS (vi-VN-NamMinhNeural)
[2026-08-25 23:16:57] ✅   Step 3: Audio EQ + Mix nhạc
[2026-08-25 23:16:58] ✅   Step 4: FFmpeg encode (13.1s)
[2026-08-25 23:17:08] ✅   ✅ OK: auto_20260825_231655_Cách_Xây_Dựng_Buổi_Sáng_30_Phút_Thay_Đổi.mp4 (0.89MB)
[2026-08-25 23:17:08] ✅   ✅ Video tạo xong: auto_20260825_231655_Cách_Xây_Dựng_Buổi_Sáng_30_Phút_Thay_Đổi.mp4
[2026-08-25 23:17:09] ✅ 
[5/5] ⭐ Đêm 21h30 — life_skills — Nghệ Thuật Lắng Nghe Chủ Động — Kỹ Năng Hiếm Người Có
[2026-08-25 23:17:09] 🔵 BUILD: Nghệ Thuật Lắng Nghe Chủ Động — Kỹ Năng Hiếm Người Có
[2026-08-25 23:17:09] ✅   Step 1: BG = bg_zen_evening.jpg
[2026-08-25 23:17:09] ✅   Step 2: TTS (vi-VN-HoaiMyNeural)
[2026-08-25 23:17:11] ✅   Step 3: Audio EQ + Mix nhạc
[2026-08-25 23:17:12] ✅   Step 4: FFmpeg encode (12.7s)
[2026-08-25 23:17:21] ✅   ✅ OK: auto_20260825_231709_Nghệ_Thuật_Lắng_Nghe_Chủ_Động___Kỹ_Năng_.mp4 (0.90MB)
[2026-08-25 23:17:21] ✅   ✅ Video tạo xong: auto_20260825_231709_Nghệ_Thuật_Lắng_Nghe_Chủ_Động___Kỹ_Năng_.mp4
[2026-08-25 23:17:22] ✅ 
=== Ngày 2026-08-21: Tạo 5/5 video thành công ===
[2026-08-25 23:17:22] ✅   📂 Xem video tại: /Users/abc/.gemini/antigravity/scratch/1995lido_youtube_management/output_manual
[2026-08-25 23:17:22] ✅   🌐 Review tại: http://localhost:8098
[2026-08-25 23:17:22] ✅   Nghỉ 10 giây trước khi tạo ngày tiếp...
[2026-08-25 23:17:32] ✅ === Bắt đầu tạo 5 video cho ngày 2026-08-22 ===
[2026-08-25 23:17:32] ✅ 
[1/5] 🌅 Sáng 8h — nikaya — Kinh Nikaya: Buông Bỏ Lòng Tham Dục (LOBHA) Để Nhẹ Nhõm
[2026-08-25 23:17:32] 🔵 BUILD: Kinh Nikaya: Buông Bỏ Lòng Tham Dục (LOBHA) Để Nhẹ Nhõm Tâm 
[2026-08-25 23:17:32] ✅   Step 1: BG = bg_healing_noon.jpg
[2026-08-25 23:17:33] ✅   Step 2: TTS (vi-VN-HoaiMyNeural)
[2026-08-25 23:17:35] ✅   Step 3: Audio EQ + Mix nhạc
[2026-08-25 23:17:35] ✅   Step 4: FFmpeg encode (17.7s)
[2026-08-25 23:17:42] ✅   ✅ OK: auto_20260825_231732_Kinh_Nikaya__Buông_Bỏ_Lòng_Tham_Dục__LOB.mp4 (1.36MB)
[2026-08-25 23:17:42] ✅   ✅ Video tạo xong: auto_20260825_231732_Kinh_Nikaya__Buông_Bỏ_Lòng_Tham_Dục__LOB.mp4
[2026-08-25 23:17:43] ✅ 
[2/5] ☀️ Trưa 11h — deep_work — Quy Tắc 2 Phút Đánh Bại Sự Trì Hoãn Ngay Lập Tức
[2026-08-25 23:17:43] 🔵 BUILD: Quy Tắc 2 Phút Đánh Bại Sự Trì Hoãn Ngay Lập Tức
[2026-08-25 23:17:43] ✅   Step 1: BG = bg_animation_style.jpg
[2026-08-25 23:17:43] ✅   Step 2: TTS (vi-VN-NamMinhNeural)
[2026-08-25 23:17:46] ✅   Step 3: Audio EQ + Mix nhạc
[2026-08-25 23:17:46] ✅   Step 4: FFmpeg encode (11.4s)
[2026-08-25 23:17:55] ✅   ✅ OK: auto_20260825_231743_Quy_Tắc_2_Phút_Đánh_Bại_Sự_Trì_Hoãn_Ngay.mp4 (0.88MB)
[2026-08-25 23:17:55] ✅   ✅ Video tạo xong: auto_20260825_231743_Quy_Tắc_2_Phút_Đánh_Bại_Sự_Trì_Hoãn_Ngay.mp4
[2026-08-25 23:17:56] ✅ 
[3/5] 🌆 Chiều 18h — healing — 5 Dấu Hiệu Bạn Đang Burnout — Nhận Ra Trước Khi Quá Muộ
[2026-08-25 23:17:56] 🔵 BUILD: 5 Dấu Hiệu Bạn Đang Burnout — Nhận Ra Trước Khi Quá Muộn
[2026-08-25 23:17:56] ✅   Step 1: BG = bg_morning_deepwork.jpg
[2026-08-25 23:17:56] ✅   Step 2: TTS (vi-VN-HoaiMyNeural)
[2026-08-25 23:17:58] ✅   Step 3: Audio EQ + Mix nhạc
[2026-08-25 23:17:59] ✅   Step 4: FFmpeg encode (14.0s)
[2026-08-25 23:18:12] ✅   ✅ OK: auto_20260825_231756_5_Dấu_Hiệu_Bạn_Đang_Burnout___Nhận_Ra_Tr.mp4 (0.67MB)
[2026-08-25 23:18:12] ✅   ✅ Video tạo xong: auto_20260825_231756_5_Dấu_Hiệu_Bạn_Đang_Burnout___Nhận_Ra_Tr.mp4
[2026-08-25 23:18:13] ✅ 
[4/5] 🌙 Tối 20h — discipline — Sức Mạnh Của Journaling — Viết Nhật Ký 10 Phút Mỗi Tối
[2026-08-25 23:18:13] 🔵 BUILD: Sức Mạnh Của Journaling — Viết Nhật Ký 10 Phút Mỗi Tối
[2026-08-25 23:18:13] ✅   Step 1: BG = bg_zen_evening.jpg
[2026-08-25 23:18:13] ✅   Step 2: TTS (vi-VN-NamMinhNeural)
[2026-08-25 23:18:16] ✅   Step 3: Audio EQ + Mix nhạc
[2026-08-25 23:18:17] ✅   Step 4: FFmpeg encode (11.7s)
[2026-08-25 23:18:33] ✅   ✅ OK: auto_20260825_231813_Sức_Mạnh_Của_Journaling___Viết_Nhật_Ký_1.mp4 (0.88MB)
[2026-08-25 23:18:33] ✅   ✅ Video tạo xong: auto_20260825_231813_Sức_Mạnh_Của_Journaling___Viết_Nhật_Ký_1.mp4
[2026-08-25 23:18:34] ✅ 
[5/5] ⭐ Đêm 21h30 — life_skills — Tại Sao Người Ít Nói Lại Thường Được Tin Tưởng Hơn
[2026-08-25 23:18:34] 🔵 BUILD: Tại Sao Người Ít Nói Lại Thường Được Tin Tưởng Hơn
[2026-08-25 23:18:34] ✅   Step 1: BG = bg_healing_noon.jpg
[2026-08-25 23:18:34] ✅   Step 2: TTS (vi-VN-HoaiMyNeural)
[2026-08-25 23:18:38] ✅   Step 3: Audio EQ + Mix nhạc
[2026-08-25 23:18:39] ✅   Step 4: FFmpeg encode (12.5s)
[2026-08-25 23:18:53] ✅   ✅ OK: auto_20260825_231834_Tại_Sao_Người_Ít_Nói_Lại_Thường_Được_Tin.mp4 (0.88MB)
[2026-08-25 23:18:53] ✅   ✅ Video tạo xong: auto_20260825_231834_Tại_Sao_Người_Ít_Nói_Lại_Thường_Được_Tin.mp4
[2026-08-25 23:18:54] ✅ 
=== Ngày 2026-08-22: Tạo 5/5 video thành công ===
[2026-08-25 23:18:54] ✅   📂 Xem video tại: /Users/abc/.gemini/antigravity/scratch/1995lido_youtube_management/output_manual
[2026-08-25 23:18:54] ✅   🌐 Review tại: http://localhost:8098
[2026-08-25 23:18:54] ✅   Nghỉ 10 giây trước khi tạo ngày tiếp...
[2026-08-25 23:19:04] ✅ === Bắt đầu tạo 5 video cho ngày 2026-08-23 ===
[2026-08-25 23:19:04] ✅ 
[1/5] 🌅 Sáng 8h — nikaya — Kinh Nikaya: Chánh Niệm Hơi Thở (ANAPANASATI) - Trở Về 
[2026-08-25 23:19:04] 🔵 BUILD: Kinh Nikaya: Chánh Niệm Hơi Thở (ANAPANASATI) - Trở Về Hiện 
[2026-08-25 23:19:04] ✅   Step 1: BG = bg_morning_deepwork.jpg
[2026-08-25 23:19:04] ✅   Step 2: TTS (vi-VN-HoaiMyNeural)
[2026-08-25 23:19:06] ✅   Step 3: Audio EQ + Mix nhạc
[2026-08-25 23:19:06] ✅   Step 4: FFmpeg encode (21.8s)
[2026-08-25 23:19:14] ✅   ✅ OK: auto_20260825_231904_Kinh_Nikaya__Chánh_Niệm_Hơi_Thở__ANAPANA.mp4 (1.05MB)
[2026-08-25 23:19:14] ✅   ✅ Video tạo xong: auto_20260825_231904_Kinh_Nikaya__Chánh_Niệm_Hơi_Thở__ANAPANA.mp4
[2026-08-25 23:19:15] ✅ 
[2/5] ☀️ Trưa 11h — deep_work — Tại Sao Bạn Mệt Dù Không Làm Gì — Decision Fatigue
[2026-08-25 23:19:15] 🔵 BUILD: Tại Sao Bạn Mệt Dù Không Làm Gì — Decision Fatigue
[2026-08-25 23:19:15] ✅   Step 1: BG = bg_healing_noon.jpg
[2026-08-25 23:19:15] ✅   Step 2: TTS (vi-VN-NamMinhNeural)
[2026-08-25 23:19:17] ✅   Step 3: Audio EQ + Mix nhạc
[2026-08-25 23:19:17] ✅   Step 4: FFmpeg encode (12.1s)
[2026-08-25 23:19:23] ✅   ✅ OK: auto_20260825_231915_Tại_Sao_Bạn_Mệt_Dù_Không_Làm_Gì___Decisi.mp4 (0.88MB)
[2026-08-25 23:19:23] ✅   ✅ Video tạo xong: auto_20260825_231915_Tại_Sao_Bạn_Mệt_Dù_Không_Làm_Gì___Decisi.mp4
[2026-08-25 23:19:24] ✅ 
[3/5] 🌆 Chiều 18h — healing — Học Cách Nói KHÔNG Mà Không Cảm Thấy Áy Nấy
[2026-08-25 23:19:24] 🔵 BUILD: Học Cách Nói KHÔNG Mà Không Cảm Thấy Áy Nấy
[2026-08-25 23:19:24] ✅   Step 1: BG = bg_zen_evening.jpg
[2026-08-25 23:19:24] ✅   Step 2: TTS (vi-VN-HoaiMyNeural)
[2026-08-25 23:19:26] ✅   Step 3: Audio EQ + Mix nhạc
[2026-08-25 23:19:26] ✅   Step 4: FFmpeg encode (11.4s)
[2026-08-25 23:19:31] ✅   ✅ OK: auto_20260825_231924_Học_Cách_Nói_KHÔNG_Mà_Không_Cảm_Thấy_Áy_.mp4 (0.88MB)
[2026-08-25 23:19:31] ✅   ✅ Video tạo xong: auto_20260825_231924_Học_Cách_Nói_KHÔNG_Mà_Không_Cảm_Thấy_Áy_.mp4
[2026-08-25 23:19:32] ✅ 
[4/5] 🌙 Tối 20h — discipline — No-Zero Day — Không Ngày Nào Là Ngày Trống Rỗng
[2026-08-25 23:19:32] 🔵 BUILD: No-Zero Day — Không Ngày Nào Là Ngày Trống Rỗng
[2026-08-25 23:19:32] ✅   Step 1: BG = bg_animation_style.jpg
[2026-08-25 23:19:32] ✅   Step 2: TTS (vi-VN-NamMinhNeural)
[2026-08-25 23:19:34] ✅   Step 3: Audio EQ + Mix nhạc
[2026-08-25 23:19:34] ✅   Step 4: FFmpeg encode (14.0s)
[2026-08-25 23:19:40] ✅   ✅ OK: auto_20260825_231932_No_Zero_Day___Không_Ngày_Nào_Là_Ngày_Trố.mp4 (0.91MB)
[2026-08-25 23:19:40] ✅   ✅ Video tạo xong: auto_20260825_231932_No_Zero_Day___Không_Ngày_Nào_Là_Ngày_Trố.mp4
[2026-08-25 23:19:41] ✅ 
[5/5] ⭐ Đêm 21h30 — life_skills — Tại Sao Người Ít Nói Lại Thường Được Tin Tưởng Hơn
[2026-08-25 23:19:41] 🔵 BUILD: Tại Sao Người Ít Nói Lại Thường Được Tin Tưởng Hơn
[2026-08-25 23:19:41] ✅   Step 1: BG = bg_morning_deepwork.jpg
[2026-08-25 23:19:41] ✅   Step 2: TTS (vi-VN-HoaiMyNeural)
[2026-08-25 23:19:43] ✅   Step 3: Audio EQ + Mix nhạc
[2026-08-25 23:19:43] ✅   Step 4: FFmpeg encode (12.5s)
[2026-08-25 23:19:48] ✅   ✅ OK: auto_20260825_231941_Tại_Sao_Người_Ít_Nói_Lại_Thường_Được_Tin.mp4 (0.65MB)
[2026-08-25 23:19:48] ✅   ✅ Video tạo xong: auto_20260825_231941_Tại_Sao_Người_Ít_Nói_Lại_Thường_Được_Tin.mp4
[2026-08-25 23:19:49] ✅ 
=== Ngày 2026-08-23: Tạo 5/5 video thành công ===
[2026-08-25 23:19:49] ✅   📂 Xem video tại: /Users/abc/.gemini/antigravity/scratch/1995lido_youtube_management/output_manual
[2026-08-25 23:19:49] ✅   🌐 Review tại: http://localhost:8098
[2026-08-25 23:19:49] ✅   Nghỉ 10 giây trước khi tạo ngày tiếp...
[2026-08-25 23:19:59] ✅ === Bắt đầu tạo 5 video cho ngày 2026-08-24 ===
[2026-08-25 23:19:59] ✅ 
[1/5] 🌅 Sáng 8h — nikaya — Kinh Nikaya: Trí Tuệ Quán Thấu Bản Chất Của Nỗi Đau (DU
[2026-08-25 23:19:59] 🔵 BUILD: Kinh Nikaya: Trí Tuệ Quán Thấu Bản Chất Của Nỗi Đau (DUKKA)
[2026-08-25 23:19:59] ✅   Step 1: BG = bg_morning_deepwork.jpg
[2026-08-25 23:19:59] ✅   Step 2: TTS (vi-VN-HoaiMyNeural)
[2026-08-25 23:20:00] ✅   Step 3: Audio EQ + Mix nhạc
[2026-08-25 23:20:01] ✅   Step 4: FFmpeg encode (18.3s)
[2026-08-25 23:20:06] ✅   ✅ OK: auto_20260825_231959_Kinh_Nikaya__Trí_Tuệ_Quán_Thấu_Bản_Chất_.mp4 (0.99MB)
[2026-08-25 23:20:06] ✅   ✅ Video tạo xong: auto_20260825_231959_Kinh_Nikaya__Trí_Tuệ_Quán_Thấu_Bản_Chất_.mp4
[2026-08-25 23:20:07] ✅ 
[2/5] ☀️ Trưa 11h — deep_work — Phương Pháp Deep Work Của Cal Newport — 1 Giờ Bằng 4 Gi
[2026-08-25 23:20:07] 🔵 BUILD: Phương Pháp Deep Work Của Cal Newport — 1 Giờ Bằng 4 Giờ
[2026-08-25 23:20:07] ✅   Step 1: BG = bg_animation_style.jpg
[2026-08-25 23:20:07] ✅   Step 2: TTS (vi-VN-NamMinhNeural)
[2026-08-25 23:20:08] ✅   Step 3: Audio EQ + Mix nhạc
[2026-08-25 23:20:08] ✅   Step 4: FFmpeg encode (12.6s)
[2026-08-25 23:20:12] ✅   ✅ OK: auto_20260825_232007_Phương_Pháp_Deep_Work_Của_Cal_Newport___.mp4 (0.89MB)
[2026-08-25 23:20:12] ✅   ✅ Video tạo xong: auto_20260825_232007_Phương_Pháp_Deep_Work_Của_Cal_Newport___.mp4
[2026-08-25 23:20:13] ✅ 
[3/5] 🌆 Chiều 18h — healing — Cách Thoát Khỏi Vòng Lặp Overthinking Mỗi Đêm
[2026-08-25 23:20:13] 🔵 BUILD: Cách Thoát Khỏi Vòng Lặp Overthinking Mỗi Đêm
[2026-08-25 23:20:13] ✅   Step 1: BG = bg_healing_noon.jpg
[2026-08-25 23:20:14] ✅   Step 2: TTS (vi-VN-HoaiMyNeural)
[2026-08-25 23:20:30] ✅   Step 3: Audio EQ + Mix nhạc
[2026-08-25 23:20:30] ✅   Step 4: FFmpeg encode (11.9s)
[2026-08-25 23:20:36] ✅   ✅ OK: auto_20260825_232013_Cách_Thoát_Khỏi_Vòng_Lặp_Overthinking_Mỗ.mp4 (0.88MB)
[2026-08-25 23:20:36] ✅   ✅ Video tạo xong: auto_20260825_232013_Cách_Thoát_Khỏi_Vòng_Lặp_Overthinking_Mỗ.mp4
[2026-08-25 23:20:37] ✅ 
[4/5] 🌙 Tối 20h — discipline — Atomic Habits — Thay Đổi 1% Mỗi Ngày Để Tạo Bước Nhảy V
[2026-08-25 23:20:37] 🔵 BUILD: Atomic Habits — Thay Đổi 1% Mỗi Ngày Để Tạo Bước Nhảy Vọt
[2026-08-25 23:20:37] ✅   Step 1: BG = bg_zen_evening.jpg
[2026-08-25 23:20:37] ✅   Step 2: TTS (vi-VN-NamMinhNeural)
[2026-08-25 23:20:39] ✅   Step 3: Audio EQ + Mix nhạc
[2026-08-25 23:20:40] ✅   Step 4: FFmpeg encode (13.1s)
[2026-08-25 23:20:55] ✅   ✅ OK: auto_20260825_232037_Atomic_Habits___Thay_Đổi_1__Mỗi_Ngày_Để_.mp4 (0.90MB)
[2026-08-25 23:20:55] ✅   ✅ Video tạo xong: auto_20260825_232037_Atomic_Habits___Thay_Đổi_1__Mỗi_Ngày_Để_.mp4
[2026-08-25 23:20:56] ✅ 
[5/5] ⭐ Đêm 21h30 — life_skills — First Impression — 7 Giây Đầu Quyết Định Mọi Thứ
[2026-08-25 23:20:56] 🔵 BUILD: First Impression — 7 Giây Đầu Quyết Định Mọi Thứ
[2026-08-25 23:20:56] ✅   Step 1: BG = bg_morning_deepwork.jpg
[2026-08-25 23:20:57] ✅   Step 2: TTS (vi-VN-HoaiMyNeural)
[2026-08-25 23:20:59] ✅   Step 3: Audio EQ + Mix nhạc
[2026-08-25 23:21:00] ✅   Step 4: FFmpeg encode (12.8s)
[2026-08-25 23:21:23] ✅   ✅ OK: auto_20260825_232056_First_Impression___7_Giây_Đầu_Quyết_Định.mp4 (0.65MB)
[2026-08-25 23:21:23] ✅   ✅ Video tạo xong: auto_20260825_232056_First_Impression___7_Giây_Đầu_Quyết_Định.mp4
[2026-08-25 23:21:24] ✅ 
=== Ngày 2026-08-24: Tạo 5/5 video thành công ===
[2026-08-25 23:21:24] ✅   📂 Xem video tại: /Users/abc/.gemini/antigravity/scratch/1995lido_youtube_management/output_manual
[2026-08-25 23:21:24] ✅   🌐 Review tại: http://localhost:8098
[2026-08-25 23:21:24] ✅   Nghỉ 10 giây trước khi tạo ngày tiếp...
[2026-08-25 23:21:34] ✅ === Bắt đầu tạo 5 video cho ngày 2026-08-25 ===
[2026-08-25 23:21:34] ✅ 
[1/5] 🌅 Sáng 8h — nikaya — Kinh Nikaya: Bí Quyết Vượt Qua Nỗi Sợ Thất Bại & Biến C
[2026-08-25 23:21:34] 🔵 BUILD: Kinh Nikaya: Bí Quyết Vượt Qua Nỗi Sợ Thất Bại & Biến Cố Cuộ
[2026-08-25 23:21:34] ✅   Step 1: BG = bg_animation_style.jpg
[2026-08-25 23:21:35] ✅   Step 2: TTS (vi-VN-HoaiMyNeural)
[2026-08-25 23:21:53] ✅   Step 3: Audio EQ + Mix nhạc
[2026-08-25 23:21:55] ✅   Step 4: FFmpeg encode (16.9s)
[2026-08-25 23:22:14] ✅   ✅ OK: auto_20260825_232134_Kinh_Nikaya__Bí_Quyết_Vượt_Qua_Nỗi_Sợ_Th.mp4 (1.36MB)
[2026-08-25 23:22:14] ✅   ✅ Video tạo xong: auto_20260825_232134_Kinh_Nikaya__Bí_Quyết_Vượt_Qua_Nỗi_Sợ_Th.mp4
[2026-08-25 23:22:15] ✅ 
[2/5] ☀️ Trưa 11h — deep_work — Phương Pháp Deep Work Của Cal Newport — 1 Giờ Bằng 4 Gi
[2026-08-25 23:22:15] 🔵 BUILD: Phương Pháp Deep Work Của Cal Newport — 1 Giờ Bằng 4 Giờ
[2026-08-25 23:22:15] ✅   Step 1: BG = bg_zen_evening.jpg
[2026-08-25 23:22:15] ✅   Step 2: TTS (vi-VN-NamMinhNeural)
[2026-08-25 23:22:17] ✅   Step 3: Audio EQ + Mix nhạc
[2026-08-25 23:22:18] ✅   Step 4: FFmpeg encode (12.6s)
[2026-08-25 23:22:24] ✅   ✅ OK: auto_20260825_232215_Phương_Pháp_Deep_Work_Của_Cal_Newport___.mp4 (0.90MB)
[2026-08-25 23:22:24] ✅   ✅ Video tạo xong: auto_20260825_232215_Phương_Pháp_Deep_Work_Của_Cal_Newport___.mp4
[2026-08-25 23:22:25] ✅ 
[3/5] 🌆 Chiều 18h — healing — Cách Thoát Khỏi Vòng Lặp Overthinking Mỗi Đêm
[2026-08-25 23:22:25] 🔵 BUILD: Cách Thoát Khỏi Vòng Lặp Overthinking Mỗi Đêm
[2026-08-25 23:22:25] ✅   Step 1: BG = bg_healing_noon.jpg
[2026-08-25 23:22:25] ✅   Step 2: TTS (vi-VN-HoaiMyNeural)
[2026-08-25 23:22:26] ✅   Step 3: Audio EQ + Mix nhạc
[2026-08-25 23:22:27] ✅   Step 4: FFmpeg encode (11.9s)
[2026-08-25 23:22:33] ✅   ✅ OK: auto_20260825_232225_Cách_Thoát_Khỏi_Vòng_Lặp_Overthinking_Mỗ.mp4 (0.88MB)
[2026-08-25 23:22:33] ✅   ✅ Video tạo xong: auto_20260825_232225_Cách_Thoát_Khỏi_Vòng_Lặp_Overthinking_Mỗ.mp4
[2026-08-25 23:22:34] ✅ 
[4/5] 🌙 Tối 20h — discipline — Cách Xây Dựng Buổi Sáng 30 Phút Thay Đổi Cả Đời
[2026-08-25 23:22:34] 🔵 BUILD: Cách Xây Dựng Buổi Sáng 30 Phút Thay Đổi Cả Đời
[2026-08-25 23:22:34] ✅   Step 1: BG = bg_morning_deepwork.jpg
[2026-08-25 23:22:34] ✅   Step 2: TTS (vi-VN-NamMinhNeural)
[2026-08-25 23:22:35] ✅   Step 3: Audio EQ + Mix nhạc
[2026-08-25 23:22:36] ✅   Step 4: FFmpeg encode (13.1s)
[2026-08-25 23:22:42] ✅   ✅ OK: auto_20260825_232234_Cách_Xây_Dựng_Buổi_Sáng_30_Phút_Thay_Đổi.mp4 (0.66MB)
[2026-08-25 23:22:42] ✅   ✅ Video tạo xong: auto_20260825_232234_Cách_Xây_Dựng_Buổi_Sáng_30_Phút_Thay_Đổi.mp4
[2026-08-25 23:22:43] ✅ 
[5/5] ⭐ Đêm 21h30 — life_skills — Nghệ Thuật Lắng Nghe Chủ Động — Kỹ Năng Hiếm Người Có
[2026-08-25 23:22:43] 🔵 BUILD: Nghệ Thuật Lắng Nghe Chủ Động — Kỹ Năng Hiếm Người Có
[2026-08-25 23:22:43] ✅   Step 1: BG = bg_animation_style.jpg
[2026-08-25 23:22:43] ✅   Step 2: TTS (vi-VN-HoaiMyNeural)
[2026-08-25 23:22:45] ✅   Step 3: Audio EQ + Mix nhạc
[2026-08-25 23:22:46] ✅   Step 4: FFmpeg encode (12.7s)
[2026-08-25 23:22:53] ✅   ✅ OK: auto_20260825_232243_Nghệ_Thuật_Lắng_Nghe_Chủ_Động___Kỹ_Năng_.mp4 (0.90MB)
[2026-08-25 23:22:53] ✅   ✅ Video tạo xong: auto_20260825_232243_Nghệ_Thuật_Lắng_Nghe_Chủ_Động___Kỹ_Năng_.mp4
[2026-08-25 23:22:54] ✅ 
=== Ngày 2026-08-25: Tạo 5/5 video thành công ===
[2026-08-25 23:22:54] ✅   📂 Xem video tại: /Users/abc/.gemini/antigravity/scratch/1995lido_youtube_management/output_manual
[2026-08-25 23:22:54] ✅   🌐 Review tại: http://localhost:8098
[2026-08-25 23:22:54] ✅   Nghỉ 10 giây trước khi tạo ngày tiếp...
[2026-08-25 23:23:04] ✅ === Bắt đầu tạo 5 video cho ngày 2026-08-26 ===
[2026-08-25 23:23:04] ✅ 
[1/5] 🌅 Sáng 8h — nikaya — Kinh Nikaya: Luật Nhân Quả (KAMA) - Bạn Là Chủ Nhân Số 
[2026-08-25 23:23:04] 🔵 BUILD: Kinh Nikaya: Luật Nhân Quả (KAMA) - Bạn Là Chủ Nhân Số Phận 
[2026-08-25 23:23:04] ✅   Step 1: BG = bg_animation_style.jpg
[2026-08-25 23:23:04] ✅   Step 2: TTS (vi-VN-HoaiMyNeural)
[2026-08-25 23:23:06] ✅   Step 3: Audio EQ + Mix nhạc
[2026-08-25 23:23:07] ✅   Step 4: FFmpeg encode (18.9s)
[2026-08-25 23:23:15] ✅   ✅ OK: auto_20260825_232304_Kinh_Nikaya__Luật_Nhân_Quả__KAMA____Bạn_.mp4 (1.38MB)
[2026-08-25 23:23:15] ✅   ✅ Video tạo xong: auto_20260825_232304_Kinh_Nikaya__Luật_Nhân_Quả__KAMA____Bạn_.mp4
[2026-08-25 23:23:16] ✅ 
[2/5] ☀️ Trưa 11h — deep_work — Tại Sao Người Thành Công Thức Dậy Sớm Hơn Bạn 1 Tiếng
[2026-08-25 23:23:16] 🔵 BUILD: Tại Sao Người Thành Công Thức Dậy Sớm Hơn Bạn 1 Tiếng
[2026-08-25 23:23:16] ✅   Step 1: BG = bg_morning_deepwork.jpg
[2026-08-25 23:23:17] ✅   Step 2: TTS (vi-VN-NamMinhNeural)
[2026-08-25 23:23:19] ✅   Step 3: Audio EQ + Mix nhạc
[2026-08-25 23:23:19] ✅   Step 4: FFmpeg encode (11.9s)
[2026-08-25 23:23:25] ✅   ✅ OK: auto_20260825_232316_Tại_Sao_Người_Thành_Công_Thức_Dậy_Sớm_Hơ.mp4 (0.65MB)
[2026-08-25 23:23:25] ✅   ✅ Video tạo xong: auto_20260825_232316_Tại_Sao_Người_Thành_Công_Thức_Dậy_Sớm_Hơ.mp4
[2026-08-25 23:23:26] ✅ 
[3/5] 🌆 Chiều 18h — healing — Kỹ Thuật 5-4-3-2-1 Chặn Cơn Lo Âu Trong 60 Giây
[2026-08-25 23:23:26] 🔵 BUILD: Kỹ Thuật 5-4-3-2-1 Chặn Cơn Lo Âu Trong 60 Giây
[2026-08-25 23:23:26] ✅   Step 1: BG = bg_healing_noon.jpg
[2026-08-25 23:23:27] ✅   Step 2: TTS (vi-VN-HoaiMyNeural)
[2026-08-25 23:23:28] ✅   Step 3: Audio EQ + Mix nhạc
[2026-08-25 23:23:29] ✅   Step 4: FFmpeg encode (13.8s)
[2026-08-25 23:23:36] ✅   ✅ OK: auto_20260825_232326_Kỹ_Thuật_5_4_3_2_1_Chặn_Cơn_Lo_Âu_Trong_.mp4 (0.90MB)
[2026-08-25 23:23:36] ✅   ✅ Video tạo xong: auto_20260825_232326_Kỹ_Thuật_5_4_3_2_1_Chặn_Cơn_Lo_Âu_Trong_.mp4
[2026-08-25 23:23:37] ✅ 
[4/5] 🌙 Tối 20h — discipline — Atomic Habits — Thay Đổi 1% Mỗi Ngày Để Tạo Bước Nhảy V
[2026-08-25 23:23:37] 🔵 BUILD: Atomic Habits — Thay Đổi 1% Mỗi Ngày Để Tạo Bước Nhảy Vọt
[2026-08-25 23:23:37] ✅   Step 1: BG = bg_zen_evening.jpg
[2026-08-25 23:23:37] ✅   Step 2: TTS (vi-VN-NamMinhNeural)
[2026-08-25 23:23:39] ✅   Step 3: Audio EQ + Mix nhạc
[2026-08-25 23:23:40] ✅   Step 4: FFmpeg encode (13.1s)
[2026-08-25 23:23:46] ✅   ✅ OK: auto_20260825_232337_Atomic_Habits___Thay_Đổi_1__Mỗi_Ngày_Để_.mp4 (0.90MB)
[2026-08-25 23:23:46] ✅   ✅ Video tạo xong: auto_20260825_232337_Atomic_Habits___Thay_Đổi_1__Mỗi_Ngày_Để_.mp4
[2026-08-25 23:23:47] ✅ 
[5/5] ⭐ Đêm 21h30 — life_skills — Tại Sao Người Ít Nói Lại Thường Được Tin Tưởng Hơn
[2026-08-25 23:23:47] 🔵 BUILD: Tại Sao Người Ít Nói Lại Thường Được Tin Tưởng Hơn
[2026-08-25 23:23:47] ✅   Step 1: BG = bg_animation_style.jpg
[2026-08-25 23:23:47] ✅   Step 2: TTS (vi-VN-HoaiMyNeural)
[2026-08-25 23:23:48] ✅   Step 3: Audio EQ + Mix nhạc
[2026-08-25 23:23:49] ✅   Step 4: FFmpeg encode (12.5s)
[2026-08-25 23:23:54] ✅   ✅ OK: auto_20260825_232347_Tại_Sao_Người_Ít_Nói_Lại_Thường_Được_Tin.mp4 (0.89MB)
[2026-08-25 23:23:54] ✅   ✅ Video tạo xong: auto_20260825_232347_Tại_Sao_Người_Ít_Nói_Lại_Thường_Được_Tin.mp4
[2026-08-25 23:23:55] ✅ 
=== Ngày 2026-08-26: Tạo 5/5 video thành công ===
[2026-08-25 23:23:55] ✅   📂 Xem video tại: /Users/abc/.gemini/antigravity/scratch/1995lido_youtube_management/output_manual
[2026-08-25 23:23:55] ✅   🌐 Review tại: http://localhost:8098
[2026-08-25 23:23:55] ✅   Nghỉ 10 giây trước khi tạo ngày tiếp...
[2026-08-25 23:24:05] ✅ === Bắt đầu tạo 5 video cho ngày 2026-08-27 ===
[2026-08-25 23:24:05] ✅ 
[1/5] 🌅 Sáng 8h — nikaya — Kinh Nikaya: Sự Tự Do Khỏi Định Kiến & Khái Niệm Phân B
[2026-08-25 23:24:05] 🔵 BUILD: Kinh Nikaya: Sự Tự Do Khỏi Định Kiến & Khái Niệm Phân Biệt
[2026-08-25 23:24:05] ✅   Step 1: BG = bg_animation_style.jpg
[2026-08-25 23:24:05] ✅   Step 2: TTS (vi-VN-HoaiMyNeural)
[2026-08-25 23:24:06] ✅   Step 3: Audio EQ + Mix nhạc
[2026-08-25 23:24:07] ✅   Step 4: FFmpeg encode (19.7s)
[2026-08-25 23:24:13] ✅   ✅ OK: auto_20260825_232405_Kinh_Nikaya__Sự_Tự_Do_Khỏi_Định_Kiến___K.mp4 (1.38MB)
[2026-08-25 23:24:13] ✅   ✅ Video tạo xong: auto_20260825_232405_Kinh_Nikaya__Sự_Tự_Do_Khỏi_Định_Kiến___K.mp4
[2026-08-25 23:24:14] ✅ 
[2/5] ☀️ Trưa 11h — deep_work — 5 Phút Sáng Quyết Định Năng Suất Cả Ngày Của Bạn
[2026-08-25 23:24:14] 🔵 BUILD: 5 Phút Sáng Quyết Định Năng Suất Cả Ngày Của Bạn
[2026-08-25 23:24:14] ✅   Step 1: BG = bg_healing_noon.jpg
[2026-08-25 23:24:14] ✅   Step 2: TTS (vi-VN-NamMinhNeural)
[2026-08-25 23:24:15] ✅   Step 3: Audio EQ + Mix nhạc
[2026-08-25 23:24:16] ✅   Step 4: FFmpeg encode (11.9s)
[2026-08-25 23:24:20] ✅   ✅ OK: auto_20260825_232414_5_Phút_Sáng_Quyết_Định_Năng_Suất_Cả_Ngày.mp4 (0.88MB)
[2026-08-25 23:24:20] ✅   ✅ Video tạo xong: auto_20260825_232414_5_Phút_Sáng_Quyết_Định_Năng_Suất_Cả_Ngày.mp4
[2026-08-25 23:24:21] ✅ 
[3/5] 🌆 Chiều 18h — healing — 5 Dấu Hiệu Bạn Đang Burnout — Nhận Ra Trước Khi Quá Muộ
[2026-08-25 23:24:21] 🔵 BUILD: 5 Dấu Hiệu Bạn Đang Burnout — Nhận Ra Trước Khi Quá Muộn
[2026-08-25 23:24:21] ✅   Step 1: BG = bg_morning_deepwork.jpg
[2026-08-25 23:24:21] ✅   Step 2: TTS (vi-VN-HoaiMyNeural)
[2026-08-25 23:24:23] ✅   Step 3: Audio EQ + Mix nhạc
[2026-08-25 23:24:23] ✅   Step 4: FFmpeg encode (14.0s)
[2026-08-25 23:24:27] ✅   ✅ OK: auto_20260825_232421_5_Dấu_Hiệu_Bạn_Đang_Burnout___Nhận_Ra_Tr.mp4 (0.67MB)
[2026-08-25 23:24:27] ✅   ✅ Video tạo xong: auto_20260825_232421_5_Dấu_Hiệu_Bạn_Đang_Burnout___Nhận_Ra_Tr.mp4
[2026-08-25 23:24:28] ✅ 
[4/5] 🌙 Tối 20h — discipline — Habit Stacking — Ghép Thói Quen Mới Vào Thói Quen Cũ
[2026-08-25 23:24:28] 🔵 BUILD: Habit Stacking — Ghép Thói Quen Mới Vào Thói Quen Cũ
[2026-08-25 23:24:28] ✅   Step 1: BG = bg_zen_evening.jpg
[2026-08-25 23:24:28] ✅   Step 2: TTS (vi-VN-NamMinhNeural)
[2026-08-25 23:24:30] ✅   Step 3: Audio EQ + Mix nhạc
[2026-08-25 23:24:30] ✅   Step 4: FFmpeg encode (14.1s)
[2026-08-25 23:24:36] ✅   ✅ OK: auto_20260825_232428_Habit_Stacking___Ghép_Thói_Quen_Mới_Vào_.mp4 (0.91MB)
[2026-08-25 23:24:36] ✅   ✅ Video tạo xong: auto_20260825_232428_Habit_Stacking___Ghép_Thói_Quen_Mới_Vào_.mp4
[2026-08-25 23:24:37] ✅ 
[5/5] ⭐ Đêm 21h30 — life_skills — Nghệ Thuật Lắng Nghe Chủ Động — Kỹ Năng Hiếm Người Có
[2026-08-25 23:24:37] 🔵 BUILD: Nghệ Thuật Lắng Nghe Chủ Động — Kỹ Năng Hiếm Người Có
[2026-08-25 23:24:37] ✅   Step 1: BG = bg_animation_style.jpg
[2026-08-25 23:24:37] ✅   Step 2: TTS (vi-VN-HoaiMyNeural)
[2026-08-25 23:24:38] ✅   Step 3: Audio EQ + Mix nhạc
[2026-08-25 23:24:39] ✅   Step 4: FFmpeg encode (12.7s)
[2026-08-25 23:24:43] ✅   ✅ OK: auto_20260825_232437_Nghệ_Thuật_Lắng_Nghe_Chủ_Động___Kỹ_Năng_.mp4 (0.89MB)
[2026-08-25 23:24:43] ✅   ✅ Video tạo xong: auto_20260825_232437_Nghệ_Thuật_Lắng_Nghe_Chủ_Động___Kỹ_Năng_.mp4
[2026-08-25 23:24:44] ✅ 
=== Ngày 2026-08-27: Tạo 5/5 video thành công ===
[2026-08-25 23:24:44] ✅   📂 Xem video tại: /Users/abc/.gemini/antigravity/scratch/1995lido_youtube_management/output_manual
[2026-08-25 23:24:44] ✅   🌐 Review tại: http://localhost:8098
[2026-08-25 23:24:44] ✅   Nghỉ 10 giây trước khi tạo ngày tiếp...
[2026-08-25 23:24:54] ✅ === Bắt đầu tạo 5 video cho ngày 2026-08-28 ===
[2026-08-25 23:24:54] ✅ 
[1/5] 🌅 Sáng 8h — nikaya — Kinh Nikaya: Định Luật Vô Thường (ANICCA) - Mọi Mệt Mỏi
[2026-08-25 23:24:54] 🔵 BUILD: Kinh Nikaya: Định Luật Vô Thường (ANICCA) - Mọi Mệt Mỏi Rồi 
[2026-08-25 23:24:54] ✅   Step 1: BG = bg_healing_noon.jpg
[2026-08-25 23:24:54] ✅   Step 2: TTS (vi-VN-HoaiMyNeural)
[2026-08-25 23:24:57] ✅   Step 3: Audio EQ + Mix nhạc
[2026-08-25 23:24:57] ✅   Step 4: FFmpeg encode (20.0s)
[2026-08-25 23:25:03] ✅   ✅ OK: auto_20260825_232454_Kinh_Nikaya__Định_Luật_Vô_Thường__ANICCA.mp4 (1.39MB)
[2026-08-25 23:25:03] ✅   ✅ Video tạo xong: auto_20260825_232454_Kinh_Nikaya__Định_Luật_Vô_Thường__ANICCA.mp4
[2026-08-25 23:25:04] ✅ 
[2/5] ☀️ Trưa 11h — deep_work — 5 Phút Sáng Quyết Định Năng Suất Cả Ngày Của Bạn
[2026-08-25 23:25:04] 🔵 BUILD: 5 Phút Sáng Quyết Định Năng Suất Cả Ngày Của Bạn
[2026-08-25 23:25:04] ✅   Step 1: BG = bg_morning_deepwork.jpg
[2026-08-25 23:25:04] ✅   Step 2: TTS (vi-VN-NamMinhNeural)
[2026-08-25 23:25:06] ✅   Step 3: Audio EQ + Mix nhạc
[2026-08-25 23:25:06] ✅   Step 4: FFmpeg encode (11.9s)
[2026-08-25 23:25:11] ✅   ✅ OK: auto_20260825_232504_5_Phút_Sáng_Quyết_Định_Năng_Suất_Cả_Ngày.mp4 (0.64MB)
[2026-08-25 23:25:11] ✅   ✅ Video tạo xong: auto_20260825_232504_5_Phút_Sáng_Quyết_Định_Năng_Suất_Cả_Ngày.mp4
[2026-08-25 23:25:12] ✅ 
[3/5] 🌆 Chiều 18h — healing — Kỹ Thuật 5-4-3-2-1 Chặn Cơn Lo Âu Trong 60 Giây
[2026-08-25 23:25:12] 🔵 BUILD: Kỹ Thuật 5-4-3-2-1 Chặn Cơn Lo Âu Trong 60 Giây
[2026-08-25 23:25:12] ✅   Step 1: BG = bg_animation_style.jpg
[2026-08-25 23:25:12] ✅   Step 2: TTS (vi-VN-HoaiMyNeural)
[2026-08-25 23:25:13] ✅   Step 3: Audio EQ + Mix nhạc
[2026-08-25 23:25:14] ✅   Step 4: FFmpeg encode (13.8s)
[2026-08-25 23:25:21] ✅   ✅ OK: auto_20260825_232512_Kỹ_Thuật_5_4_3_2_1_Chặn_Cơn_Lo_Âu_Trong_.mp4 (0.90MB)
[2026-08-25 23:25:21] ✅   ✅ Video tạo xong: auto_20260825_232512_Kỹ_Thuật_5_4_3_2_1_Chặn_Cơn_Lo_Âu_Trong_.mp4
[2026-08-25 23:25:22] ✅ 
[4/5] 🌙 Tối 20h — discipline — Atomic Habits — Thay Đổi 1% Mỗi Ngày Để Tạo Bước Nhảy V
[2026-08-25 23:25:22] 🔵 BUILD: Atomic Habits — Thay Đổi 1% Mỗi Ngày Để Tạo Bước Nhảy Vọt
[2026-08-25 23:25:22] ✅   Step 1: BG = bg_zen_evening.jpg
[2026-08-25 23:25:22] ✅   Step 2: TTS (vi-VN-NamMinhNeural)
[2026-08-25 23:25:24] ✅   Step 3: Audio EQ + Mix nhạc
[2026-08-25 23:25:25] ✅   Step 4: FFmpeg encode (13.1s)
[2026-08-25 23:25:33] ✅   ✅ OK: auto_20260825_232522_Atomic_Habits___Thay_Đổi_1__Mỗi_Ngày_Để_.mp4 (0.90MB)
[2026-08-25 23:25:33] ✅   ✅ Video tạo xong: auto_20260825_232522_Atomic_Habits___Thay_Đổi_1__Mỗi_Ngày_Để_.mp4
[2026-08-25 23:25:34] ✅ 
[5/5] ⭐ Đêm 21h30 — life_skills — Nghệ Thuật Lắng Nghe Chủ Động — Kỹ Năng Hiếm Người Có
[2026-08-25 23:25:34] 🔵 BUILD: Nghệ Thuật Lắng Nghe Chủ Động — Kỹ Năng Hiếm Người Có
[2026-08-25 23:25:34] ✅   Step 1: BG = bg_healing_noon.jpg
[2026-08-25 23:25:34] ✅   Step 2: TTS (vi-VN-HoaiMyNeural)
[2026-08-25 23:25:36] ✅   Step 3: Audio EQ + Mix nhạc
[2026-08-25 23:25:36] ✅   Step 4: FFmpeg encode (12.7s)
[2026-08-25 23:25:46] ✅   ✅ OK: auto_20260825_232534_Nghệ_Thuật_Lắng_Nghe_Chủ_Động___Kỹ_Năng_.mp4 (0.89MB)
[2026-08-25 23:25:46] ✅   ✅ Video tạo xong: auto_20260825_232534_Nghệ_Thuật_Lắng_Nghe_Chủ_Động___Kỹ_Năng_.mp4
[2026-08-25 23:25:47] ✅ 
=== Ngày 2026-08-28: Tạo 5/5 video thành công ===
[2026-08-25 23:25:47] ✅   📂 Xem video tại: /Users/abc/.gemini/antigravity/scratch/1995lido_youtube_management/output_manual
[2026-08-25 23:25:47] ✅   🌐 Review tại: http://localhost:8098
[2026-08-25 23:25:47] ✅   Nghỉ 10 giây trước khi tạo ngày tiếp...
[2026-08-25 23:25:57] ✅ === Bắt đầu tạo 5 video cho ngày 2026-08-29 ===
[2026-08-25 23:25:57] ✅ 
[1/5] 🌅 Sáng 8h — nikaya — Kinh Nikaya: Quán Thân Trên Thân (KAYANUPASSANA) - Giải
[2026-08-25 23:25:57] 🔵 BUILD: Kinh Nikaya: Quán Thân Trên Thân (KAYANUPASSANA) - Giải Tỏa 
[2026-08-25 23:25:57] ✅   Step 1: BG = bg_zen_evening.jpg
[2026-08-25 23:25:57] ✅   Step 2: TTS (vi-VN-HoaiMyNeural)
[2026-08-25 23:25:59] ✅   Step 3: Audio EQ + Mix nhạc
[2026-08-25 23:25:59] ✅   Step 4: FFmpeg encode (18.6s)
[2026-08-25 23:26:17] ✅   ✅ OK: auto_20260825_232557_Kinh_Nikaya__Quán_Thân_Trên_Thân__KAYANU.mp4 (1.38MB)
[2026-08-25 23:26:17] ✅   ✅ Video tạo xong: auto_20260825_232557_Kinh_Nikaya__Quán_Thân_Trên_Thân__KAYANU.mp4
[2026-08-25 23:26:18] ✅ 
[2/5] ☀️ Trưa 11h — deep_work — Ngừng Đa Nhiệm — Làm Một Việc Hiệu Quả Hơn 5 Việc Cùng 
[2026-08-25 23:26:18] 🔵 BUILD: Ngừng Đa Nhiệm — Làm Một Việc Hiệu Quả Hơn 5 Việc Cùng Lúc
[2026-08-25 23:26:18] ✅   Step 1: BG = bg_morning_deepwork.jpg
[2026-08-25 23:26:18] ✅   Step 2: TTS (vi-VN-NamMinhNeural)
[2026-08-25 23:26:21] ✅   Step 3: Audio EQ + Mix nhạc
[2026-08-25 23:26:21] ✅   Step 4: FFmpeg encode (11.7s)
[2026-08-25 23:26:34] ✅   ✅ OK: auto_20260825_232618_Ngừng_Đa_Nhiệm___Làm_Một_Việc_Hiệu_Quả_H.mp4 (0.65MB)
[2026-08-25 23:26:34] ✅   ✅ Video tạo xong: auto_20260825_232618_Ngừng_Đa_Nhiệm___Làm_Một_Việc_Hiệu_Quả_H.mp4
[2026-08-25 23:26:35] ✅ 
[3/5] 🌆 Chiều 18h — healing — Nghệ Thuật Buông Bỏ Kỳ Vọng — Giải Tỏa Áp Lực So Sánh
[2026-08-25 23:26:35] 🔵 BUILD: Nghệ Thuật Buông Bỏ Kỳ Vọng — Giải Tỏa Áp Lực So Sánh
[2026-08-25 23:26:35] ✅   Step 1: BG = bg_healing_noon.jpg
[2026-08-25 23:26:36] ✅   Step 2: TTS (vi-VN-HoaiMyNeural)
[2026-08-25 23:26:38] ✅   Step 3: Audio EQ + Mix nhạc
[2026-08-25 23:26:40] ✅   Step 4: FFmpeg encode (11.4s)
[2026-08-25 23:26:59] ✅   ✅ OK: auto_20260825_232635_Nghệ_Thuật_Buông_Bỏ_Kỳ_Vọng___Giải_Tỏa_Á.mp4 (0.87MB)
[2026-08-25 23:26:59] ✅   ✅ Video tạo xong: auto_20260825_232635_Nghệ_Thuật_Buông_Bỏ_Kỳ_Vọng___Giải_Tỏa_Á.mp4
[2026-08-25 23:27:00] ✅ 
[4/5] 🌙 Tối 20h — discipline — No-Zero Day — Không Ngày Nào Là Ngày Trống Rỗng
[2026-08-25 23:27:00] 🔵 BUILD: No-Zero Day — Không Ngày Nào Là Ngày Trống Rỗng
[2026-08-25 23:27:00] ✅   Step 1: BG = bg_animation_style.jpg
[2026-08-25 23:27:00] ✅   Step 2: TTS (vi-VN-NamMinhNeural)
[2026-08-25 23:27:02] ✅   Step 3: Audio EQ + Mix nhạc
[2026-08-25 23:27:02] ✅   Step 4: FFmpeg encode (14.0s)
[2026-08-25 23:27:10] ✅   ✅ OK: auto_20260825_232700_No_Zero_Day___Không_Ngày_Nào_Là_Ngày_Trố.mp4 (0.91MB)
[2026-08-25 23:27:10] ✅   ✅ Video tạo xong: auto_20260825_232700_No_Zero_Day___Không_Ngày_Nào_Là_Ngày_Trố.mp4
[2026-08-25 23:27:11] ✅ 
[5/5] ⭐ Đêm 21h30 — life_skills — First Impression — 7 Giây Đầu Quyết Định Mọi Thứ
[2026-08-25 23:27:11] 🔵 BUILD: First Impression — 7 Giây Đầu Quyết Định Mọi Thứ
[2026-08-25 23:27:11] ✅   Step 1: BG = bg_zen_evening.jpg
[2026-08-25 23:27:11] ✅   Step 2: TTS (vi-VN-HoaiMyNeural)
[2026-08-25 23:27:13] ✅   Step 3: Audio EQ + Mix nhạc
[2026-08-25 23:27:13] ✅   Step 4: FFmpeg encode (12.8s)
[2026-08-25 23:27:19] ✅   ✅ OK: auto_20260825_232711_First_Impression___7_Giây_Đầu_Quyết_Định.mp4 (0.89MB)
[2026-08-25 23:27:19] ✅   ✅ Video tạo xong: auto_20260825_232711_First_Impression___7_Giây_Đầu_Quyết_Định.mp4
[2026-08-25 23:27:20] ✅ 
=== Ngày 2026-08-29: Tạo 5/5 video thành công ===
[2026-08-25 23:27:20] ✅   📂 Xem video tại: /Users/abc/.gemini/antigravity/scratch/1995lido_youtube_management/output_manual
[2026-08-25 23:27:20] ✅   🌐 Review tại: http://localhost:8098
[2026-08-25 23:27:20] ✅   Nghỉ 10 giây trước khi tạo ngày tiếp...
[2026-08-25 23:27:30] ✅ === Bắt đầu tạo 5 video cho ngày 2026-08-30 ===
[2026-08-25 23:27:30] ✅ 
[1/5] 🌅 Sáng 8h — nikaya — Kinh Nikaya: Giữ Vững Sức Mạnh Chánh Mạng (SAMMA AJIVA)
[2026-08-25 23:27:30] 🔵 BUILD: Kinh Nikaya: Giữ Vững Sức Mạnh Chánh Mạng (SAMMA AJIVA)
[2026-08-25 23:27:30] ✅   Step 1: BG = bg_healing_noon.jpg
[2026-08-25 23:27:30] ✅   Step 2: TTS (vi-VN-HoaiMyNeural)
[2026-08-25 23:27:32] ✅   Step 3: Audio EQ + Mix nhạc
[2026-08-25 23:27:32] ✅   Step 4: FFmpeg encode (17.7s)
[2026-08-25 23:27:38] ✅   ✅ OK: auto_20260825_232730_Kinh_Nikaya__Giữ_Vững_Sức_Mạnh_Chánh_Mạn.mp4 (1.36MB)
[2026-08-25 23:27:38] ✅   ✅ Video tạo xong: auto_20260825_232730_Kinh_Nikaya__Giữ_Vững_Sức_Mạnh_Chánh_Mạn.mp4
[2026-08-25 23:27:39] ✅ 
[2/5] ☀️ Trưa 11h — deep_work — Kỹ Thuật Time Boxing Nâng Cao — Làm Chủ 1 Ngày Không Xa
[2026-08-25 23:27:39] 🔵 BUILD: Kỹ Thuật Time Boxing Nâng Cao — Làm Chủ 1 Ngày Không Xao Nhã
[2026-08-25 23:27:39] ✅   Step 1: BG = bg_animation_style.jpg
[2026-08-25 23:27:39] ✅   Step 2: TTS (vi-VN-NamMinhNeural)
[2026-08-25 23:27:40] ✅   Step 3: Audio EQ + Mix nhạc
[2026-08-25 23:27:40] ✅   Step 4: FFmpeg encode (14.2s)
[2026-08-25 23:27:45] ✅   ✅ OK: auto_20260825_232739_Kỹ_Thuật_Time_Boxing_Nâng_Cao___Làm_Chủ_.mp4 (1.22MB)
[2026-08-25 23:27:45] ✅   ✅ Video tạo xong: auto_20260825_232739_Kỹ_Thuật_Time_Boxing_Nâng_Cao___Làm_Chủ_.mp4
[2026-08-25 23:27:46] ✅ 
[3/5] 🌆 Chiều 18h — healing — Khi Sự Nhiệt Huyết Biến Mất — Vượt Qua Tê Liệt Cảm Xúc
[2026-08-25 23:27:46] 🔵 BUILD: Khi Sự Nhiệt Huyết Biến Mất — Vượt Qua Tê Liệt Cảm Xúc
[2026-08-25 23:27:46] ✅   Step 1: BG = bg_morning_deepwork.jpg
[2026-08-25 23:27:46] ✅   Step 2: TTS (vi-VN-HoaiMyNeural)
[2026-08-25 23:27:47] ✅   Step 3: Audio EQ + Mix nhạc
[2026-08-25 23:27:47] ✅   Step 4: FFmpeg encode (12.3s)
[2026-08-25 23:27:52] ✅   ✅ OK: auto_20260825_232746_Khi_Sự_Nhiệt_Huyết_Biến_Mất___Vượt_Qua_T.mp4 (0.65MB)
[2026-08-25 23:27:52] ✅   ✅ Video tạo xong: auto_20260825_232746_Khi_Sự_Nhiệt_Huyết_Biến_Mất___Vượt_Qua_T.mp4
[2026-08-25 23:27:53] ✅ 
[4/5] 🌙 Tối 20h — discipline — No-Zero Day — Không Ngày Nào Là Ngày Trống Rỗng
[2026-08-25 23:27:53] 🔵 BUILD: No-Zero Day — Không Ngày Nào Là Ngày Trống Rỗng
[2026-08-25 23:27:53] ✅   Step 1: BG = bg_zen_evening.jpg
[2026-08-25 23:27:53] ✅   Step 2: TTS (vi-VN-NamMinhNeural)
[2026-08-25 23:27:54] ✅   Step 3: Audio EQ + Mix nhạc
[2026-08-25 23:27:55] ✅   Step 4: FFmpeg encode (14.0s)
[2026-08-25 23:27:59] ✅   ✅ OK: auto_20260825_232753_No_Zero_Day___Không_Ngày_Nào_Là_Ngày_Trố.mp4 (0.91MB)
[2026-08-25 23:27:59] ✅   ✅ Video tạo xong: auto_20260825_232753_No_Zero_Day___Không_Ngày_Nào_Là_Ngày_Trố.mp4
[2026-08-25 23:28:00] ✅ 
[5/5] ⭐ Đêm 21h30 — life_skills — Nghệ Thuật Lắng Nghe Chủ Động — Kỹ Năng Hiếm Người Có
[2026-08-25 23:28:00] 🔵 BUILD: Nghệ Thuật Lắng Nghe Chủ Động — Kỹ Năng Hiếm Người Có
[2026-08-25 23:28:00] ✅   Step 1: BG = bg_healing_noon.jpg
[2026-08-25 23:28:00] ✅   Step 2: TTS (vi-VN-HoaiMyNeural)
[2026-08-25 23:28:01] ✅   Step 3: Audio EQ + Mix nhạc
[2026-08-25 23:28:02] ✅   Step 4: FFmpeg encode (12.7s)
[2026-08-25 23:28:07] ✅   ✅ OK: auto_20260825_232800_Nghệ_Thuật_Lắng_Nghe_Chủ_Động___Kỹ_Năng_.mp4 (0.89MB)
[2026-08-25 23:28:07] ✅   ✅ Video tạo xong: auto_20260825_232800_Nghệ_Thuật_Lắng_Nghe_Chủ_Động___Kỹ_Năng_.mp4
[2026-08-25 23:28:08] ✅ 
=== Ngày 2026-08-30: Tạo 5/5 video thành công ===
[2026-08-25 23:28:08] ✅   📂 Xem video tại: /Users/abc/.gemini/antigravity/scratch/1995lido_youtube_management/output_manual
[2026-08-25 23:28:08] ✅   🌐 Review tại: http://localhost:8098
[2026-08-25 23:28:08] ✅   Nghỉ 10 giây trước khi tạo ngày tiếp...
[2026-08-25 23:28:18] ✅ 
✅ Tổng kết: 125 video đã tạo cho ngày 6-30
[2026-08-26 13:02:15] ✅ ============================================================
[2026-08-26 13:02:15] ✅ Auto Create Daily Videos — @1995lido — 2026-08-26 13:02:15
[2026-08-26 13:02:15] ✅ ============================================================
[2026-08-26 13:02:15] ✅ 🗓️  Tạo video từ ngày 26 đến 30
[2026-08-26 13:02:15] ⚠️  Ngày 2026-08-26: đã tạo 5/5 video (dùng --force để tạo lại)
[2026-08-26 13:02:15] ✅   Nghỉ 10 giây trước khi tạo ngày tiếp...
[2026-08-26 13:02:25] ⚠️  Ngày 2026-08-27: đã tạo 5/5 video (dùng --force để tạo lại)
[2026-08-26 13:02:25] ✅   Nghỉ 10 giây trước khi tạo ngày tiếp...
[2026-08-26 13:02:35] ⚠️  Ngày 2026-08-28: đã tạo 5/5 video (dùng --force để tạo lại)
[2026-08-26 13:02:35] ✅   Nghỉ 10 giây trước khi tạo ngày tiếp...
[2026-08-26 13:02:45] ⚠️  Ngày 2026-08-29: đã tạo 5/5 video (dùng --force để tạo lại)
[2026-08-26 13:02:45] ✅   Nghỉ 10 giây trước khi tạo ngày tiếp...
[2026-08-26 13:02:55] ⚠️  Ngày 2026-08-30: đã tạo 5/5 video (dùng --force để tạo lại)
[2026-08-26 13:02:55] ✅   Nghỉ 10 giây trước khi tạo ngày tiếp...
[2026-08-26 13:03:05] ✅ 
✅ Tổng kết: 0 video đã tạo cho ngày 26-30
[2026-08-26 13:03:39] ✅ ============================================================
[2026-08-26 13:03:39] ✅ Auto Create Daily Videos — @1995lido — 2026-08-26 13:03:39
[2026-08-26 13:03:39] ✅ ============================================================
[2026-08-26 13:03:39] ✅ 🗓️  Tạo video từ ngày 26 đến 30
[2026-08-26 13:03:39] ✅ === Bắt đầu tạo 5 video cho ngày 2026-08-26 ===
[2026-08-26 13:03:39] ✅ 
[1/5] 🌅 Sáng 8h — nikaya — Kinh Nikaya: Sức Mạnh Của Nhẫn Nại (KHANTI) - Thắng Cơn
[2026-08-26 13:03:39] 🔵 BUILD: Kinh Nikaya: Sức Mạnh Của Nhẫn Nại (KHANTI) - Thắng Cơn Giận
[2026-08-26 13:03:40] ✅   Step 1: BG = bg_healing_noon.jpg
[2026-08-26 13:03:40] ✅   Step 2: TTS (vi-VN-HoaiMyNeural)
[2026-08-26 13:03:42] ✅   Step 3: Audio EQ + Mix nhạc
[2026-08-26 13:03:42] ✅   Step 4: FFmpeg encode (21.8s)
[2026-08-26 13:03:49] ✅   ✅ OK: auto_20260826_130339_Kinh_Nikaya__Sức_Mạnh_Của_Nhẫn_Nại__KHAN.mp4 (1.43MB)
[2026-08-26 13:03:49] ✅   ✅ Video tạo xong: auto_20260826_130339_Kinh_Nikaya__Sức_Mạnh_Của_Nhẫn_Nại__KHAN.mp4
[2026-08-26 13:03:50] ✅ 
[2/5] ☀️ Trưa 11h — deep_work — Phương Pháp Deep Work Của Cal Newport — 1 Giờ Bằng 4 Gi
[2026-08-26 13:03:50] 🔵 BUILD: Phương Pháp Deep Work Của Cal Newport — 1 Giờ Bằng 4 Giờ
[2026-08-26 13:03:50] ✅   Step 1: BG = bg_zen_evening.jpg
[2026-08-26 13:03:50] ✅   Step 2: TTS (vi-VN-NamMinhNeural)
[2026-08-26 13:03:51] ✅   Step 3: Audio EQ + Mix nhạc
[2026-08-26 13:03:51] ✅   Step 4: FFmpeg encode (12.6s)
[2026-08-26 13:03:56] ✅   ✅ OK: auto_20260826_130350_Phương_Pháp_Deep_Work_Của_Cal_Newport___.mp4 (0.90MB)
[2026-08-26 13:03:56] ✅   ✅ Video tạo xong: auto_20260826_130350_Phương_Pháp_Deep_Work_Của_Cal_Newport___.mp4
[2026-08-26 13:03:57] ✅ 
[3/5] 🌆 Chiều 18h — healing — 5 Dấu Hiệu Bạn Đang Burnout — Nhận Ra Trước Khi Quá Muộ
[2026-08-26 13:03:57] 🔵 BUILD: 5 Dấu Hiệu Bạn Đang Burnout — Nhận Ra Trước Khi Quá Muộn
[2026-08-26 13:03:57] ✅   Step 1: BG = bg_animation_style.jpg
[2026-08-26 13:03:57] ✅   Step 2: TTS (vi-VN-HoaiMyNeural)
[2026-08-26 13:03:58] ✅   Step 3: Audio EQ + Mix nhạc
[2026-08-26 13:03:59] ✅   Step 4: FFmpeg encode (14.0s)
[2026-08-26 13:04:04] ✅   ✅ OK: auto_20260826_130357_5_Dấu_Hiệu_Bạn_Đang_Burnout___Nhận_Ra_Tr.mp4 (0.91MB)
[2026-08-26 13:04:04] ✅   ✅ Video tạo xong: auto_20260826_130357_5_Dấu_Hiệu_Bạn_Đang_Burnout___Nhận_Ra_Tr.mp4
[2026-08-26 13:04:05] ✅ 
[4/5] 🌙 Tối 20h — discipline — Cách Xây Dựng Buổi Sáng 30 Phút Thay Đổi Cả Đời
[2026-08-26 13:04:05] 🔵 BUILD: Cách Xây Dựng Buổi Sáng 30 Phút Thay Đổi Cả Đời
[2026-08-26 13:04:05] ✅   Step 1: BG = bg_morning_deepwork.jpg
[2026-08-26 13:04:05] ✅   Step 2: TTS (vi-VN-NamMinhNeural)
[2026-08-26 13:04:06] ✅   Step 3: Audio EQ + Mix nhạc
[2026-08-26 13:04:06] ✅   Step 4: FFmpeg encode (13.1s)
[2026-08-26 13:04:11] ✅   ✅ OK: auto_20260826_130405_Cách_Xây_Dựng_Buổi_Sáng_30_Phút_Thay_Đổi.mp4 (0.67MB)
[2026-08-26 13:04:11] ✅   ✅ Video tạo xong: auto_20260826_130405_Cách_Xây_Dựng_Buổi_Sáng_30_Phút_Thay_Đổi.mp4
[2026-08-26 13:04:12] ✅ 
[5/5] ⭐ Đêm 21h30 — life_skills — First Impression — 7 Giây Đầu Quyết Định Mọi Thứ
[2026-08-26 13:04:12] 🔵 BUILD: First Impression — 7 Giây Đầu Quyết Định Mọi Thứ
[2026-08-26 13:04:12] ✅   Step 1: BG = bg_healing_noon.jpg
[2026-08-26 13:04:12] ✅   Step 2: TTS (vi-VN-HoaiMyNeural)
[2026-08-26 13:04:13] ✅   Step 3: Audio EQ + Mix nhạc
[2026-08-26 13:04:13] ✅   Step 4: FFmpeg encode (12.8s)
[2026-08-26 13:04:18] ✅   ✅ OK: auto_20260826_130412_First_Impression___7_Giây_Đầu_Quyết_Định.mp4 (0.90MB)
[2026-08-26 13:04:18] ✅   ✅ Video tạo xong: auto_20260826_130412_First_Impression___7_Giây_Đầu_Quyết_Định.mp4
[2026-08-26 13:04:19] ✅ 
=== Ngày 2026-08-26: Tạo 5/5 video thành công ===
[2026-08-26 13:04:19] ✅   📂 Xem video tại: /Users/abc/.gemini/antigravity/scratch/1995lido_youtube_management/output_manual
[2026-08-26 13:04:19] ✅   🌐 Review tại: http://localhost:8098
[2026-08-26 13:04:19] ✅   Nghỉ 10 giây trước khi tạo ngày tiếp...
[2026-08-26 13:04:29] ✅ === Bắt đầu tạo 5 video cho ngày 2026-08-27 ===
[2026-08-26 13:04:29] ✅ 
[1/5] 🌅 Sáng 8h — nikaya — Kinh Nikaya: Quán Thân Trên Thân (KAYANUPASSANA) - Giải
[2026-08-26 13:04:29] 🔵 BUILD: Kinh Nikaya: Quán Thân Trên Thân (KAYANUPASSANA) - Giải Tỏa 
[2026-08-26 13:04:29] ✅   Step 1: BG = bg_morning_deepwork.jpg
[2026-08-26 13:04:29] ✅   Step 2: TTS (vi-VN-HoaiMyNeural)
[2026-08-26 13:04:44] ✅   Step 3: Audio EQ + Mix nhạc
[2026-08-26 13:04:44] ✅   Step 4: FFmpeg encode (18.6s)
[2026-08-26 13:04:49] ✅   ✅ OK: auto_20260826_130429_Kinh_Nikaya__Quán_Thân_Trên_Thân__KAYANU.mp4 (1.02MB)
[2026-08-26 13:04:49] ✅   ✅ Video tạo xong: auto_20260826_130429_Kinh_Nikaya__Quán_Thân_Trên_Thân__KAYANU.mp4
[2026-08-26 13:04:50] ✅ 
[2/5] ☀️ Trưa 11h — deep_work — Tại Sao Người Thành Công Thức Dậy Sớm Hơn Bạn 1 Tiếng
[2026-08-26 13:04:50] 🔵 BUILD: Tại Sao Người Thành Công Thức Dậy Sớm Hơn Bạn 1 Tiếng
[2026-08-26 13:04:50] ✅   Step 1: BG = bg_animation_style.jpg
[2026-08-26 13:04:50] ✅   Step 2: TTS (vi-VN-NamMinhNeural)
[2026-08-26 13:04:52] ✅   Step 3: Audio EQ + Mix nhạc
[2026-08-26 13:04:52] ✅   Step 4: FFmpeg encode (11.9s)
[2026-08-26 13:04:56] ✅   ✅ OK: auto_20260826_130450_Tại_Sao_Người_Thành_Công_Thức_Dậy_Sớm_Hơ.mp4 (0.89MB)
[2026-08-26 13:04:56] ✅   ✅ Video tạo xong: auto_20260826_130450_Tại_Sao_Người_Thành_Công_Thức_Dậy_Sớm_Hơ.mp4
[2026-08-26 13:04:57] ✅ 
[3/5] 🌆 Chiều 18h — healing — Khi Sự Nhiệt Huyết Biến Mất — Vượt Qua Tê Liệt Cảm Xúc
[2026-08-26 13:04:57] 🔵 BUILD: Khi Sự Nhiệt Huyết Biến Mất — Vượt Qua Tê Liệt Cảm Xúc
[2026-08-26 13:04:57] ✅   Step 1: BG = bg_zen_evening.jpg
[2026-08-26 13:04:57] ✅   Step 2: TTS (vi-VN-HoaiMyNeural)
[2026-08-26 13:04:59] ✅   Step 3: Audio EQ + Mix nhạc
[2026-08-26 13:04:59] ✅   Step 4: FFmpeg encode (12.3s)
[2026-08-26 13:05:03] ✅   ✅ OK: auto_20260826_130457_Khi_Sự_Nhiệt_Huyết_Biến_Mất___Vượt_Qua_T.mp4 (0.89MB)
[2026-08-26 13:05:03] ✅   ✅ Video tạo xong: auto_20260826_130457_Khi_Sự_Nhiệt_Huyết_Biến_Mất___Vượt_Qua_T.mp4
[2026-08-26 13:05:04] ✅ 
[4/5] 🌙 Tối 20h — discipline — Cách Xây Dựng Buổi Sáng 30 Phút Thay Đổi Cả Đời
[2026-08-26 13:05:04] 🔵 BUILD: Cách Xây Dựng Buổi Sáng 30 Phút Thay Đổi Cả Đời
[2026-08-26 13:05:04] ✅   Step 1: BG = bg_healing_noon.jpg
[2026-08-26 13:05:04] ✅   Step 2: TTS (vi-VN-NamMinhNeural)
[2026-08-26 13:05:05] ✅   Step 3: Audio EQ + Mix nhạc
[2026-08-26 13:05:06] ✅   Step 4: FFmpeg encode (13.1s)
[2026-08-26 13:05:10] ✅   ✅ OK: auto_20260826_130504_Cách_Xây_Dựng_Buổi_Sáng_30_Phút_Thay_Đổi.mp4 (0.90MB)
[2026-08-26 13:05:10] ✅   ✅ Video tạo xong: auto_20260826_130504_Cách_Xây_Dựng_Buổi_Sáng_30_Phút_Thay_Đổi.mp4
[2026-08-26 13:05:11] ✅ 
[5/5] ⭐ Đêm 21h30 — life_skills — Nghệ Thuật Lắng Nghe Chủ Động — Kỹ Năng Hiếm Người Có
[2026-08-26 13:05:11] 🔵 BUILD: Nghệ Thuật Lắng Nghe Chủ Động — Kỹ Năng Hiếm Người Có
[2026-08-26 13:05:11] ✅   Step 1: BG = bg_morning_deepwork.jpg
[2026-08-26 13:05:11] ✅   Step 2: TTS (vi-VN-HoaiMyNeural)
[2026-08-26 13:05:12] ✅   Step 3: Audio EQ + Mix nhạc
[2026-08-26 13:05:13] ✅   Step 4: FFmpeg encode (12.7s)
[2026-08-26 13:05:16] ✅   ✅ OK: auto_20260826_130511_Nghệ_Thuật_Lắng_Nghe_Chủ_Động___Kỹ_Năng_.mp4 (0.66MB)
[2026-08-26 13:05:16] ✅   ✅ Video tạo xong: auto_20260826_130511_Nghệ_Thuật_Lắng_Nghe_Chủ_Động___Kỹ_Năng_.mp4
[2026-08-26 13:05:18] ✅ 
=== Ngày 2026-08-27: Tạo 5/5 video thành công ===
[2026-08-26 13:05:18] ✅   📂 Xem video tại: /Users/abc/.gemini/antigravity/scratch/1995lido_youtube_management/output_manual
[2026-08-26 13:05:18] ✅   🌐 Review tại: http://localhost:8098
[2026-08-26 13:05:18] ✅   Nghỉ 10 giây trước khi tạo ngày tiếp...
[2026-08-26 13:05:28] ✅ === Bắt đầu tạo 5 video cho ngày 2026-08-28 ===
[2026-08-26 13:05:28] ✅ 
[1/5] 🌅 Sáng 8h — nikaya — Kinh Nikaya: Định Luật Vô Thường (ANICCA) - Mọi Mệt Mỏi
[2026-08-26 13:05:28] 🔵 BUILD: Kinh Nikaya: Định Luật Vô Thường (ANICCA) - Mọi Mệt Mỏi Rồi 
[2026-08-26 13:05:28] ✅   Step 1: BG = bg_animation_style.jpg
[2026-08-26 13:05:28] ✅   Step 2: TTS (vi-VN-HoaiMyNeural)
[2026-08-26 13:05:29] ✅   Step 3: Audio EQ + Mix nhạc
[2026-08-26 13:05:29] ✅   Step 4: FFmpeg encode (20.0s)
[2026-08-26 13:05:35] ✅   ✅ OK: auto_20260826_130528_Kinh_Nikaya__Định_Luật_Vô_Thường__ANICCA.mp4 (1.41MB)
[2026-08-26 13:05:35] ✅   ✅ Video tạo xong: auto_20260826_130528_Kinh_Nikaya__Định_Luật_Vô_Thường__ANICCA.mp4
[2026-08-26 13:05:36] ✅ 
[2/5] ☀️ Trưa 11h — deep_work — Kỹ Thuật Time Boxing Nâng Cao — Làm Chủ 1 Ngày Không Xa
[2026-08-26 13:05:36] 🔵 BUILD: Kỹ Thuật Time Boxing Nâng Cao — Làm Chủ 1 Ngày Không Xao Nhã
[2026-08-26 13:05:36] ✅   Step 1: BG = bg_healing_noon.jpg
[2026-08-26 13:05:36] ✅   Step 2: TTS (vi-VN-NamMinhNeural)
[2026-08-26 13:05:37] ✅   Step 3: Audio EQ + Mix nhạc
[2026-08-26 13:05:38] ✅   Step 4: FFmpeg encode (14.2s)
[2026-08-26 13:05:42] ✅   ✅ OK: auto_20260826_130536_Kỹ_Thuật_Time_Boxing_Nâng_Cao___Làm_Chủ_.mp4 (1.21MB)
[2026-08-26 13:05:42] ✅   ✅ Video tạo xong: auto_20260826_130536_Kỹ_Thuật_Time_Boxing_Nâng_Cao___Làm_Chủ_.mp4
[2026-08-26 13:05:43] ✅ 
[3/5] 🌆 Chiều 18h — healing — Nghệ Thuật Buông Bỏ Kỳ Vọng — Giải Tỏa Áp Lực So Sánh
[2026-08-26 13:05:43] 🔵 BUILD: Nghệ Thuật Buông Bỏ Kỳ Vọng — Giải Tỏa Áp Lực So Sánh
[2026-08-26 13:05:43] ✅   Step 1: BG = bg_morning_deepwork.jpg
[2026-08-26 13:05:43] ✅   Step 2: TTS (vi-VN-HoaiMyNeural)
[2026-08-26 13:05:45] ✅   Step 3: Audio EQ + Mix nhạc
[2026-08-26 13:05:45] ✅   Step 4: FFmpeg encode (11.4s)
[2026-08-26 13:05:49] ✅   ✅ OK: auto_20260826_130543_Nghệ_Thuật_Buông_Bỏ_Kỳ_Vọng___Giải_Tỏa_Á.mp4 (0.64MB)
[2026-08-26 13:05:49] ✅   ✅ Video tạo xong: auto_20260826_130543_Nghệ_Thuật_Buông_Bỏ_Kỳ_Vọng___Giải_Tỏa_Á.mp4
[2026-08-26 13:05:50] ✅ 
[4/5] 🌙 Tối 20h — discipline — Habit Stacking — Ghép Thói Quen Mới Vào Thói Quen Cũ
[2026-08-26 13:05:50] 🔵 BUILD: Habit Stacking — Ghép Thói Quen Mới Vào Thói Quen Cũ
[2026-08-26 13:05:50] ✅   Step 1: BG = bg_zen_evening.jpg
[2026-08-26 13:05:50] ✅   Step 2: TTS (vi-VN-NamMinhNeural)
[2026-08-26 13:05:51] ✅   Step 3: Audio EQ + Mix nhạc
[2026-08-26 13:05:51] ✅   Step 4: FFmpeg encode (14.1s)
[2026-08-26 13:05:56] ✅   ✅ OK: auto_20260826_130550_Habit_Stacking___Ghép_Thói_Quen_Mới_Vào_.mp4 (0.92MB)
[2026-08-26 13:05:56] ✅   ✅ Video tạo xong: auto_20260826_130550_Habit_Stacking___Ghép_Thói_Quen_Mới_Vào_.mp4
[2026-08-26 13:05:57] ✅ 
[5/5] ⭐ Đêm 21h30 — life_skills — Nghệ Thuật Lắng Nghe Chủ Động — Kỹ Năng Hiếm Người Có
[2026-08-26 13:05:57] 🔵 BUILD: Nghệ Thuật Lắng Nghe Chủ Động — Kỹ Năng Hiếm Người Có
[2026-08-26 13:05:57] ✅   Step 1: BG = bg_animation_style.jpg
[2026-08-26 13:05:57] ✅   Step 2: TTS (vi-VN-HoaiMyNeural)
[2026-08-26 13:05:58] ✅   Step 3: Audio EQ + Mix nhạc
[2026-08-26 13:05:58] ✅   Step 4: FFmpeg encode (12.7s)
[2026-08-26 13:06:02] ✅   ✅ OK: auto_20260826_130557_Nghệ_Thuật_Lắng_Nghe_Chủ_Động___Kỹ_Năng_.mp4 (0.90MB)
[2026-08-26 13:06:02] ✅   ✅ Video tạo xong: auto_20260826_130557_Nghệ_Thuật_Lắng_Nghe_Chủ_Động___Kỹ_Năng_.mp4
[2026-08-26 13:06:03] ✅ 
=== Ngày 2026-08-28: Tạo 5/5 video thành công ===
[2026-08-26 13:06:03] ✅   📂 Xem video tại: /Users/abc/.gemini/antigravity/scratch/1995lido_youtube_management/output_manual
[2026-08-26 13:06:03] ✅   🌐 Review tại: http://localhost:8098
[2026-08-26 13:06:03] ✅   Nghỉ 10 giây trước khi tạo ngày tiếp...
[2026-08-26 13:06:13] ✅ === Bắt đầu tạo 5 video cho ngày 2026-08-29 ===
[2026-08-26 13:06:13] ✅ 
[1/5] 🌅 Sáng 8h — nikaya — Kinh Nikaya: Bí Quyết Vượt Qua Nỗi Sợ Thất Bại & Biến C
[2026-08-26 13:06:13] 🔵 BUILD: Kinh Nikaya: Bí Quyết Vượt Qua Nỗi Sợ Thất Bại & Biến Cố Cuộ
[2026-08-26 13:06:13] ✅   Step 1: BG = bg_animation_style.jpg
[2026-08-26 13:06:13] ✅   Step 2: TTS (vi-VN-HoaiMyNeural)
[2026-08-26 13:06:15] ✅   Step 3: Audio EQ + Mix nhạc
[2026-08-26 13:06:15] ✅   Step 4: FFmpeg encode (16.9s)
[2026-08-26 13:06:20] ✅   ✅ OK: auto_20260826_130613_Kinh_Nikaya__Bí_Quyết_Vượt_Qua_Nỗi_Sợ_Th.mp4 (1.37MB)
[2026-08-26 13:06:20] ✅   ✅ Video tạo xong: auto_20260826_130613_Kinh_Nikaya__Bí_Quyết_Vượt_Qua_Nỗi_Sợ_Th.mp4
[2026-08-26 13:06:21] ✅ 
[2/5] ☀️ Trưa 11h — deep_work — Ma Trận Eisenhower — Phân Loại Công Việc Để Làm Đúng Vi
[2026-08-26 13:06:21] 🔵 BUILD: Ma Trận Eisenhower — Phân Loại Công Việc Để Làm Đúng Việc
[2026-08-26 13:06:21] ✅   Step 1: BG = bg_morning_deepwork.jpg
[2026-08-26 13:06:21] ✅   Step 2: TTS (vi-VN-NamMinhNeural)
[2026-08-26 13:06:23] ✅   Step 3: Audio EQ + Mix nhạc
[2026-08-26 13:06:23] ✅   Step 4: FFmpeg encode (13.9s)
[2026-08-26 13:06:28] ✅   ✅ OK: auto_20260826_130621_Ma_Trận_Eisenhower___Phân_Loại_Công_Việc.mp4 (0.68MB)
[2026-08-26 13:06:28] ✅   ✅ Video tạo xong: auto_20260826_130621_Ma_Trận_Eisenhower___Phân_Loại_Công_Việc.mp4
[2026-08-26 13:06:29] ✅ 
[3/5] 🌆 Chiều 18h — healing — Làm Sao Để Tha Thứ Cho Người Làm Mình Đau
[2026-08-26 13:06:29] 🔵 BUILD: Làm Sao Để Tha Thứ Cho Người Làm Mình Đau
[2026-08-26 13:06:29] ✅   Step 1: BG = bg_healing_noon.jpg
[2026-08-26 13:06:29] ✅   Step 2: TTS (vi-VN-HoaiMyNeural)
[2026-08-26 13:06:31] ✅   Step 3: Audio EQ + Mix nhạc
[2026-08-26 13:06:31] ✅   Step 4: FFmpeg encode (11.9s)
[2026-08-26 13:06:35] ✅   ✅ OK: auto_20260826_130629_Làm_Sao_Để_Tha_Thứ_Cho_Người_Làm_Mình_Đa.mp4 (0.88MB)
[2026-08-26 13:06:35] ✅   ✅ Video tạo xong: auto_20260826_130629_Làm_Sao_Để_Tha_Thứ_Cho_Người_Làm_Mình_Đa.mp4
[2026-08-26 13:06:36] ✅ 
[4/5] 🌙 Tối 20h — discipline — Sức Mạnh Của Journaling — Viết Nhật Ký 10 Phút Mỗi Tối
[2026-08-26 13:06:36] 🔵 BUILD: Sức Mạnh Của Journaling — Viết Nhật Ký 10 Phút Mỗi Tối
[2026-08-26 13:06:36] ✅   Step 1: BG = bg_zen_evening.jpg
[2026-08-26 13:06:36] ✅   Step 2: TTS (vi-VN-NamMinhNeural)
[2026-08-26 13:06:37] ✅   Step 3: Audio EQ + Mix nhạc
[2026-08-26 13:06:38] ✅   Step 4: FFmpeg encode (11.7s)
[2026-08-26 13:06:41] ✅   ✅ OK: auto_20260826_130636_Sức_Mạnh_Của_Journaling___Viết_Nhật_Ký_1.mp4 (0.89MB)
[2026-08-26 13:06:41] ✅   ✅ Video tạo xong: auto_20260826_130636_Sức_Mạnh_Của_Journaling___Viết_Nhật_Ký_1.mp4
[2026-08-26 13:06:42] ✅ 
[5/5] ⭐ Đêm 21h30 — life_skills — Tại Sao Người Ít Nói Lại Thường Được Tin Tưởng Hơn
[2026-08-26 13:06:42] 🔵 BUILD: Tại Sao Người Ít Nói Lại Thường Được Tin Tưởng Hơn
[2026-08-26 13:06:42] ✅   Step 1: BG = bg_animation_style.jpg
[2026-08-26 13:06:42] ✅   Step 2: TTS (vi-VN-HoaiMyNeural)
[2026-08-26 13:06:52] ✅   Step 3: Audio EQ + Mix nhạc
[2026-08-26 13:06:52] ✅   Step 4: FFmpeg encode (12.5s)
[2026-08-26 13:06:56] ✅   ✅ OK: auto_20260826_130642_Tại_Sao_Người_Ít_Nói_Lại_Thường_Được_Tin.mp4 (0.89MB)
[2026-08-26 13:06:56] ✅   ✅ Video tạo xong: auto_20260826_130642_Tại_Sao_Người_Ít_Nói_Lại_Thường_Được_Tin.mp4
[2026-08-26 13:06:57] ✅ 
=== Ngày 2026-08-29: Tạo 5/5 video thành công ===
[2026-08-26 13:06:57] ✅   📂 Xem video tại: /Users/abc/.gemini/antigravity/scratch/1995lido_youtube_management/output_manual
[2026-08-26 13:06:57] ✅   🌐 Review tại: http://localhost:8098
[2026-08-26 13:06:57] ✅   Nghỉ 10 giây trước khi tạo ngày tiếp...
[2026-08-26 13:07:07] ✅ === Bắt đầu tạo 5 video cho ngày 2026-08-30 ===
[2026-08-26 13:07:07] ✅ 
[1/5] 🌅 Sáng 8h — nikaya — Kinh Nikaya: Tâm Xả Vô Lượng (UPEKKHA) - Đứng Vững Trướ
[2026-08-26 13:07:07] 🔵 BUILD: Kinh Nikaya: Tâm Xả Vô Lượng (UPEKKHA) - Đứng Vững Trước Són
[2026-08-26 13:07:07] ✅   Step 1: BG = bg_zen_evening.jpg
[2026-08-26 13:07:07] ✅   Step 2: TTS (vi-VN-HoaiMyNeural)
[2026-08-26 13:07:09] ✅   Step 3: Audio EQ + Mix nhạc
[2026-08-26 13:07:09] ✅   Step 4: FFmpeg encode (17.6s)
[2026-08-26 13:07:14] ✅   ✅ OK: auto_20260826_130707_Kinh_Nikaya__Tâm_Xả_Vô_Lượng__UPEKKHA___.mp4 (1.38MB)
[2026-08-26 13:07:14] ✅   ✅ Video tạo xong: auto_20260826_130707_Kinh_Nikaya__Tâm_Xả_Vô_Lượng__UPEKKHA___.mp4
[2026-08-26 13:07:15] ✅ 
[2/5] ☀️ Trưa 11h — deep_work — Ngừng Đa Nhiệm — Làm Một Việc Hiệu Quả Hơn 5 Việc Cùng 
[2026-08-26 13:07:15] 🔵 BUILD: Ngừng Đa Nhiệm — Làm Một Việc Hiệu Quả Hơn 5 Việc Cùng Lúc
[2026-08-26 13:07:15] ✅   Step 1: BG = bg_healing_noon.jpg
[2026-08-26 13:07:15] ✅   Step 2: TTS (vi-VN-NamMinhNeural)
[2026-08-26 13:07:17] ✅   Step 3: Audio EQ + Mix nhạc
[2026-08-26 13:07:17] ✅   Step 4: FFmpeg encode (11.7s)
[2026-08-26 13:07:21] ✅   ✅ OK: auto_20260826_130715_Ngừng_Đa_Nhiệm___Làm_Một_Việc_Hiệu_Quả_H.mp4 (0.89MB)
[2026-08-26 13:07:21] ✅   ✅ Video tạo xong: auto_20260826_130715_Ngừng_Đa_Nhiệm___Làm_Một_Việc_Hiệu_Quả_H.mp4
[2026-08-26 13:07:22] ✅ 
[3/5] 🌆 Chiều 18h — healing — Nghệ Thuật Buông Bỏ Kỳ Vọng — Giải Tỏa Áp Lực So Sánh
[2026-08-26 13:07:22] 🔵 BUILD: Nghệ Thuật Buông Bỏ Kỳ Vọng — Giải Tỏa Áp Lực So Sánh
[2026-08-26 13:07:22] ✅   Step 1: BG = bg_animation_style.jpg
[2026-08-26 13:07:22] ✅   Step 2: TTS (vi-VN-HoaiMyNeural)
[2026-08-26 13:07:23] ✅   Step 3: Audio EQ + Mix nhạc
[2026-08-26 13:07:23] ✅   Step 4: FFmpeg encode (11.4s)
[2026-08-26 13:07:28] ✅   ✅ OK: auto_20260826_130722_Nghệ_Thuật_Buông_Bỏ_Kỳ_Vọng___Giải_Tỏa_Á.mp4 (0.88MB)
[2026-08-26 13:07:28] ✅   ✅ Video tạo xong: auto_20260826_130722_Nghệ_Thuật_Buông_Bỏ_Kỳ_Vọng___Giải_Tỏa_Á.mp4
[2026-08-26 13:07:29] ✅ 
[4/5] 🌙 Tối 20h — discipline — Sức Mạnh Của Journaling — Viết Nhật Ký 10 Phút Mỗi Tối
[2026-08-26 13:07:29] 🔵 BUILD: Sức Mạnh Của Journaling — Viết Nhật Ký 10 Phút Mỗi Tối
[2026-08-26 13:07:29] ✅   Step 1: BG = bg_morning_deepwork.jpg
[2026-08-26 13:07:29] ✅   Step 2: TTS (vi-VN-NamMinhNeural)
[2026-08-26 13:07:31] ✅   Step 3: Audio EQ + Mix nhạc
[2026-08-26 13:07:31] ✅   Step 4: FFmpeg encode (11.7s)
[2026-08-26 13:07:36] ✅   ✅ OK: auto_20260826_130729_Sức_Mạnh_Của_Journaling___Viết_Nhật_Ký_1.mp4 (0.65MB)
[2026-08-26 13:07:36] ✅   ✅ Video tạo xong: auto_20260826_130729_Sức_Mạnh_Của_Journaling___Viết_Nhật_Ký_1.mp4
[2026-08-26 13:07:37] ✅ 
[5/5] ⭐ Đêm 21h30 — life_skills — Tại Sao Người Ít Nói Lại Thường Được Tin Tưởng Hơn
[2026-08-26 13:07:37] 🔵 BUILD: Tại Sao Người Ít Nói Lại Thường Được Tin Tưởng Hơn
[2026-08-26 13:07:37] ✅   Step 1: BG = bg_zen_evening.jpg
[2026-08-26 13:07:37] ✅   Step 2: TTS (vi-VN-HoaiMyNeural)
[2026-08-26 13:07:38] ✅   Step 3: Audio EQ + Mix nhạc
[2026-08-26 13:07:39] ✅   Step 4: FFmpeg encode (12.5s)
[2026-08-26 13:07:43] ✅   ✅ OK: auto_20260826_130737_Tại_Sao_Người_Ít_Nói_Lại_Thường_Được_Tin.mp4 (0.89MB)
[2026-08-26 13:07:43] ✅   ✅ Video tạo xong: auto_20260826_130737_Tại_Sao_Người_Ít_Nói_Lại_Thường_Được_Tin.mp4
[2026-08-26 13:07:44] ✅ 
=== Ngày 2026-08-30: Tạo 5/5 video thành công ===
[2026-08-26 13:07:44] ✅   📂 Xem video tại: /Users/abc/.gemini/antigravity/scratch/1995lido_youtube_management/output_manual
[2026-08-26 13:07:44] ✅   🌐 Review tại: http://localhost:8098
[2026-08-26 13:07:44] ✅   Nghỉ 10 giây trước khi tạo ngày tiếp...
[2026-08-26 13:07:54] ✅ 
✅ Tổng kết: 25 video đã tạo cho ngày 26-30
[2026-08-26 14:08:11] ✅ ============================================================
[2026-08-26 14:08:11] ✅ Auto Create Daily Videos — @1995lido — 2026-08-26 14:08:11
[2026-08-26 14:08:11] ✅ ============================================================
[2026-08-26 14:38:38] ✅ ============================================================
[2026-08-26 14:38:38] ✅ Auto Create Daily Videos — @1995lido — 2026-08-26 14:38:38
[2026-08-26 14:38:38] ✅ ============================================================
[2026-08-26 14:47:07] ✅ ============================================================
[2026-08-26 14:47:07] ✅ Auto Create Daily Videos — @1995lido — 2026-08-26 14:47:07
[2026-08-26 14:47:07] ✅ ============================================================
[2026-08-26 22:15:53] ✅ ============================================================
[2026-08-26 22:15:53] ✅ Auto Create Daily Videos — @1995lido — 2026-08-26 22:15:53
[2026-08-26 22:15:53] ✅ ============================================================
[2026-08-26 22:15:53] ✅ 🗓️  Tạo video từ ngày 31 đến 60
[2026-08-26 22:15:53] ✅ === Bắt đầu tạo 5 video cho ngày 2026-08-31 ===
[2026-08-26 22:15:53] ✅ 
[1/5] 🌅 Sáng 8h — nikaya — Kinh Nikaya: Sức Mạnh Của Nhẫn Nại (KHANTI) - Thắng Cơn
[2026-08-26 22:15:53] 🔵 BUILD: Kinh Nikaya: Sức Mạnh Của Nhẫn Nại (KHANTI) - Thắng Cơn Giận
[2026-08-26 22:15:53] ✅   Step 1: BG = bg_phat3.jpg
[2026-08-26 22:15:53] ✅   Step 2: TTS (vi-VN-HoaiMyNeural)
[2026-08-26 22:15:54] ✅   Step 3: Audio EQ + Mix nhạc
[2026-08-26 22:15:55] ✅   Step 4: FFmpeg encode (21.8s)
[2026-08-26 22:15:55] ❌   ❌ Lỗi tạo video slot 08:00: FFmpeg encode lỗi: [out#0/mp4 @ 0x7fcd0e013740] Nothing was written into output file, because at least one of its streams received no packets.
frame=    0 fps=0.0 q=0.0 Lsize=       0KiB time=00:00:00.98 bitrate=   0.0kbits/s speed=  11x elapsed=0:00:00.08    
[aac @ 0x7fcd0e015a80] Qavg: 65515.434
Conversion failed!

[2026-08-26 22:15:56] ✅ 
[2/5] ☀️ Trưa 11h — deep_work — Phương Pháp Deep Work Của Cal Newport — 1 Giờ Bằng 4 Gi
[2026-08-26 22:15:56] 🔵 BUILD: Phương Pháp Deep Work Của Cal Newport — 1 Giờ Bằng 4 Giờ
[2026-08-26 22:15:56] ✅   Step 1: BG = bg_animation_style.jpg
[2026-08-26 22:15:56] ✅   Step 2: TTS (vi-VN-NamMinhNeural)
[2026-08-26 22:15:57] ✅   Step 3: Audio EQ + Mix nhạc
[2026-08-26 22:15:57] ✅   Step 4: FFmpeg encode (12.6s)
[2026-08-26 22:15:57] ❌   ❌ Lỗi tạo video slot 11:00: FFmpeg encode lỗi: [out#0/mp4 @ 0x7f81ba90f540] Nothing was written into output file, because at least one of its streams received no packets.
frame=    0 fps=0.0 q=0.0 Lsize=       0KiB time=00:00:00.98 bitrate=   0.0kbits/s speed=10.1x elapsed=0:00:00.09    
[aac @ 0x7f81ba912ac0] Qavg: 55368.020
Conversion failed!

[2026-08-26 22:15:59] ✅ 
[3/5] 🌆 Chiều 18h — healing — Cách Thoát Khỏi Vòng Lặp Overthinking Mỗi Đêm
[2026-08-26 22:15:59] 🔵 BUILD: Cách Thoát Khỏi Vòng Lặp Overthinking Mỗi Đêm
[2026-08-26 22:15:59] ✅   Step 1: BG = bg_phat1.jpg
[2026-08-26 22:15:59] ✅   Step 2: TTS (vi-VN-HoaiMyNeural)
[2026-08-26 22:16:00] ✅   Step 3: Audio EQ + Mix nhạc
[2026-08-26 22:16:00] ✅   Step 4: FFmpeg encode (11.9s)
[2026-08-26 22:16:00] ❌   ❌ Lỗi tạo video slot 18:00: FFmpeg encode lỗi: [out#0/mp4 @ 0x7fa690c0b780] Nothing was written into output file, because at least one of its streams received no packets.
frame=    0 fps=0.0 q=0.0 Lsize=       0KiB time=00:00:00.98 bitrate=   0.0kbits/s speed=12.3x elapsed=0:00:00.07    
[aac @ 0x7fa690c0f340] Qavg: 57280.109
Conversion failed!

[2026-08-26 22:16:01] ✅ 
[4/5] 🌙 Tối 20h — discipline — Habit Stacking — Ghép Thói Quen Mới Vào Thói Quen Cũ
[2026-08-26 22:16:01] 🔵 BUILD: Habit Stacking — Ghép Thói Quen Mới Vào Thói Quen Cũ
[2026-08-26 22:16:01] ✅   Step 1: BG = bg_phat2.jpg
[2026-08-26 22:16:01] ✅   Step 2: TTS (vi-VN-NamMinhNeural)
[2026-08-26 22:16:02] ✅   Step 3: Audio EQ + Mix nhạc
[2026-08-26 22:16:03] ✅   Step 4: FFmpeg encode (14.1s)
[2026-08-26 22:16:03] ❌   ❌ Lỗi tạo video slot 20:00: FFmpeg encode lỗi: [out#0/mp4 @ 0x7fe9b18083c0] Nothing was written into output file, because at least one of its streams received no packets.
frame=    0 fps=0.0 q=0.0 Lsize=       0KiB time=00:00:00.98 bitrate=   0.0kbits/s speed=10.9x elapsed=0:00:00.09    
[aac @ 0x7fe9b1810240] Qavg: 65495.406
Conversion failed!

[2026-08-26 22:16:04] ✅ 
[5/5] ⭐ Đêm 21h30 — life_skills — Nghệ Thuật Lắng Nghe Chủ Động — Kỹ Năng Hiếm Người Có
[2026-08-26 22:16:04] 🔵 BUILD: Nghệ Thuật Lắng Nghe Chủ Động — Kỹ Năng Hiếm Người Có
[2026-08-26 22:16:04] ✅   Step 1: BG = bg_Zen1.jpg
[2026-08-26 22:16:04] ✅   Step 2: TTS (vi-VN-HoaiMyNeural)
[2026-08-26 22:16:05] ✅   Step 3: Audio EQ + Mix nhạc
[2026-08-26 22:16:05] ✅   Step 4: FFmpeg encode (12.7s)
[2026-08-26 22:16:06] ❌   ❌ Lỗi tạo video slot 21:30: FFmpeg encode lỗi: [out#0/mp4 @ 0x7f9d70f074c0] Nothing was written into output file, because at least one of its streams received no packets.
frame=    0 fps=0.0 q=0.0 Lsize=       0KiB time=00:00:00.98 bitrate=   0.0kbits/s speed=23.5x elapsed=0:00:00.04    
[aac @ 0x7f9d70f0a580] Qavg: 55395.426
Conversion failed!

[2026-08-26 22:16:07] ✅ 
=== Ngày 2026-08-31: Tạo 0/5 video thành công ===
[2026-08-26 22:16:07] ✅   📂 Xem video tại: /Users/abc/.gemini/antigravity/scratch/1995lido_youtube_management/output_manual
[2026-08-26 22:16:07] ✅   🌐 Review tại: http://localhost:8098
[2026-08-26 22:16:07] ✅   Nghỉ 10 giây trước khi tạo ngày tiếp...
[2026-08-26 22:16:17] ❌ Ngày 32 lỗi: day is out of range for month
[2026-08-26 22:16:17] ❌ Ngày 33 lỗi: day is out of range for month
[2026-08-26 22:16:17] ❌ Ngày 34 lỗi: day is out of range for month
[2026-08-26 22:16:17] ❌ Ngày 35 lỗi: day is out of range for month
[2026-08-26 22:16:17] ❌ Ngày 36 lỗi: day is out of range for month
[2026-08-26 22:16:17] ❌ Ngày 37 lỗi: day is out of range for month
[2026-08-26 22:16:17] ❌ Ngày 38 lỗi: day is out of range for month
[2026-08-26 22:16:17] ❌ Ngày 39 lỗi: day is out of range for month
[2026-08-26 22:16:17] ❌ Ngày 40 lỗi: day is out of range for month
[2026-08-26 22:16:17] ❌ Ngày 41 lỗi: day is out of range for month
[2026-08-26 22:16:17] ❌ Ngày 42 lỗi: day is out of range for month
[2026-08-26 22:16:17] ❌ Ngày 43 lỗi: day is out of range for month
[2026-08-26 22:16:17] ❌ Ngày 44 lỗi: day is out of range for month
[2026-08-26 22:16:17] ❌ Ngày 45 lỗi: day is out of range for month
[2026-08-26 22:16:17] ❌ Ngày 46 lỗi: day is out of range for month
[2026-08-26 22:16:17] ❌ Ngày 47 lỗi: day is out of range for month
[2026-08-26 22:16:17] ❌ Ngày 48 lỗi: day is out of range for month
[2026-08-26 22:16:17] ❌ Ngày 49 lỗi: day is out of range for month
[2026-08-26 22:16:17] ❌ Ngày 50 lỗi: day is out of range for month
[2026-08-26 22:16:17] ❌ Ngày 51 lỗi: day is out of range for month
[2026-08-26 22:16:17] ❌ Ngày 52 lỗi: day is out of range for month
[2026-08-26 22:16:17] ❌ Ngày 53 lỗi: day is out of range for month
[2026-08-26 22:16:17] ❌ Ngày 54 lỗi: day is out of range for month
[2026-08-26 22:16:17] ❌ Ngày 55 lỗi: day is out of range for month
[2026-08-26 22:16:17] ❌ Ngày 56 lỗi: day is out of range for month
[2026-08-26 22:16:17] ❌ Ngày 57 lỗi: day is out of range for month
[2026-08-26 22:16:17] ❌ Ngày 58 lỗi: day is out of range for month
[2026-08-26 22:16:17] ❌ Ngày 59 lỗi: day is out of range for month
[2026-08-26 22:16:17] ❌ Ngày 60 lỗi: day is out of range for month
[2026-08-26 22:16:17] ✅ 
✅ Tổng kết: 0 video đã tạo cho ngày 31-60
[2026-08-26 22:16:28] ✅ ============================================================
[2026-08-26 22:16:28] ✅ Auto Create Daily Videos — @1995lido — 2026-08-26 22:16:28
[2026-08-26 22:16:28] ✅ ============================================================
[2026-08-26 22:31:14] ✅ ============================================================
[2026-08-26 22:31:14] ✅ Auto Create Daily Videos — @1995lido — 2026-08-26 22:31:14
[2026-08-26 22:31:14] ✅ ============================================================
[2026-08-26 22:31:43] ✅ ============================================================
[2026-08-26 22:31:43] ✅ Auto Create Daily Videos — @1995lido — 2026-08-26 22:31:43
[2026-08-26 22:31:43] ✅ ============================================================
[2026-08-26 22:31:47] ✅ ============================================================
[2026-08-26 22:31:47] ✅ Auto Create Daily Videos — @1995lido — 2026-08-26 22:31:47
[2026-08-26 22:31:47] ✅ ============================================================
[2026-08-26 22:31:47] ⚠️  Ngày 2026-08-31: đã tạo 0/5 video (dùng --force để tạo lại)
[2026-08-26 22:32:01] ✅ ============================================================
[2026-08-26 22:32:01] ✅ Auto Create Daily Videos — @1995lido — 2026-08-26 22:32:01
[2026-08-26 22:32:01] ✅ ============================================================
[2026-08-26 22:32:01] ✅ === Bắt đầu tạo 5 video cho ngày 2026-08-31 ===
[2026-08-26 22:32:01] ✅ 
[1/5] 🌅 Sáng 8h — nikaya — Kinh Nikaya: Bí Quyết Vượt Qua Nỗi Sợ Thất Bại & Biến C
[2026-08-26 22:32:01] 🔵 BUILD: Kinh Nikaya: Bí Quyết Vượt Qua Nỗi Sợ Thất Bại & Biến Cố Cuộ
[2026-08-26 22:32:01] ✅   Step 1: BG = bg_healing_noon.jpg
[2026-08-26 22:32:01] ✅   Step 2: TTS (vi-VN-HoaiMyNeural)
[2026-08-26 22:32:03] ✅   Step 3: Audio EQ + Mix nhạc
[2026-08-26 22:32:03] ✅   Step 4: FFmpeg encode (16.9s)
[2026-08-26 22:32:03] ❌   ❌ Lỗi tạo video slot 08:00: FFmpeg encode lỗi: [out#0/mp4 @ 0x7fa99d107400] Nothing was written into output file, because at least one of its streams received no packets.
frame=    0 fps=0.0 q=0.0 Lsize=       0KiB time=00:00:00.98 bitrate=   0.0kbits/s speed=8.31x elapsed=0:00:00.11    
[aac @ 0x7fa99d10bc00] Qavg: 65483.797
Conversion failed!

[2026-08-26 22:32:04] ✅ 
[2/5] ☀️ Trưa 11h — deep_work — Ngừng Đa Nhiệm — Làm Một Việc Hiệu Quả Hơn 5 Việc Cùng 
[2026-08-26 22:32:04] 🔵 BUILD: Ngừng Đa Nhiệm — Làm Một Việc Hiệu Quả Hơn 5 Việc Cùng Lúc
[2026-08-26 22:32:04] ✅   Step 1: BG = bg_phat2.jpg
[2026-08-26 22:32:04] ✅   Step 2: TTS (vi-VN-NamMinhNeural)
[2026-08-26 22:32:06] ✅   Step 3: Audio EQ + Mix nhạc
[2026-08-26 22:32:06] ✅   Step 4: FFmpeg encode (11.7s)
[2026-08-26 22:32:06] ❌   ❌ Lỗi tạo video slot 11:00: FFmpeg encode lỗi: [out#0/mp4 @ 0x7fcb91e06080] Nothing was written into output file, because at least one of its streams received no packets.
frame=    0 fps=0.0 q=0.0 Lsize=       0KiB time=00:00:00.98 bitrate=   0.0kbits/s speed=8.96x elapsed=0:00:00.10    
[aac @ 0x7fcb8e707440] Qavg: 57428.969
Conversion failed!

[2026-08-26 22:32:07] ✅ 
[3/5] 🌆 Chiều 18h — healing — Kỹ Thuật 5-4-3-2-1 Chặn Cơn Lo Âu Trong 60 Giây
[2026-08-26 22:32:07] 🔵 BUILD: Kỹ Thuật 5-4-3-2-1 Chặn Cơn Lo Âu Trong 60 Giây
[2026-08-26 22:32:07] ✅   Step 1: BG = bg_zen_evening.jpg
[2026-08-26 22:32:07] ✅   Step 2: TTS (vi-VN-HoaiMyNeural)
[2026-08-26 22:32:09] ✅   Step 3: Audio EQ + Mix nhạc
[2026-08-26 22:32:09] ✅   Step 4: FFmpeg encode (13.8s)
[2026-08-26 22:32:09] ❌   ❌ Lỗi tạo video slot 18:00: FFmpeg encode lỗi: [out#0/mp4 @ 0x7fe8da907940] Nothing was written into output file, because at least one of its streams received no packets.
frame=    0 fps=0.0 q=0.0 Lsize=       0KiB time=00:00:00.98 bitrate=   0.0kbits/s speed=8.21x elapsed=0:00:00.11    
[aac @ 0x7fe8da90ba80] Qavg: 55401.262
Conversion failed!

[2026-08-26 22:32:10] ✅ 
[4/5] 🌙 Tối 20h — discipline — Tại Sao Kỷ Luật Quan Trọng Hơn Cảm Hứng 100 Lần
[2026-08-26 22:32:10] 🔵 BUILD: Tại Sao Kỷ Luật Quan Trọng Hơn Cảm Hứng 100 Lần
[2026-08-26 22:32:10] ✅   Step 1: BG = bg_morning_deepwork.jpg
[2026-08-26 22:32:11] ✅   Step 2: TTS (vi-VN-NamMinhNeural)
[2026-08-26 22:32:12] ✅   Step 3: Audio EQ + Mix nhạc
[2026-08-26 22:32:12] ✅   Step 4: FFmpeg encode (12.4s)
[2026-08-26 22:32:12] ❌   ❌ Lỗi tạo video slot 20:00: FFmpeg encode lỗi: [out#0/mp4 @ 0x7fb72a90b340] Nothing was written into output file, because at least one of its streams received no packets.
frame=    0 fps=0.0 q=0.0 Lsize=       0KiB time=00:00:00.98 bitrate=   0.0kbits/s speed=8.23x elapsed=0:00:00.11    
[aac @ 0x7fb72a90dbc0] Qavg: 65503.844
Conversion failed!

[2026-08-26 22:32:13] ✅ 
[5/5] ⭐ Đêm 21h30 — life_skills — Nghệ Thuật Lắng Nghe Chủ Động — Kỹ Năng Hiếm Người Có
[2026-08-26 22:32:13] 🔵 BUILD: Nghệ Thuật Lắng Nghe Chủ Động — Kỹ Năng Hiếm Người Có
[2026-08-26 22:32:13] ✅   Step 1: BG = bg_phat1.jpg
[2026-08-26 22:32:14] ✅   Step 2: TTS (vi-VN-HoaiMyNeural)
[2026-08-26 22:32:15] ✅   Step 3: Audio EQ + Mix nhạc
[2026-08-26 22:32:15] ✅   Step 4: FFmpeg encode (12.7s)
[2026-08-26 22:32:15] ❌   ❌ Lỗi tạo video slot 21:30: FFmpeg encode lỗi: [out#0/mp4 @ 0x7fdfe2804100] Nothing was written into output file, because at least one of its streams received no packets.
frame=    0 fps=0.0 q=0.0 Lsize=       0KiB time=00:00:00.98 bitrate=   0.0kbits/s speed=8.73x elapsed=0:00:00.11    
[aac @ 0x7fdfe0d07e00] Qavg: 57252.582
Conversion failed!

[2026-08-26 22:32:16] ✅ 
=== Ngày 2026-08-31: Tạo 0/5 video thành công ===
[2026-08-26 22:32:16] ✅   📂 Xem video tại: /Users/abc/.gemini/antigravity/scratch/1995lido_youtube_management/output_manual
[2026-08-26 22:32:16] ✅   🌐 Review tại: http://localhost:8098
[2026-08-26 22:34:13] ✅ ============================================================
[2026-08-26 22:34:13] ✅ Auto Create Daily Videos — @1995lido — 2026-08-26 22:34:13
[2026-08-26 22:34:13] ✅ ============================================================
[2026-08-26 22:34:13] ✅ === Bắt đầu tạo 5 video cho ngày 2026-08-31 ===
[2026-08-26 22:34:13] ✅ 
[1/5] 🌅 Sáng 8h — nikaya — Kinh Nikaya: Luật Nhân Quả (KAMA) - Bạn Là Chủ Nhân Số 
[2026-08-26 22:34:13] 🔵 BUILD: Kinh Nikaya: Luật Nhân Quả (KAMA) - Bạn Là Chủ Nhân Số Phận 
[2026-08-26 22:34:14] ✅   Step 1: BG = bg_phat2.jpg
[2026-08-26 22:34:14] ✅   Step 2: TTS (vi-VN-HoaiMyNeural)
[2026-08-26 22:34:15] ✅   Step 3: Audio EQ + Mix nhạc
[2026-08-26 22:34:16] ✅   Step 4: FFmpeg encode (18.9s)
[2026-08-26 22:34:16] ❌   ❌ Lỗi tạo video slot 08:00: FFmpeg encode lỗi: ffmpeg version 9.0-tessus  https://evermeet.cx/ffmpeg/  Copyright (c) 2000-2026 the FFmpeg developers
  built with Apple clang version 17.0.0 (clang-1700.6.4.2)
  configuration: --cc=/usr/bin/clang --prefix=/opt/ffmpeg --extra-version=tessus --enable-avisynth --enable-fontconfig --enable-gpl --enable-libaom --enable-libass --enable-libbluray --enable-libdav1d --enable-libfreetype --enable-libgsm --enable-libharfbuzz --enable-libmodplug --enable-libmp3lame --enable-libmysofa --enable-libopencore-amrnb --enable-libopencore-amrwb --enable-libopenh264 --enable-libopenjpeg --enable-libopus --enable-librubberband --enable-libshine --enable-libsnappy --enable-libsoxr --enable-libspeex --enable-libtheora --enable-libtwolame --enable-libvidstab --enable-libvmaf --enable-libvo-amrwbenc --enable-libvorbis --enable-libvpx --enable-libwebp --enable-libx264 --enable-libx265 --enable-libxavs --enable-libxml2 --enable-libxvid --enable-libzimg --enable-libzmq --enable-libzvbi --enable-version3 --pkg-config-flags=--static --disable-ffplay
  libavutil      61.  1.100 / 61.  1.100
  libavcodec     63.  1.100 / 63.  1.100
  libavformat    63.  1.100 / 63.  1.100
  libavdevice    63.  1.100 / 63.  1.100
  libavfilter    12.  1.100 / 12.  1.100
  libswscale     10.  1.100 / 10.  1.100
  libswresample   7.  1.100 /  7.  1.100
Input #0, image2, from '/Users/abc/.gemini/antigravity/scratch/1995lido_youtube_management/studio_tmp/tmp_08836eca_tc.jpg':
  Duration: 00:00:00.04, start: 0.000000, bitrate: 37940 kb/s
  Stream #0:0: Video: mjpeg (Baseline), yuvj420p(pc, bt470bg/unknown/unknown), 500x884 [SAR 1:1 DAR 125:221], 25 fps, 25 tbr, 25 tbn
Input #1, png_pipe, from '/Users/abc/.gemini/antigravity/scratch/1995lido_youtube_management/studio_backgrounds/bg_Zen1.jpg':
  Duration: N/A, bitrate: N/A
  Stream #1:0: Video: png, rgba(pc, gbr/unknown/unknown), 506x900 [SAR 5669:5669 DAR 253:450], 25 fps, 25 tbr, 25 tbn
Input #2, image2, from '/Users/abc/.gemini/antigravity/scratch/1995lido_youtube_management/studio_backgrounds/bg_animation_style.jpg':
  Duration: 00:00:00.04, start: 0.000000, bitrate: 94373 kb/s
  Stream #2:0: Video: mjpeg (Baseline), yuvj420p(pc, bt470bg/unknown/unknown), 768x1376 [SAR 1:1 DAR 24:43], 25 fps, 25 tbr, 25 tbn
[aist#3:0/pcm_s16le @ 0x7f9384404700] Guessed Channel Layout: mono
Input #3, wav, from '/Users/abc/.gemini/antigravity/scratch/1995lido_youtube_management/studio_tmp/tmp_08836eca_m.wav':
  Metadata:
    encoder         : Lavf63.1.100
  Duration: 00:00:18.94, bitrate: 384 kb/s
  Stream #3:0: Audio: pcm_s16le ([1][0][0][0] / 0x0001), 24000 Hz, mono, s16, 384 kb/s
Stream mapping:
  Stream #0:0 (mjpeg) -> scale:default
  Stream #1:0 (png) -> scale:default
  Stream #2:0 (mjpeg) -> scale:default
  concat:out:v0 -> Stream #0:0 (libx264)
  Stream #3:0 -> #0:1 (pcm_s16le (native) -> aac (native))
Press [q] to stop, [?] for help
[aac @ 0x7f93844096c0] Too many bits 8192.000000 > 6144 per frame requested, clamping to max
[Parsed_concat_12 @ 0x7f9384011540] Input link in0:v0 parameters (size 1080x1920, SAR 486013:486000) do not match the corresponding output link in0:v0 parameters (1080x1920, SAR 40000:40001)
[Parsed_concat_12 @ 0x7f9384011540] Failed to configure output pad on Parsed_concat_12
[fc#0 @ 0x7f9383808200] Error reinitializing filters!
[fc#0 @ 0x7f9383808200] Task finished with error code: -22 (Invalid argument)
[fc#0 @ 0x7f9383808200] Terminating thread with return code -22 (Invalid argument)
[vost#0:0/libx264 @ 0x7f9384407840] [enc:libx264 @ 0x7f9384407fc0] Could not open encoder before EOF
[vost#0:0/libx264 @ 0x7f9384407840] Task finished with error code: -22 (Invalid argument)
[vost#0:0/libx264 @ 0x7f9384407840] Terminating thread with return code -22 (Invalid argument)
[out#0/mp4 @ 0x7f9384404580] Nothing was written into output file, because at least one of its streams received no packets.
frame=    0 fps=0.0 q=0.0 Lsize=       0KiB time=00:00:00.98 bitrate=   0.0kbits/s speed=9.68x elapsed=0:00:00.10    
[aac @ 0x7f93844096c0] Qavg: 57263.293
Conversion failed!

[2026-08-26 22:34:17] ✅ 
[2/5] ☀️ Trưa 11h — deep_work — Kỹ Thuật Time Boxing Nâng Cao — Làm Chủ 1 Ngày Không Xa
[2026-08-26 22:34:17] 🔵 BUILD: Kỹ Thuật Time Boxing Nâng Cao — Làm Chủ 1 Ngày Không Xao Nhã
[2026-08-26 22:34:17] ✅   Step 1: BG = bg_zen_evening.jpg
[2026-08-26 22:34:17] ✅   Step 2: TTS (vi-VN-NamMinhNeural)
[2026-08-26 22:34:18] ✅   Step 3: Audio EQ + Mix nhạc
[2026-08-26 22:34:18] ✅   Step 4: FFmpeg encode (14.2s)
[2026-08-26 22:34:19] ❌   ❌ Lỗi tạo video slot 11:00: FFmpeg encode lỗi: ffmpeg version 9.0-tessus  https://evermeet.cx/ffmpeg/  Copyright (c) 2000-2026 the FFmpeg developers
  built with Apple clang version 17.0.0 (clang-1700.6.4.2)
  configuration: --cc=/usr/bin/clang --prefix=/opt/ffmpeg --extra-version=tessus --enable-avisynth --enable-fontconfig --enable-gpl --enable-libaom --enable-libass --enable-libbluray --enable-libdav1d --enable-libfreetype --enable-libgsm --enable-libharfbuzz --enable-libmodplug --enable-libmp3lame --enable-libmysofa --enable-libopencore-amrnb --enable-libopencore-amrwb --enable-libopenh264 --enable-libopenjpeg --enable-libopus --enable-librubberband --enable-libshine --enable-libsnappy --enable-libsoxr --enable-libspeex --enable-libtheora --enable-libtwolame --enable-libvidstab --enable-libvmaf --enable-libvo-amrwbenc --enable-libvorbis --enable-libvpx --enable-libwebp --enable-libx264 --enable-libx265 --enable-libxavs --enable-libxml2 --enable-libxvid --enable-libzimg --enable-libzmq --enable-libzvbi --enable-version3 --pkg-config-flags=--static --disable-ffplay
  libavutil      61.  1.100 / 61.  1.100
  libavcodec     63.  1.100 / 63.  1.100
  libavformat    63.  1.100 / 63.  1.100
  libavdevice    63.  1.100 / 63.  1.100
  libavfilter    12.  1.100 / 12.  1.100
  libswscale     10.  1.100 / 10.  1.100
  libswresample   7.  1.100 /  7.  1.100
Input #0, image2, from '/Users/abc/.gemini/antigravity/scratch/1995lido_youtube_management/studio_tmp/tmp_d8a67a46_tc.jpg':
  Duration: 00:00:00.04, start: 0.000000, bitrate: 89643 kb/s
  Stream #0:0: Video: mjpeg (Baseline), yuvj420p(pc, bt470bg/unknown/unknown), 768x1376 [SAR 1:1 DAR 24:43], 25 fps, 25 tbr, 25 tbn
Input #1, png_pipe, from '/Users/abc/.gemini/antigravity/scratch/1995lido_youtube_management/studio_backgrounds/bg_Zen1.jpg':
  Duration: N/A, bitrate: N/A
  Stream #1:0: Video: png, rgba(pc, gbr/unknown/unknown), 506x900 [SAR 5669:5669 DAR 253:450], 25 fps, 25 tbr, 25 tbn
Input #2, image2, from '/Users/abc/.gemini/antigravity/scratch/1995lido_youtube_management/studio_backgrounds/bg_animation_style.jpg':
  Duration: 00:00:00.04, start: 0.000000, bitrate: 94373 kb/s
  Stream #2:0: Video: mjpeg (Baseline), yuvj420p(pc, bt470bg/unknown/unknown), 768x1376 [SAR 1:1 DAR 24:43], 25 fps, 25 tbr, 25 tbn
[aist#3:0/pcm_s16le @ 0x7fa60f106140] Guessed Channel Layout: mono
Input #3, wav, from '/Users/abc/.gemini/antigravity/scratch/1995lido_youtube_management/studio_tmp/tmp_d8a67a46_m.wav':
  Metadata:
    encoder         : Lavf63.1.100
  Duration: 00:00:14.23, bitrate: 384 kb/s
  Stream #3:0: Audio: pcm_s16le ([1][0][0][0] / 0x0001), 24000 Hz, mono, s16, 384 kb/s
Stream mapping:
  Stream #0:0 (mjpeg) -> scale:default
  Stream #1:0 (png) -> scale:default
  Stream #2:0 (mjpeg) -> scale:default
  concat:out:v0 -> Stream #0:0 (libx264)
  Stream #3:0 -> #0:1 (pcm_s16le (native) -> aac (native))
Press [q] to stop, [?] for help
[aac @ 0x7fa60e709f40] Too many bits 8192.000000 > 6144 per frame requested, clamping to max
[Parsed_concat_12 @ 0x7fa61160cc00] Input link in0:v0 parameters (size 1080x1920, SAR 486013:486000) do not match the corresponding output link in0:v0 parameters (1080x1920, SAR 1:1)
[Parsed_concat_12 @ 0x7fa61160cc00] Failed to configure output pad on Parsed_concat_12
[fc#0 @ 0x7fa610008600] Error reinitializing filters!
[fc#0 @ 0x7fa610008600] Task finished with error code: -22 (Invalid argument)
[fc#0 @ 0x7fa610008600] Terminating thread with return code -22 (Invalid argument)
[vost#0:0/libx264 @ 0x7fa60f108fc0] [enc:libx264 @ 0x7fa60f109640] Could not open encoder before EOF
[vost#0:0/libx264 @ 0x7fa60f108fc0] Task finished with error code: -22 (Invalid argument)
[vost#0:0/libx264 @ 0x7fa60f108fc0] Terminating thread with return code -22 (Invalid argument)
[out#0/mp4 @ 0x7fa60f105d80] Nothing was written into output file, because at least one of its streams received no packets.
frame=    0 fps=0.0 q=0.0 Lsize=       0KiB time=00:00:00.98 bitrate=   0.0kbits/s speed=8.44x elapsed=0:00:00.11    
[aac @ 0x7fa60e709f40] Qavg: 55365.074
Conversion failed!

[2026-08-26 22:34:20] ✅ 
[3/5] 🌆 Chiều 18h — healing — Cách Thoát Khỏi Vòng Lặp Overthinking Mỗi Đêm
[2026-08-26 22:34:20] 🔵 BUILD: Cách Thoát Khỏi Vòng Lặp Overthinking Mỗi Đêm
[2026-08-26 22:34:20] ✅   Step 1: BG = bg_animation_style.jpg
[2026-08-26 22:34:20] ✅   Step 2: TTS (vi-VN-HoaiMyNeural)
[2026-08-26 22:34:21] ✅   Step 3: Audio EQ + Mix nhạc
[2026-08-26 22:34:21] ✅   Step 4: FFmpeg encode (11.9s)
[2026-08-26 22:34:22] ❌   ❌ Lỗi tạo video slot 18:00: FFmpeg encode lỗi: ffmpeg version 9.0-tessus  https://evermeet.cx/ffmpeg/  Copyright (c) 2000-2026 the FFmpeg developers
  built with Apple clang version 17.0.0 (clang-1700.6.4.2)
  configuration: --cc=/usr/bin/clang --prefix=/opt/ffmpeg --extra-version=tessus --enable-avisynth --enable-fontconfig --enable-gpl --enable-libaom --enable-libass --enable-libbluray --enable-libdav1d --enable-libfreetype --enable-libgsm --enable-libharfbuzz --enable-libmodplug --enable-libmp3lame --enable-libmysofa --enable-libopencore-amrnb --enable-libopencore-amrwb --enable-libopenh264 --enable-libopenjpeg --enable-libopus --enable-librubberband --enable-libshine --enable-libsnappy --enable-libsoxr --enable-libspeex --enable-libtheora --enable-libtwolame --enable-libvidstab --enable-libvmaf --enable-libvo-amrwbenc --enable-libvorbis --enable-libvpx --enable-libwebp --enable-libx264 --enable-libx265 --enable-libxavs --enable-libxml2 --enable-libxvid --enable-libzimg --enable-libzmq --enable-libzvbi --enable-version3 --pkg-config-flags=--static --disable-ffplay
  libavutil      61.  1.100 / 61.  1.100
  libavcodec     63.  1.100 / 63.  1.100
  libavformat    63.  1.100 / 63.  1.100
  libavdevice    63.  1.100 / 63.  1.100
  libavfilter    12.  1.100 / 12.  1.100
  libswscale     10.  1.100 / 10.  1.100
  libswresample   7.  1.100 /  7.  1.100
Input #0, image2, from '/Users/abc/.gemini/antigravity/scratch/1995lido_youtube_management/studio_tmp/tmp_708d5529_tc.jpg':
  Duration: 00:00:00.04, start: 0.000000, bitrate: 88202 kb/s
  Stream #0:0: Video: mjpeg (Baseline), yuvj420p(pc, bt470bg/unknown/unknown), 768x1376 [SAR 1:1 DAR 24:43], 25 fps, 25 tbr, 25 tbn
Input #1, png_pipe, from '/Users/abc/.gemini/antigravity/scratch/1995lido_youtube_management/studio_backgrounds/bg_Zen1.jpg':
  Duration: N/A, bitrate: N/A
  Stream #1:0: Video: png, rgba(pc, gbr/unknown/unknown), 506x900 [SAR 5669:5669 DAR 253:450], 25 fps, 25 tbr, 25 tbn
Input #2, image2, from '/Users/abc/.gemini/antigravity/scratch/1995lido_youtube_management/studio_backgrounds/bg_healing_noon.jpg':
  Duration: 00:00:00.04, start: 0.000000, bitrate: 92621 kb/s
  Stream #2:0: Video: mjpeg (Baseline), yuvj420p(pc, bt470bg/unknown/unknown), 768x1376 [SAR 1:1 DAR 24:43], 25 fps, 25 tbr, 25 tbn
[aist#3:0/pcm_s16le @ 0x7fd266405f80] Guessed Channel Layout: mono
Input #3, wav, from '/Users/abc/.gemini/antigravity/scratch/1995lido_youtube_management/studio_tmp/tmp_708d5529_m.wav':
  Metadata:
    encoder         : Lavf63.1.100
  Duration: 00:00:11.95, bitrate: 384 kb/s
  Stream #3:0: Audio: pcm_s16le ([1][0][0][0] / 0x0001), 24000 Hz, mono, s16, 384 kb/s
Stream mapping:
  Stream #0:0 (mjpeg) -> scale:default
  Stream #1:0 (png) -> scale:default
  Stream #2:0 (mjpeg) -> scale:default
  concat:out:v0 -> Stream #0:0 (libx264)
  Stream #3:0 -> #0:1 (pcm_s16le (native) -> aac (native))
Press [q] to stop, [?] for help
[aac @ 0x7fd263506400] Too many bits 8192.000000 > 6144 per frame requested, clamping to max
[Parsed_concat_12 @ 0x7fd263609a80] Input link in0:v0 parameters (size 1080x1920, SAR 486013:486000) do not match the corresponding output link in0:v0 parameters (1080x1920, SAR 1:1)
[Parsed_concat_12 @ 0x7fd263609a80] Failed to configure output pad on Parsed_concat_12
[fc#0 @ 0x7fd264008a00] Error reinitializing filters!
[fc#0 @ 0x7fd264008a00] Task finished with error code: -22 (Invalid argument)
[fc#0 @ 0x7fd264008a00] Terminating thread with return code -22 (Invalid argument)
[vost#0:0/libx264 @ 0x7fd269d070c0] [enc:libx264 @ 0x7fd269d05bc0] Could not open encoder before EOF
[vost#0:0/libx264 @ 0x7fd269d070c0] Task finished with error code: -22 (Invalid argument)
[vost#0:0/libx264 @ 0x7fd269d070c0] Terminating thread with return code -22 (Invalid argument)
[out#0/mp4 @ 0x7fd269d06700] Nothing was written into output file, because at least one of its streams received no packets.
frame=    0 fps=0.0 q=0.0 Lsize=       0KiB time=00:00:00.98 bitrate=   0.0kbits/s speed=8.26x elapsed=0:00:00.11    
[aac @ 0x7fd263506400] Qavg: 65536.000
Conversion failed!

[2026-08-26 22:34:23] ✅ 
[4/5] 🌙 Tối 20h — discipline — Atomic Habits — Thay Đổi 1% Mỗi Ngày Để Tạo Bước Nhảy V
[2026-08-26 22:34:23] 🔵 BUILD: Atomic Habits — Thay Đổi 1% Mỗi Ngày Để Tạo Bước Nhảy Vọt
[2026-08-26 22:34:23] ✅   Step 1: BG = bg_healing_noon.jpg
[2026-08-26 22:34:23] ✅   Step 2: TTS (vi-VN-NamMinhNeural)
[2026-08-26 22:34:24] ✅   Step 3: Audio EQ + Mix nhạc
[2026-08-26 22:34:24] ✅   Step 4: FFmpeg encode (13.1s)
[2026-08-26 22:34:25] ❌   ❌ Lỗi tạo video slot 20:00: FFmpeg encode lỗi: ffmpeg version 9.0-tessus  https://evermeet.cx/ffmpeg/  Copyright (c) 2000-2026 the FFmpeg developers
  built with Apple clang version 17.0.0 (clang-1700.6.4.2)
  configuration: --cc=/usr/bin/clang --prefix=/opt/ffmpeg --extra-version=tessus --enable-avisynth --enable-fontconfig --enable-gpl --enable-libaom --enable-libass --enable-libbluray --enable-libdav1d --enable-libfreetype --enable-libgsm --enable-libharfbuzz --enable-libmodplug --enable-libmp3lame --enable-libmysofa --enable-libopencore-amrnb --enable-libopencore-amrwb --enable-libopenh264 --enable-libopenjpeg --enable-libopus --enable-librubberband --enable-libshine --enable-libsnappy --enable-libsoxr --enable-libspeex --enable-libtheora --enable-libtwolame --enable-libvidstab --enable-libvmaf --enable-libvo-amrwbenc --enable-libvorbis --enable-libvpx --enable-libwebp --enable-libx264 --enable-libx265 --enable-libxavs --enable-libxml2 --enable-libxvid --enable-libzimg --enable-libzmq --enable-libzvbi --enable-version3 --pkg-config-flags=--static --disable-ffplay
  libavutil      61.  1.100 / 61.  1.100
  libavcodec     63.  1.100 / 63.  1.100
  libavformat    63.  1.100 / 63.  1.100
  libavdevice    63.  1.100 / 63.  1.100
  libavfilter    12.  1.100 / 12.  1.100
  libswscale     10.  1.100 / 10.  1.100
  libswresample   7.  1.100 /  7.  1.100
Input #0, image2, from '/Users/abc/.gemini/antigravity/scratch/1995lido_youtube_management/studio_tmp/tmp_1ed21b2e_tc.jpg':
  Duration: 00:00:00.04, start: 0.000000, bitrate: 88194 kb/s
  Stream #0:0: Video: mjpeg (Baseline), yuvj420p(pc, bt470bg/unknown/unknown), 768x1376 [SAR 1:1 DAR 24:43], 25 fps, 25 tbr, 25 tbn
Input #1, png_pipe, from '/Users/abc/.gemini/antigravity/scratch/1995lido_youtube_management/studio_backgrounds/bg_Zen1.jpg':
  Duration: N/A, bitrate: N/A
  Stream #1:0: Video: png, rgba(pc, gbr/unknown/unknown), 506x900 [SAR 5669:5669 DAR 253:450], 25 fps, 25 tbr, 25 tbn
Input #2, image2, from '/Users/abc/.gemini/antigravity/scratch/1995lido_youtube_management/studio_backgrounds/bg_animation_style.jpg':
  Duration: 00:00:00.04, start: 0.000000, bitrate: 94373 kb/s
  Stream #2:0: Video: mjpeg (Baseline), yuvj420p(pc, bt470bg/unknown/unknown), 768x1376 [SAR 1:1 DAR 24:43], 25 fps, 25 tbr, 25 tbn
[aist#3:0/pcm_s16le @ 0x7faea7d06d80] Guessed Channel Layout: mono
Input #3, wav, from '/Users/abc/.gemini/antigravity/scratch/1995lido_youtube_management/studio_tmp/tmp_1ed21b2e_m.wav':
  Metadata:
    encoder         : Lavf63.1.100
  Duration: 00:00:13.08, bitrate: 384 kb/s
  Stream #3:0: Audio: pcm_s16le ([1][0][0][0] / 0x0001), 24000 Hz, mono, s16, 384 kb/s
Stream mapping:
  Stream #0:0 (mjpeg) -> scale:default
  Stream #1:0 (png) -> scale:default
  Stream #2:0 (mjpeg) -> scale:default
  concat:out:v0 -> Stream #0:0 (libx264)
  Stream #3:0 -> #0:1 (pcm_s16le (native) -> aac (native))
Press [q] to stop, [?] for help
[aac @ 0x7faea7d09380] Too many bits 8192.000000 > 6144 per frame requested, clamping to max
[Parsed_concat_12 @ 0x7faea61131c0] Input link in0:v0 parameters (size 1080x1920, SAR 486013:486000) do not match the corresponding output link in0:v0 parameters (1080x1920, SAR 1:1)
[Parsed_concat_12 @ 0x7faea61131c0] Failed to configure output pad on Parsed_concat_12
[fc#0 @ 0x7faea500d800] Error reinitializing filters!
[fc#0 @ 0x7faea500d800] Task finished with error code: -22 (Invalid argument)
[vost#0:0/libx264 @ 0x7faea7d07700] [enc:libx264 @ 0x7faea7d07c80] Could not open encoder before EOF
[vost#0:0/libx264 @ 0x7faea7d07700] Task finished with error code: -22 (Invalid argument)
[fc#0 @ 0x7faea500d800] Terminating thread with return code -22 (Invalid argument)
[vost#0:0/libx264 @ 0x7faea7d07700] Terminating thread with return code -22 (Invalid argument)
[out#0/mp4 @ 0x7faea7d06c00] Nothing was written into output file, because at least one of its streams received no packets.
frame=    0 fps=0.0 q=0.0 Lsize=       0KiB time=00:00:00.98 bitrate=   0.0kbits/s speed=9.61x elapsed=0:00:00.10    
[aac @ 0x7faea7d09380] Qavg: 57368.973
Conversion failed!

[2026-08-26 22:34:26] ✅ 
[5/5] ⭐ Đêm 21h30 — life_skills — First Impression — 7 Giây Đầu Quyết Định Mọi Thứ
[2026-08-26 22:34:26] 🔵 BUILD: First Impression — 7 Giây Đầu Quyết Định Mọi Thứ
[2026-08-26 22:34:26] ✅   Step 1: BG = bg_phat1.jpg
[2026-08-26 22:34:26] ✅   Step 2: TTS (vi-VN-HoaiMyNeural)
[2026-08-26 22:34:27] ✅   Step 3: Audio EQ + Mix nhạc
[2026-08-26 22:34:27] ✅   Step 4: FFmpeg encode (12.8s)
[2026-08-26 22:34:27] ❌   ❌ Lỗi tạo video slot 21:30: FFmpeg encode lỗi: ffmpeg version 9.0-tessus  https://evermeet.cx/ffmpeg/  Copyright (c) 2000-2026 the FFmpeg developers
  built with Apple clang version 17.0.0 (clang-1700.6.4.2)
  configuration: --cc=/usr/bin/clang --prefix=/opt/ffmpeg --extra-version=tessus --enable-avisynth --enable-fontconfig --enable-gpl --enable-libaom --enable-libass --enable-libbluray --enable-libdav1d --enable-libfreetype --enable-libgsm --enable-libharfbuzz --enable-libmodplug --enable-libmp3lame --enable-libmysofa --enable-libopencore-amrnb --enable-libopencore-amrwb --enable-libopenh264 --enable-libopenjpeg --enable-libopus --enable-librubberband --enable-libshine --enable-libsnappy --enable-libsoxr --enable-libspeex --enable-libtheora --enable-libtwolame --enable-libvidstab --enable-libvmaf --enable-libvo-amrwbenc --enable-libvorbis --enable-libvpx --enable-libwebp --enable-libx264 --enable-libx265 --enable-libxavs --enable-libxml2 --enable-libxvid --enable-libzimg --enable-libzmq --enable-libzvbi --enable-version3 --pkg-config-flags=--static --disable-ffplay
  libavutil      61.  1.100 / 61.  1.100
  libavcodec     63.  1.100 / 63.  1.100
  libavformat    63.  1.100 / 63.  1.100
  libavdevice    63.  1.100 / 63.  1.100
  libavfilter    12.  1.100 / 12.  1.100
  libswscale     10.  1.100 / 10.  1.100
  libswresample   7.  1.100 /  7.  1.100
Input #0, image2, from '/Users/abc/.gemini/antigravity/scratch/1995lido_youtube_management/studio_tmp/tmp_74f4e588_tc.jpg':
  Duration: 00:00:00.04, start: 0.000000, bitrate: 38592 kb/s
  Stream #0:0: Video: mjpeg (Baseline), yuvj420p(pc, bt470bg/unknown/unknown), 506x882 [SAR 1:1 DAR 253:441], 25 fps, 25 tbr, 25 tbn
Input #1, png_pipe, from '/Users/abc/.gemini/antigravity/scratch/1995lido_youtube_management/studio_backgrounds/bg_Zen1.jpg':
  Duration: N/A, bitrate: N/A
  Stream #1:0: Video: png, rgba(pc, gbr/unknown/unknown), 506x900 [SAR 5669:5669 DAR 253:450], 25 fps, 25 tbr, 25 tbn
Input #2, image2, from '/Users/abc/.gemini/antigravity/scratch/1995lido_youtube_management/studio_backgrounds/bg_animation_style.jpg':
  Duration: 00:00:00.04, start: 0.000000, bitrate: 94373 kb/s
  Stream #2:0: Video: mjpeg (Baseline), yuvj420p(pc, bt470bg/unknown/unknown), 768x1376 [SAR 1:1 DAR 24:43], 25 fps, 25 tbr, 25 tbn
[aist#3:0/pcm_s16le @ 0x7f964eb06d80] Guessed Channel Layout: mono
Input #3, wav, from '/Users/abc/.gemini/antigravity/scratch/1995lido_youtube_management/studio_tmp/tmp_74f4e588_m.wav':
  Metadata:
    encoder         : Lavf63.1.100
  Duration: 00:00:12.84, bitrate: 384 kb/s
  Stream #3:0: Audio: pcm_s16le ([1][0][0][0] / 0x0001), 24000 Hz, mono, s16, 384 kb/s
Stream mapping:
  Stream #0:0 (mjpeg) -> scale:default
  Stream #1:0 (png) -> scale:default
  Stream #2:0 (mjpeg) -> scale:default
  concat:out:v0 -> Stream #0:0 (libx264)
  Stream #3:0 -> #0:1 (pcm_s16le (native) -> aac (native))
Press [q] to stop, [?] for help
[aac @ 0x7f964eb09480] Too many bits 8192.000000 > 6144 per frame requested, clamping to max
[Parsed_concat_12 @ 0x7f964d90dc00] Input link in0:v0 parameters (size 1080x1920, SAR 486013:486000) do not match the corresponding output link in0:v0 parameters (1080x1920, SAR 161920:161847)
[Parsed_concat_12 @ 0x7f964d90dc00] Failed to configure output pad on Parsed_concat_12
[fc#0 @ 0x7f964b80a000] Error reinitializing filters!
[fc#0 @ 0x7f964b80a000] Task finished with error code: -22 (Invalid argument)
[fc#0 @ 0x7f964b80a000] Terminating thread with return code -22 (Invalid argument)
[vost#0:0/libx264 @ 0x7f964eb07780] [enc:libx264 @ 0x7f964eb07e80] Could not open encoder before EOF
[vost#0:0/libx264 @ 0x7f964eb07780] Task finished with error code: -22 (Invalid argument)
[vost#0:0/libx264 @ 0x7f964eb07780] Terminating thread with return code -22 (Invalid argument)
[out#0/mp4 @ 0x7f964eb06c00] Nothing was written into output file, because at least one of its streams received no packets.
frame=    0 fps=0.0 q=0.0 Lsize=       0KiB time=00:00:00.98 bitrate=   0.0kbits/s speed=9.83x elapsed=0:00:00.09    
[aac @ 0x7f964eb09480] Qavg: 55383.875
Conversion failed!

[2026-08-26 22:34:28] ✅ 
=== Ngày 2026-08-31: Tạo 0/5 video thành công ===
[2026-08-26 22:34:28] ✅   📂 Xem video tại: /Users/abc/.gemini/antigravity/scratch/1995lido_youtube_management/output_manual
[2026-08-26 22:34:28] ✅   🌐 Review tại: http://localhost:8098
[2026-08-26 22:34:54] ✅ ============================================================
[2026-08-26 22:34:54] ✅ Auto Create Daily Videos — @1995lido — 2026-08-26 22:34:54
[2026-08-26 22:34:54] ✅ ============================================================
[2026-08-26 22:34:54] ✅ === Bắt đầu tạo 5 video cho ngày 2026-08-31 ===
[2026-08-26 22:34:54] ✅ 
[1/5] 🌅 Sáng 8h — nikaya — Kinh Nikaya: Giữ Vững Sức Mạnh Chánh Mạng (SAMMA AJIVA)
[2026-08-26 22:34:54] 🔵 BUILD: Kinh Nikaya: Giữ Vững Sức Mạnh Chánh Mạng (SAMMA AJIVA)
[2026-08-26 22:34:54] ✅   Step 1: BG = bg_phat1.jpg
[2026-08-26 22:34:54] ✅   Step 2: TTS (vi-VN-HoaiMyNeural)
[2026-08-26 22:34:56] ✅   Step 3: Audio EQ + Mix nhạc
[2026-08-26 22:34:56] ✅   Step 4: FFmpeg encode (17.7s)
[2026-08-26 22:35:03] ✅   ✅ OK: auto_20260826_223454_Kinh_Nikaya__Giữ_Vững_Sức_Mạnh_Chánh_Mạn.mp4 (1.07MB)
[2026-08-26 22:35:03] ✅   ✅ Video tạo xong: auto_20260826_223454_Kinh_Nikaya__Giữ_Vững_Sức_Mạnh_Chánh_Mạn.mp4
[2026-08-26 22:35:04] ✅ 
[2/5] ☀️ Trưa 11h — deep_work — Tại Sao Người Thành Công Thức Dậy Sớm Hơn Bạn 1 Tiếng
[2026-08-26 22:35:04] 🔵 BUILD: Tại Sao Người Thành Công Thức Dậy Sớm Hơn Bạn 1 Tiếng
[2026-08-26 22:35:04] ✅   Step 1: BG = bg_morning_deepwork.jpg
[2026-08-26 22:35:04] ✅   Step 2: TTS (vi-VN-NamMinhNeural)
[2026-08-26 22:35:05] ✅   Step 3: Audio EQ + Mix nhạc
[2026-08-26 22:35:06] ✅   Step 4: FFmpeg encode (11.9s)
[2026-08-26 22:35:10] ✅   ✅ OK: auto_20260826_223504_Tại_Sao_Người_Thành_Công_Thức_Dậy_Sớm_Hơ.mp4 (0.65MB)
[2026-08-26 22:35:10] ✅   ✅ Video tạo xong: auto_20260826_223504_Tại_Sao_Người_Thành_Công_Thức_Dậy_Sớm_Hơ.mp4
[2026-08-26 22:35:11] ✅ 
[3/5] 🌆 Chiều 18h — healing — Kỹ Thuật 5-4-3-2-1 Chặn Cơn Lo Âu Trong 60 Giây
[2026-08-26 22:35:11] 🔵 BUILD: Kỹ Thuật 5-4-3-2-1 Chặn Cơn Lo Âu Trong 60 Giây
[2026-08-26 22:35:11] ✅   Step 1: BG = bg_zen_evening.jpg
[2026-08-26 22:35:11] ✅   Step 2: TTS (vi-VN-HoaiMyNeural)
[2026-08-26 22:35:12] ✅   Step 3: Audio EQ + Mix nhạc
[2026-08-26 22:35:13] ✅   Step 4: FFmpeg encode (13.8s)
[2026-08-26 22:35:19] ✅   ✅ OK: auto_20260826_223511_Kỹ_Thuật_5_4_3_2_1_Chặn_Cơn_Lo_Âu_Trong_.mp4 (0.91MB)
[2026-08-26 22:35:19] ✅   ✅ Video tạo xong: auto_20260826_223511_Kỹ_Thuật_5_4_3_2_1_Chặn_Cơn_Lo_Âu_Trong_.mp4
[2026-08-26 22:35:20] ✅ 
[4/5] 🌙 Tối 20h — discipline — Habit Stacking — Ghép Thói Quen Mới Vào Thói Quen Cũ
[2026-08-26 22:35:20] 🔵 BUILD: Habit Stacking — Ghép Thói Quen Mới Vào Thói Quen Cũ
[2026-08-26 22:35:20] ✅   Step 1: BG = bg_phat2.jpg
[2026-08-26 22:35:20] ✅   Step 2: TTS (vi-VN-NamMinhNeural)
[2026-08-26 22:35:22] ✅   Step 3: Audio EQ + Mix nhạc
[2026-08-26 22:35:23] ✅   Step 4: FFmpeg encode (14.1s)
[2026-08-26 22:35:33] ✅   ✅ OK: auto_20260826_223520_Habit_Stacking___Ghép_Thói_Quen_Mới_Vào_.mp4 (0.66MB)
[2026-08-26 22:35:33] ✅   ✅ Video tạo xong: auto_20260826_223520_Habit_Stacking___Ghép_Thói_Quen_Mới_Vào_.mp4
[2026-08-26 22:35:34] ✅ 
[5/5] ⭐ Đêm 21h30 — life_skills — First Impression — 7 Giây Đầu Quyết Định Mọi Thứ
[2026-08-26 22:35:34] 🔵 BUILD: First Impression — 7 Giây Đầu Quyết Định Mọi Thứ
[2026-08-26 22:35:34] ✅   Step 1: BG = bg_Zen1.jpg
[2026-08-26 22:35:35] ✅   Step 2: TTS (vi-VN-HoaiMyNeural)
[2026-08-26 22:35:37] ✅   Step 3: Audio EQ + Mix nhạc
[2026-08-26 22:35:38] ✅   Step 4: FFmpeg encode (12.8s)
[2026-08-26 22:35:54] ✅   ✅ OK: auto_20260826_223534_First_Impression___7_Giây_Đầu_Quyết_Định.mp4 (0.50MB)
[2026-08-26 22:35:54] ✅   ✅ Video tạo xong: auto_20260826_223534_First_Impression___7_Giây_Đầu_Quyết_Định.mp4
[2026-08-26 22:35:55] ✅ 
=== Ngày 2026-08-31: Tạo 5/5 video thành công ===
[2026-08-26 22:35:55] ✅   📂 Xem video tại: /Users/abc/.gemini/antigravity/scratch/1995lido_youtube_management/output_manual
[2026-08-26 22:35:55] ✅   🌐 Review tại: http://localhost:8098
[2026-08-26 22:42:12] ✅ ============================================================
[2026-08-26 22:42:12] ✅ Auto Create Daily Videos — @1995lido — 2026-08-26 22:42:12
[2026-08-26 22:42:12] ✅ ============================================================
[2026-08-26 22:42:15] ✅ ============================================================
[2026-08-26 22:42:15] ✅ Auto Create Daily Videos — @1995lido — 2026-08-26 22:42:15
[2026-08-26 22:42:15] ✅ ============================================================
[2026-08-26 22:42:15] ✅ 🗓️  Tạo video từ ngày 31 đến 60
[2026-08-26 22:42:15] ⚠️  Ngày 2026-08-31: đã tạo 5/5 video (dùng --force để tạo lại)
[2026-08-26 22:42:15] ✅   Nghỉ 10 giây trước khi tạo ngày tiếp...
[2026-08-26 22:42:25] ✅ === Bắt đầu tạo 5 video cho ngày 2026-09-01 ===
[2026-08-26 22:42:25] ✅ 
[1/5] 🌅 Sáng 8h — nikaya — Kinh Nikaya: Giữ Vững Sức Mạnh Chánh Mạng (SAMMA AJIVA)
[2026-08-26 22:42:25] 🔵 BUILD: Kinh Nikaya: Giữ Vững Sức Mạnh Chánh Mạng (SAMMA AJIVA)
[2026-08-26 22:42:25] ✅   Step 1: BG = bg_Zen1.jpg
[2026-08-26 22:42:25] ✅   Step 2: TTS (vi-VN-HoaiMyNeural)
[2026-08-26 22:42:27] ✅   Step 3: Audio EQ + Mix nhạc
[2026-08-26 22:42:27] ✅   Step 4: FFmpeg encode (17.7s)
[2026-08-26 22:42:31] ✅   ✅ OK: auto_20260826_224225_Kinh_Nikaya__Giữ_Vững_Sức_Mạnh_Chánh_Mạn.mp4 (0.74MB)
[2026-08-26 22:42:31] ✅   ✅ Video tạo xong: auto_20260826_224225_Kinh_Nikaya__Giữ_Vững_Sức_Mạnh_Chánh_Mạn.mp4
[2026-08-26 22:42:32] ✅ 
[2/5] ☀️ Trưa 11h — deep_work — Tại Sao Người Thành Công Thức Dậy Sớm Hơn Bạn 1 Tiếng
[2026-08-26 22:42:32] 🔵 BUILD: Tại Sao Người Thành Công Thức Dậy Sớm Hơn Bạn 1 Tiếng
[2026-08-26 22:42:32] ✅   Step 1: BG = bg_phat2.jpg
[2026-08-26 22:42:32] ✅   Step 2: TTS (vi-VN-NamMinhNeural)
[2026-08-26 22:42:34] ✅   Step 3: Audio EQ + Mix nhạc
[2026-08-26 22:42:34] ✅   Step 4: FFmpeg encode (11.9s)
[2026-08-26 22:42:37] ✅   ✅ OK: auto_20260826_224232_Tại_Sao_Người_Thành_Công_Thức_Dậy_Sớm_Hơ.mp4 (0.63MB)
[2026-08-26 22:42:37] ✅   ✅ Video tạo xong: auto_20260826_224232_Tại_Sao_Người_Thành_Công_Thức_Dậy_Sớm_Hơ.mp4
[2026-08-26 22:42:38] ✅ 
[3/5] 🌆 Chiều 18h — healing — Nghệ Thuật Buông Bỏ Kỳ Vọng — Giải Tỏa Áp Lực So Sánh
[2026-08-26 22:42:38] 🔵 BUILD: Nghệ Thuật Buông Bỏ Kỳ Vọng — Giải Tỏa Áp Lực So Sánh
[2026-08-26 22:42:38] ✅   Step 1: BG = bg_phat1.jpg
[2026-08-26 22:42:38] ✅   Step 2: TTS (vi-VN-HoaiMyNeural)
[2026-08-26 22:42:39] ✅   Step 3: Audio EQ + Mix nhạc
[2026-08-26 22:42:40] ✅   Step 4: FFmpeg encode (11.4s)
[2026-08-26 22:42:43] ✅   ✅ OK: auto_20260826_224238_Nghệ_Thuật_Buông_Bỏ_Kỳ_Vọng___Giải_Tỏa_Á.mp4 (0.69MB)
[2026-08-26 22:42:43] ✅   ✅ Video tạo xong: auto_20260826_224238_Nghệ_Thuật_Buông_Bỏ_Kỳ_Vọng___Giải_Tỏa_Á.mp4
[2026-08-26 22:42:44] ✅ 
[4/5] 🌙 Tối 20h — discipline — Tại Sao Kỷ Luật Quan Trọng Hơn Cảm Hứng 100 Lần
[2026-08-26 22:42:44] 🔵 BUILD: Tại Sao Kỷ Luật Quan Trọng Hơn Cảm Hứng 100 Lần
[2026-08-26 22:42:44] ✅   Step 1: BG = bg_morning_deepwork.jpg
[2026-08-26 22:42:44] ✅   Step 2: TTS (vi-VN-NamMinhNeural)
[2026-08-26 22:42:45] ✅   Step 3: Audio EQ + Mix nhạc
[2026-08-26 22:42:46] ✅   Step 4: FFmpeg encode (12.4s)
[2026-08-26 22:42:49] ✅   ✅ OK: auto_20260826_224244_Tại_Sao_Kỷ_Luật_Quan_Trọng_Hơn_Cảm_Hứng_.mp4 (0.66MB)
[2026-08-26 22:42:49] ✅   ✅ Video tạo xong: auto_20260826_224244_Tại_Sao_Kỷ_Luật_Quan_Trọng_Hơn_Cảm_Hứng_.mp4
[2026-08-26 22:42:50] ✅ 
[5/5] ⭐ Đêm 21h30 — life_skills — First Impression — 7 Giây Đầu Quyết Định Mọi Thứ
[2026-08-26 22:42:50] 🔵 BUILD: First Impression — 7 Giây Đầu Quyết Định Mọi Thứ
[2026-08-26 22:42:50] ✅   Step 1: BG = bg_zen_evening.jpg
[2026-08-26 22:42:50] ✅   Step 2: TTS (vi-VN-HoaiMyNeural)
[2026-08-26 22:42:52] ✅   Step 3: Audio EQ + Mix nhạc
[2026-08-26 22:42:52] ✅   Step 4: FFmpeg encode (12.8s)
[2026-08-26 22:42:56] ✅   ✅ OK: auto_20260826_224250_First_Impression___7_Giây_Đầu_Quyết_Định.mp4 (0.89MB)
[2026-08-26 22:42:56] ✅   ✅ Video tạo xong: auto_20260826_224250_First_Impression___7_Giây_Đầu_Quyết_Định.mp4
[2026-08-26 22:42:57] ✅ 
=== Ngày 2026-09-01: Tạo 5/5 video thành công ===
[2026-08-26 22:42:57] ✅   📂 Xem video tại: /Users/abc/.gemini/antigravity/scratch/1995lido_youtube_management/output_manual
[2026-08-26 22:42:57] ✅   🌐 Review tại: http://localhost:8098
[2026-08-26 22:42:57] ✅   Nghỉ 10 giây trước khi tạo ngày tiếp...
[2026-08-26 22:43:07] ✅ === Bắt đầu tạo 5 video cho ngày 2026-09-02 ===
[2026-08-26 22:43:07] ✅ 
[1/5] 🌅 Sáng 8h — nikaya — Kinh Nikaya: Tự Mình Là Hải Đăng (ATTADIPA) - Nương Tựa
[2026-08-26 22:43:07] 🔵 BUILD: Kinh Nikaya: Tự Mình Là Hải Đăng (ATTADIPA) - Nương Tựa Vào 
[2026-08-26 22:43:07] ✅   Step 1: BG = bg_zen_evening.jpg
[2026-08-26 22:43:07] ✅   Step 2: TTS (vi-VN-HoaiMyNeural)
[2026-08-26 22:43:21] ✅   Step 3: Audio EQ + Mix nhạc
[2026-08-26 22:43:22] ✅   Step 4: FFmpeg encode (17.8s)
[2026-08-26 22:43:28] ✅   ✅ OK: auto_20260826_224307_Kinh_Nikaya__Tự_Mình_Là_Hải_Đăng__ATTADI.mp4 (1.37MB)
[2026-08-26 22:43:28] ✅   ✅ Video tạo xong: auto_20260826_224307_Kinh_Nikaya__Tự_Mình_Là_Hải_Đăng__ATTADI.mp4
[2026-08-26 22:43:29] ✅ 
[2/5] ☀️ Trưa 11h — deep_work — Ngừng Đa Nhiệm — Làm Một Việc Hiệu Quả Hơn 5 Việc Cùng 
[2026-08-26 22:43:29] 🔵 BUILD: Ngừng Đa Nhiệm — Làm Một Việc Hiệu Quả Hơn 5 Việc Cùng Lúc
[2026-08-26 22:43:29] ✅   Step 1: BG = bg_healing_noon.jpg
[2026-08-26 22:43:29] ✅   Step 2: TTS (vi-VN-NamMinhNeural)
[2026-08-26 22:43:30] ✅   Step 3: Audio EQ + Mix nhạc
[2026-08-26 22:43:30] ✅   Step 4: FFmpeg encode (11.7s)
[2026-08-26 22:43:35] ✅   ✅ OK: auto_20260826_224329_Ngừng_Đa_Nhiệm___Làm_Một_Việc_Hiệu_Quả_H.mp4 (0.89MB)
[2026-08-26 22:43:35] ✅   ✅ Video tạo xong: auto_20260826_224329_Ngừng_Đa_Nhiệm___Làm_Một_Việc_Hiệu_Quả_H.mp4
[2026-08-26 22:43:36] ✅ 
[3/5] 🌆 Chiều 18h — healing — Cách Thoát Khỏi Vòng Lặp Overthinking Mỗi Đêm
[2026-08-26 22:43:36] 🔵 BUILD: Cách Thoát Khỏi Vòng Lặp Overthinking Mỗi Đêm
[2026-08-26 22:43:36] ✅   Step 1: BG = bg_animation_style.jpg
[2026-08-26 22:43:36] ✅   Step 2: TTS (vi-VN-HoaiMyNeural)
[2026-08-26 22:43:37] ✅   Step 3: Audio EQ + Mix nhạc
[2026-08-26 22:43:37] ✅   Step 4: FFmpeg encode (11.9s)
[2026-08-26 22:43:41] ✅   ✅ OK: auto_20260826_224336_Cách_Thoát_Khỏi_Vòng_Lặp_Overthinking_Mỗ.mp4 (0.89MB)
[2026-08-26 22:43:41] ✅   ✅ Video tạo xong: auto_20260826_224336_Cách_Thoát_Khỏi_Vòng_Lặp_Overthinking_Mỗ.mp4
[2026-08-26 22:43:42] ✅ 
[4/5] 🌙 Tối 20h — discipline — No-Zero Day — Không Ngày Nào Là Ngày Trống Rỗng
[2026-08-26 22:43:42] 🔵 BUILD: No-Zero Day — Không Ngày Nào Là Ngày Trống Rỗng
[2026-08-26 22:43:42] ✅   Step 1: BG = bg_phat3.jpg
[2026-08-26 22:43:42] ✅   Step 2: TTS (vi-VN-NamMinhNeural)
[2026-08-26 22:43:44] ✅   Step 3: Audio EQ + Mix nhạc
[2026-08-26 22:43:44] ✅   Step 4: FFmpeg encode (14.0s)
[2026-08-26 22:43:48] ✅   ✅ OK: auto_20260826_224342_No_Zero_Day___Không_Ngày_Nào_Là_Ngày_Trố.mp4 (0.50MB)
[2026-08-26 22:43:48] ✅   ✅ Video tạo xong: auto_20260826_224342_No_Zero_Day___Không_Ngày_Nào_Là_Ngày_Trố.mp4
[2026-08-26 22:43:49] ✅ 
[5/5] ⭐ Đêm 21h30 — life_skills — Nghệ Thuật Lắng Nghe Chủ Động — Kỹ Năng Hiếm Người Có
[2026-08-26 22:43:49] 🔵 BUILD: Nghệ Thuật Lắng Nghe Chủ Động — Kỹ Năng Hiếm Người Có
[2026-08-26 22:43:49] ✅   Step 1: BG = bg_phat1.jpg
[2026-08-26 22:43:49] ✅   Step 2: TTS (vi-VN-HoaiMyNeural)
[2026-08-26 22:43:51] ✅   Step 3: Audio EQ + Mix nhạc
[2026-08-26 22:43:51] ✅   Step 4: FFmpeg encode (12.7s)
[2026-08-26 22:43:55] ✅   ✅ OK: auto_20260826_224349_Nghệ_Thuật_Lắng_Nghe_Chủ_Động___Kỹ_Năng_.mp4 (0.71MB)
[2026-08-26 22:43:55] ✅   ✅ Video tạo xong: auto_20260826_224349_Nghệ_Thuật_Lắng_Nghe_Chủ_Động___Kỹ_Năng_.mp4
[2026-08-26 22:43:57] ✅ 
=== Ngày 2026-09-02: Tạo 5/5 video thành công ===
[2026-08-26 22:43:57] ✅   📂 Xem video tại: /Users/abc/.gemini/antigravity/scratch/1995lido_youtube_management/output_manual
[2026-08-26 22:43:57] ✅   🌐 Review tại: http://localhost:8098
[2026-08-26 22:43:57] ✅   Nghỉ 10 giây trước khi tạo ngày tiếp...
[2026-08-26 22:44:07] ✅ === Bắt đầu tạo 5 video cho ngày 2026-09-03 ===
[2026-08-26 22:44:07] ✅ 
[1/5] 🌅 Sáng 8h — nikaya — Kinh Nikaya: Nghệ Thuật Chọn Bạn Mà Chơi (THIỆN HỮU TRI
[2026-08-26 22:44:07] 🔵 BUILD: Kinh Nikaya: Nghệ Thuật Chọn Bạn Mà Chơi (THIỆN HỮU TRI KỶ)
[2026-08-26 22:44:07] ✅   Step 1: BG = bg_Zen1.jpg
[2026-08-26 22:44:07] ✅   Step 2: TTS (vi-VN-HoaiMyNeural)
[2026-08-26 22:44:08] ✅   Step 3: Audio EQ + Mix nhạc
[2026-08-26 22:44:08] ✅   Step 4: FFmpeg encode (18.7s)
[2026-08-26 22:44:14] ✅   ✅ OK: auto_20260826_224407_Kinh_Nikaya__Nghệ_Thuật_Chọn_Bạn_Mà_Chơi.mp4 (0.75MB)
[2026-08-26 22:44:14] ✅   ✅ Video tạo xong: auto_20260826_224407_Kinh_Nikaya__Nghệ_Thuật_Chọn_Bạn_Mà_Chơi.mp4
[2026-08-26 22:44:15] ✅ 
[2/5] ☀️ Trưa 11h — deep_work — Tại Sao Người Thành Công Thức Dậy Sớm Hơn Bạn 1 Tiếng
[2026-08-26 22:44:15] 🔵 BUILD: Tại Sao Người Thành Công Thức Dậy Sớm Hơn Bạn 1 Tiếng
[2026-08-26 22:44:15] ✅   Step 1: BG = bg_morning_deepwork.jpg
[2026-08-26 22:44:15] ✅   Step 2: TTS (vi-VN-NamMinhNeural)
[2026-08-26 22:44:16] ✅   Step 3: Audio EQ + Mix nhạc
[2026-08-26 22:44:16] ✅   Step 4: FFmpeg encode (11.9s)
[2026-08-26 22:44:21] ✅   ✅ OK: auto_20260826_224415_Tại_Sao_Người_Thành_Công_Thức_Dậy_Sớm_Hơ.mp4 (0.65MB)
[2026-08-26 22:44:21] ✅   ✅ Video tạo xong: auto_20260826_224415_Tại_Sao_Người_Thành_Công_Thức_Dậy_Sớm_Hơ.mp4
[2026-08-26 22:44:22] ✅ 
[3/5] 🌆 Chiều 18h — healing — Nghệ Thuật Buông Bỏ Kỳ Vọng — Giải Tỏa Áp Lực So Sánh
[2026-08-26 22:44:22] 🔵 BUILD: Nghệ Thuật Buông Bỏ Kỳ Vọng — Giải Tỏa Áp Lực So Sánh
[2026-08-26 22:44:22] ✅   Step 1: BG = bg_animation_style.jpg
[2026-08-26 22:44:22] ✅   Step 2: TTS (vi-VN-HoaiMyNeural)
[2026-08-26 22:44:23] ✅   Step 3: Audio EQ + Mix nhạc
[2026-08-26 22:44:23] ✅   Step 4: FFmpeg encode (11.4s)
[2026-08-26 22:44:27] ✅   ✅ OK: auto_20260826_224422_Nghệ_Thuật_Buông_Bỏ_Kỳ_Vọng___Giải_Tỏa_Á.mp4 (0.88MB)
[2026-08-26 22:44:27] ✅   ✅ Video tạo xong: auto_20260826_224422_Nghệ_Thuật_Buông_Bỏ_Kỳ_Vọng___Giải_Tỏa_Á.mp4
[2026-08-26 22:44:28] ✅ 
[4/5] 🌙 Tối 20h — discipline — Cách Xây Dựng Buổi Sáng 30 Phút Thay Đổi Cả Đời
[2026-08-26 22:44:28] 🔵 BUILD: Cách Xây Dựng Buổi Sáng 30 Phút Thay Đổi Cả Đời
[2026-08-26 22:44:28] ✅   Step 1: BG = bg_zen_evening.jpg
[2026-08-26 22:44:29] ✅   Step 2: TTS (vi-VN-NamMinhNeural)
[2026-08-26 22:44:30] ✅   Step 3: Audio EQ + Mix nhạc
[2026-08-26 22:44:30] ✅   Step 4: FFmpeg encode (13.1s)
[2026-08-26 22:44:34] ✅   ✅ OK: auto_20260826_224428_Cách_Xây_Dựng_Buổi_Sáng_30_Phút_Thay_Đổi.mp4 (0.91MB)
[2026-08-26 22:44:34] ✅   ✅ Video tạo xong: auto_20260826_224428_Cách_Xây_Dựng_Buổi_Sáng_30_Phút_Thay_Đổi.mp4
[2026-08-26 22:44:35] ✅ 
[5/5] ⭐ Đêm 21h30 — life_skills — First Impression — 7 Giây Đầu Quyết Định Mọi Thứ
[2026-08-26 22:44:35] 🔵 BUILD: First Impression — 7 Giây Đầu Quyết Định Mọi Thứ
[2026-08-26 22:44:35] ✅   Step 1: BG = bg_phat3.jpg
[2026-08-26 22:44:35] ✅   Step 2: TTS (vi-VN-HoaiMyNeural)
[2026-08-26 22:44:37] ✅   Step 3: Audio EQ + Mix nhạc
[2026-08-26 22:44:37] ✅   Step 4: FFmpeg encode (12.8s)
[2026-08-26 22:44:42] ✅   ✅ OK: auto_20260826_224435_First_Impression___7_Giây_Đầu_Quyết_Định.mp4 (0.48MB)
[2026-08-26 22:44:42] ✅   ✅ Video tạo xong: auto_20260826_224435_First_Impression___7_Giây_Đầu_Quyết_Định.mp4
[2026-08-26 22:44:43] ✅ 
=== Ngày 2026-09-03: Tạo 5/5 video thành công ===
[2026-08-26 22:44:43] ✅   📂 Xem video tại: /Users/abc/.gemini/antigravity/scratch/1995lido_youtube_management/output_manual
[2026-08-26 22:44:43] ✅   🌐 Review tại: http://localhost:8098
[2026-08-26 22:44:43] ✅   Nghỉ 10 giây trước khi tạo ngày tiếp...
[2026-08-26 22:44:53] ✅ === Bắt đầu tạo 5 video cho ngày 2026-09-04 ===
[2026-08-26 22:44:53] ✅ 
[1/5] 🌅 Sáng 8h — nikaya — Kinh Nikaya: Bí Quyết Vượt Qua Nỗi Sợ Thất Bại & Biến C
[2026-08-26 22:44:53] 🔵 BUILD: Kinh Nikaya: Bí Quyết Vượt Qua Nỗi Sợ Thất Bại & Biến Cố Cuộ
[2026-08-26 22:44:53] ✅   Step 1: BG = bg_Zen1.jpg
[2026-08-26 22:44:53] ✅   Step 2: TTS (vi-VN-HoaiMyNeural)
[2026-08-26 22:44:55] ✅   Step 3: Audio EQ + Mix nhạc
[2026-08-26 22:44:55] ✅   Step 4: FFmpeg encode (16.9s)
[2026-08-26 22:45:00] ✅   ✅ OK: auto_20260826_224453_Kinh_Nikaya__Bí_Quyết_Vượt_Qua_Nỗi_Sợ_Th.mp4 (0.74MB)
[2026-08-26 22:45:00] ✅   ✅ Video tạo xong: auto_20260826_224453_Kinh_Nikaya__Bí_Quyết_Vượt_Qua_Nỗi_Sợ_Th.mp4
[2026-08-26 22:45:01] ✅ 
[2/5] ☀️ Trưa 11h — deep_work — Tại Sao Người Thành Công Thức Dậy Sớm Hơn Bạn 1 Tiếng
[2026-08-26 22:45:01] 🔵 BUILD: Tại Sao Người Thành Công Thức Dậy Sớm Hơn Bạn 1 Tiếng
[2026-08-26 22:45:01] ✅   Step 1: BG = bg_animation_style.jpg
[2026-08-26 22:45:01] ✅   Step 2: TTS (vi-VN-NamMinhNeural)
[2026-08-26 22:45:03] ✅   Step 3: Audio EQ + Mix nhạc
[2026-08-26 22:45:03] ✅   Step 4: FFmpeg encode (11.9s)
[2026-08-26 22:45:08] ✅   ✅ OK: auto_20260826_224501_Tại_Sao_Người_Thành_Công_Thức_Dậy_Sớm_Hơ.mp4 (0.90MB)
[2026-08-26 22:45:08] ✅   ✅ Video tạo xong: auto_20260826_224501_Tại_Sao_Người_Thành_Công_Thức_Dậy_Sớm_Hơ.mp4
[2026-08-26 22:45:09] ✅ 
[3/5] 🌆 Chiều 18h — healing — Khi Sự Nhiệt Huyết Biến Mất — Vượt Qua Tê Liệt Cảm Xúc
[2026-08-26 22:45:09] 🔵 BUILD: Khi Sự Nhiệt Huyết Biến Mất — Vượt Qua Tê Liệt Cảm Xúc
[2026-08-26 22:45:09] ✅   Step 1: BG = bg_phat2.jpg
[2026-08-26 22:45:09] ✅   Step 2: TTS (vi-VN-HoaiMyNeural)
[2026-08-26 22:45:10] ✅   Step 3: Audio EQ + Mix nhạc
[2026-08-26 22:45:11] ✅   Step 4: FFmpeg encode (12.3s)
[2026-08-26 22:45:15] ✅   ✅ OK: auto_20260826_224509_Khi_Sự_Nhiệt_Huyết_Biến_Mất___Vượt_Qua_T.mp4 (0.64MB)
[2026-08-26 22:45:15] ✅   ✅ Video tạo xong: auto_20260826_224509_Khi_Sự_Nhiệt_Huyết_Biến_Mất___Vượt_Qua_T.mp4
[2026-08-26 22:45:16] ✅ 
[4/5] 🌙 Tối 20h — discipline — No-Zero Day — Không Ngày Nào Là Ngày Trống Rỗng
[2026-08-26 22:45:16] 🔵 BUILD: No-Zero Day — Không Ngày Nào Là Ngày Trống Rỗng
[2026-08-26 22:45:16] ✅   Step 1: BG = bg_phat1.jpg
[2026-08-26 22:45:16] ✅   Step 2: TTS (vi-VN-NamMinhNeural)
[2026-08-26 22:45:18] ✅   Step 3: Audio EQ + Mix nhạc
[2026-08-26 22:45:19] ✅   Step 4: FFmpeg encode (14.0s)
[2026-08-26 22:45:24] ✅   ✅ OK: auto_20260826_224516_No_Zero_Day___Không_Ngày_Nào_Là_Ngày_Trố.mp4 (0.72MB)
[2026-08-26 22:45:24] ✅   ✅ Video tạo xong: auto_20260826_224516_No_Zero_Day___Không_Ngày_Nào_Là_Ngày_Trố.mp4
[2026-08-26 22:45:25] ✅ 
[5/5] ⭐ Đêm 21h30 — life_skills — Nghệ Thuật Lắng Nghe Chủ Động — Kỹ Năng Hiếm Người Có
[2026-08-26 22:45:25] 🔵 BUILD: Nghệ Thuật Lắng Nghe Chủ Động — Kỹ Năng Hiếm Người Có
[2026-08-26 22:45:25] ✅   Step 1: BG = bg_zen_evening.jpg
[2026-08-26 22:45:25] ✅   Step 2: TTS (vi-VN-HoaiMyNeural)
[2026-08-26 22:45:26] ✅   Step 3: Audio EQ + Mix nhạc
[2026-08-26 22:45:27] ✅   Step 4: FFmpeg encode (12.7s)
[2026-08-26 22:45:31] ✅   ✅ OK: auto_20260826_224525_Nghệ_Thuật_Lắng_Nghe_Chủ_Động___Kỹ_Năng_.mp4 (0.90MB)
[2026-08-26 22:45:31] ✅   ✅ Video tạo xong: auto_20260826_224525_Nghệ_Thuật_Lắng_Nghe_Chủ_Động___Kỹ_Năng_.mp4
[2026-08-26 22:45:32] ✅ 
=== Ngày 2026-09-04: Tạo 5/5 video thành công ===
[2026-08-26 22:45:32] ✅   📂 Xem video tại: /Users/abc/.gemini/antigravity/scratch/1995lido_youtube_management/output_manual
[2026-08-26 22:45:32] ✅   🌐 Review tại: http://localhost:8098
[2026-08-26 22:45:32] ✅   Nghỉ 10 giây trước khi tạo ngày tiếp...
[2026-08-26 22:45:42] ✅ === Bắt đầu tạo 5 video cho ngày 2026-09-05 ===
[2026-08-26 22:45:42] ✅ 
[1/5] 🌅 Sáng 8h — nikaya — Kinh Nikaya: Con Đường Tứ Diệu Đế - 4 Sự Thật Cao Quý
[2026-08-26 22:45:42] 🔵 BUILD: Kinh Nikaya: Con Đường Tứ Diệu Đế - 4 Sự Thật Cao Quý
[2026-08-26 22:45:42] ✅   Step 1: BG = bg_zen_evening.jpg
[2026-08-26 22:45:42] ✅   Step 2: TTS (vi-VN-HoaiMyNeural)
[2026-08-26 22:45:44] ✅   Step 3: Audio EQ + Mix nhạc
[2026-08-26 22:45:44] ✅   Step 4: FFmpeg encode (16.9s)
[2026-08-26 22:45:50] ✅   ✅ OK: auto_20260826_224542_Kinh_Nikaya__Con_Đường_Tứ_Diệu_Đế___4_Sự.mp4 (1.35MB)
[2026-08-26 22:45:50] ✅   ✅ Video tạo xong: auto_20260826_224542_Kinh_Nikaya__Con_Đường_Tứ_Diệu_Đế___4_Sự.mp4
[2026-08-26 22:45:51] ✅ 
[2/5] ☀️ Trưa 11h — deep_work — Tại Sao Người Thành Công Thức Dậy Sớm Hơn Bạn 1 Tiếng
[2026-08-26 22:45:51] 🔵 BUILD: Tại Sao Người Thành Công Thức Dậy Sớm Hơn Bạn 1 Tiếng
[2026-08-26 22:45:51] ✅   Step 1: BG = bg_phat1.jpg
[2026-08-26 22:45:51] ✅   Step 2: TTS (vi-VN-NamMinhNeural)
[2026-08-26 22:45:53] ✅   Step 3: Audio EQ + Mix nhạc
[2026-08-26 22:45:53] ✅   Step 4: FFmpeg encode (11.9s)
[2026-08-26 22:45:57] ✅   ✅ OK: auto_20260826_224551_Tại_Sao_Người_Thành_Công_Thức_Dậy_Sớm_Hơ.mp4 (0.70MB)
[2026-08-26 22:45:57] ✅   ✅ Video tạo xong: auto_20260826_224551_Tại_Sao_Người_Thành_Công_Thức_Dậy_Sớm_Hơ.mp4
[2026-08-26 22:45:58] ✅ 
[3/5] 🌆 Chiều 18h — healing — 5 Dấu Hiệu Bạn Đang Burnout — Nhận Ra Trước Khi Quá Muộ
[2026-08-26 22:45:58] 🔵 BUILD: 5 Dấu Hiệu Bạn Đang Burnout — Nhận Ra Trước Khi Quá Muộn
[2026-08-26 22:45:58] ✅   Step 1: BG = bg_healing_noon.jpg
[2026-08-26 22:45:58] ✅   Step 2: TTS (vi-VN-HoaiMyNeural)
[2026-08-26 22:46:00] ✅   Step 3: Audio EQ + Mix nhạc
[2026-08-26 22:46:00] ✅   Step 4: FFmpeg encode (14.0s)
[2026-08-26 22:46:05] ✅   ✅ OK: auto_20260826_224558_5_Dấu_Hiệu_Bạn_Đang_Burnout___Nhận_Ra_Tr.mp4 (0.91MB)
[2026-08-26 22:46:05] ✅   ✅ Video tạo xong: auto_20260826_224558_5_Dấu_Hiệu_Bạn_Đang_Burnout___Nhận_Ra_Tr.mp4
[2026-08-26 22:46:06] ✅ 
[4/5] 🌙 Tối 20h — discipline — Atomic Habits — Thay Đổi 1% Mỗi Ngày Để Tạo Bước Nhảy V
[2026-08-26 22:46:06] 🔵 BUILD: Atomic Habits — Thay Đổi 1% Mỗi Ngày Để Tạo Bước Nhảy Vọt
[2026-08-26 22:46:06] ✅   Step 1: BG = bg_animation_style.jpg
[2026-08-26 22:46:07] ✅   Step 2: TTS (vi-VN-NamMinhNeural)
[2026-08-26 22:46:08] ✅   Step 3: Audio EQ + Mix nhạc
[2026-08-26 22:46:08] ✅   Step 4: FFmpeg encode (13.1s)
[2026-08-26 22:46:13] ✅   ✅ OK: auto_20260826_224606_Atomic_Habits___Thay_Đổi_1__Mỗi_Ngày_Để_.mp4 (0.91MB)
[2026-08-26 22:46:13] ✅   ✅ Video tạo xong: auto_20260826_224606_Atomic_Habits___Thay_Đổi_1__Mỗi_Ngày_Để_.mp4
[2026-08-26 22:46:14] ✅ 
[5/5] ⭐ Đêm 21h30 — life_skills — First Impression — 7 Giây Đầu Quyết Định Mọi Thứ
[2026-08-26 22:46:14] 🔵 BUILD: First Impression — 7 Giây Đầu Quyết Định Mọi Thứ
[2026-08-26 22:46:14] ✅   Step 1: BG = bg_phat3.jpg
[2026-08-26 22:46:14] ✅   Step 2: TTS (vi-VN-HoaiMyNeural)
[2026-08-26 22:46:16] ✅   Step 3: Audio EQ + Mix nhạc
[2026-08-26 22:46:16] ✅   Step 4: FFmpeg encode (12.8s)
[2026-08-26 22:46:21] ✅   ✅ OK: auto_20260826_224614_First_Impression___7_Giây_Đầu_Quyết_Định.mp4 (0.48MB)
[2026-08-26 22:46:21] ✅   ✅ Video tạo xong: auto_20260826_224614_First_Impression___7_Giây_Đầu_Quyết_Định.mp4
[2026-08-26 22:46:22] ✅ 
=== Ngày 2026-09-05: Tạo 5/5 video thành công ===
[2026-08-26 22:46:22] ✅   📂 Xem video tại: /Users/abc/.gemini/antigravity/scratch/1995lido_youtube_management/output_manual
[2026-08-26 22:46:22] ✅   🌐 Review tại: http://localhost:8098
[2026-08-26 22:46:22] ✅   Nghỉ 10 giây trước khi tạo ngày tiếp...
[2026-08-26 22:46:32] ✅ === Bắt đầu tạo 5 video cho ngày 2026-09-06 ===
[2026-08-26 22:46:32] ✅ 
[1/5] 🌅 Sáng 8h — nikaya — Kinh Nikaya: Con Đường Tứ Diệu Đế - 4 Sự Thật Cao Quý
[2026-08-26 22:46:32] 🔵 BUILD: Kinh Nikaya: Con Đường Tứ Diệu Đế - 4 Sự Thật Cao Quý
[2026-08-26 22:46:32] ✅   Step 1: BG = bg_Zen1.jpg
[2026-08-26 22:46:32] ✅   Step 2: TTS (vi-VN-HoaiMyNeural)
[2026-08-26 22:46:33] ✅   Step 3: Audio EQ + Mix nhạc
[2026-08-26 22:46:34] ✅   Step 4: FFmpeg encode (16.9s)
[2026-08-26 22:46:39] ✅   ✅ OK: auto_20260826_224632_Kinh_Nikaya__Con_Đường_Tứ_Diệu_Đế___4_Sự.mp4 (0.73MB)
[2026-08-26 22:46:39] ✅   ✅ Video tạo xong: auto_20260826_224632_Kinh_Nikaya__Con_Đường_Tứ_Diệu_Đế___4_Sự.mp4
[2026-08-26 22:46:40] ✅ 
[2/5] ☀️ Trưa 11h — deep_work — Ngừng Đa Nhiệm — Làm Một Việc Hiệu Quả Hơn 5 Việc Cùng 
[2026-08-26 22:46:40] 🔵 BUILD: Ngừng Đa Nhiệm — Làm Một Việc Hiệu Quả Hơn 5 Việc Cùng Lúc
[2026-08-26 22:46:40] ✅   Step 1: BG = bg_animation_style.jpg
[2026-08-26 22:46:40] ✅   Step 2: TTS (vi-VN-NamMinhNeural)
[2026-08-26 22:46:41] ✅   Step 3: Audio EQ + Mix nhạc
[2026-08-26 22:46:42] ✅   Step 4: FFmpeg encode (11.7s)
[2026-08-26 22:46:46] ✅   ✅ OK: auto_20260826_224640_Ngừng_Đa_Nhiệm___Làm_Một_Việc_Hiệu_Quả_H.mp4 (0.89MB)
[2026-08-26 22:46:46] ✅   ✅ Video tạo xong: auto_20260826_224640_Ngừng_Đa_Nhiệm___Làm_Một_Việc_Hiệu_Quả_H.mp4
[2026-08-26 22:46:47] ✅ 
[3/5] 🌆 Chiều 18h — healing — Tại Sao Người Mạnh Mẽ Cũng Cần Được Khóc Đôi Khi
[2026-08-26 22:46:47] 🔵 BUILD: Tại Sao Người Mạnh Mẽ Cũng Cần Được Khóc Đôi Khi
[2026-08-26 22:46:47] ✅   Step 1: BG = bg_phat1.jpg
[2026-08-26 22:46:47] ✅   Step 2: TTS (vi-VN-HoaiMyNeural)
[2026-08-26 22:46:49] ✅   Step 3: Audio EQ + Mix nhạc
[2026-08-26 22:46:49] ✅   Step 4: FFmpeg encode (13.1s)
[2026-08-26 22:46:54] ✅   ✅ OK: auto_20260826_224647_Tại_Sao_Người_Mạnh_Mẽ_Cũng_Cần_Được_Khóc.mp4 (0.71MB)
[2026-08-26 22:46:54] ✅   ✅ Video tạo xong: auto_20260826_224647_Tại_Sao_Người_Mạnh_Mẽ_Cũng_Cần_Được_Khóc.mp4
[2026-08-26 22:46:55] ✅ 
[4/5] 🌙 Tối 20h — discipline — Tại Sao Kỷ Luật Quan Trọng Hơn Cảm Hứng 100 Lần
[2026-08-26 22:46:55] 🔵 BUILD: Tại Sao Kỷ Luật Quan Trọng Hơn Cảm Hứng 100 Lần
[2026-08-26 22:46:55] ✅   Step 1: BG = bg_phat3.jpg
[2026-08-26 22:46:55] ✅   Step 2: TTS (vi-VN-NamMinhNeural)
[2026-08-26 22:46:56] ✅   Step 3: Audio EQ + Mix nhạc
[2026-08-26 22:46:57] ✅   Step 4: FFmpeg encode (12.4s)
[2026-08-26 22:47:01] ✅   ✅ OK: auto_20260826_224655_Tại_Sao_Kỷ_Luật_Quan_Trọng_Hơn_Cảm_Hứng_.mp4 (0.48MB)
[2026-08-26 22:47:01] ✅   ✅ Video tạo xong: auto_20260826_224655_Tại_Sao_Kỷ_Luật_Quan_Trọng_Hơn_Cảm_Hứng_.mp4
[2026-08-26 22:47:02] ✅ 
[5/5] ⭐ Đêm 21h30 — life_skills — Tại Sao Người Ít Nói Lại Thường Được Tin Tưởng Hơn
[2026-08-26 22:47:02] 🔵 BUILD: Tại Sao Người Ít Nói Lại Thường Được Tin Tưởng Hơn
[2026-08-26 22:47:02] ✅   Step 1: BG = bg_healing_noon.jpg
[2026-08-26 22:47:02] ✅   Step 2: TTS (vi-VN-HoaiMyNeural)
[2026-08-26 22:47:03] ✅   Step 3: Audio EQ + Mix nhạc
[2026-08-26 22:47:04] ✅   Step 4: FFmpeg encode (12.5s)
[2026-08-26 22:47:08] ✅   ✅ OK: auto_20260826_224702_Tại_Sao_Người_Ít_Nói_Lại_Thường_Được_Tin.mp4 (0.89MB)
[2026-08-26 22:47:08] ✅   ✅ Video tạo xong: auto_20260826_224702_Tại_Sao_Người_Ít_Nói_Lại_Thường_Được_Tin.mp4
[2026-08-26 22:47:09] ✅ 
=== Ngày 2026-09-06: Tạo 5/5 video thành công ===
[2026-08-26 22:47:09] ✅   📂 Xem video tại: /Users/abc/.gemini/antigravity/scratch/1995lido_youtube_management/output_manual
[2026-08-26 22:47:09] ✅   🌐 Review tại: http://localhost:8098
[2026-08-26 22:47:09] ✅   Nghỉ 10 giây trước khi tạo ngày tiếp...
[2026-08-26 22:47:19] ✅ === Bắt đầu tạo 5 video cho ngày 2026-09-07 ===
[2026-08-26 22:47:19] ✅ 
[1/5] 🌅 Sáng 8h — nikaya — Kinh Nikaya: Con Đường Tứ Diệu Đế - 4 Sự Thật Cao Quý
[2026-08-26 22:47:19] 🔵 BUILD: Kinh Nikaya: Con Đường Tứ Diệu Đế - 4 Sự Thật Cao Quý
[2026-08-26 22:47:19] ✅   Step 1: BG = bg_morning_deepwork.jpg
[2026-08-26 22:47:19] ✅   Step 2: TTS (vi-VN-HoaiMyNeural)
[2026-08-26 22:47:21] ✅   Step 3: Audio EQ + Mix nhạc
[2026-08-26 22:47:21] ✅   Step 4: FFmpeg encode (16.9s)
[2026-08-26 22:47:27] ✅   ✅ OK: auto_20260826_224719_Kinh_Nikaya__Con_Đường_Tứ_Diệu_Đế___4_Sự.mp4 (0.98MB)
[2026-08-26 22:47:27] ✅   ✅ Video tạo xong: auto_20260826_224719_Kinh_Nikaya__Con_Đường_Tứ_Diệu_Đế___4_Sự.mp4
[2026-08-26 22:47:28] ✅ 
[2/5] ☀️ Trưa 11h — deep_work — Phương Pháp Deep Work Của Cal Newport — 1 Giờ Bằng 4 Gi
[2026-08-26 22:47:28] 🔵 BUILD: Phương Pháp Deep Work Của Cal Newport — 1 Giờ Bằng 4 Giờ
[2026-08-26 22:47:28] ✅   Step 1: BG = bg_phat3.jpg
[2026-08-26 22:47:29] ✅   Step 2: TTS (vi-VN-NamMinhNeural)
[2026-08-26 22:47:30] ✅   Step 3: Audio EQ + Mix nhạc
[2026-08-26 22:47:30] ✅   Step 4: FFmpeg encode (12.6s)
[2026-08-26 22:47:35] ✅   ✅ OK: auto_20260826_224728_Phương_Pháp_Deep_Work_Của_Cal_Newport___.mp4 (0.48MB)
[2026-08-26 22:47:35] ✅   ✅ Video tạo xong: auto_20260826_224728_Phương_Pháp_Deep_Work_Của_Cal_Newport___.mp4
[2026-08-26 22:47:36] ✅ 
[3/5] 🌆 Chiều 18h — healing — Cách Thoát Khỏi Vòng Lặp Overthinking Mỗi Đêm
[2026-08-26 22:47:36] 🔵 BUILD: Cách Thoát Khỏi Vòng Lặp Overthinking Mỗi Đêm
[2026-08-26 22:47:36] ✅   Step 1: BG = bg_phat1.jpg
[2026-08-26 22:47:36] ✅   Step 2: TTS (vi-VN-HoaiMyNeural)
[2026-08-26 22:47:37] ✅   Step 3: Audio EQ + Mix nhạc
[2026-08-26 22:47:38] ✅   Step 4: FFmpeg encode (11.9s)
[2026-08-26 22:47:41] ✅   ✅ OK: auto_20260826_224736_Cách_Thoát_Khỏi_Vòng_Lặp_Overthinking_Mỗ.mp4 (0.69MB)
[2026-08-26 22:47:41] ✅   ✅ Video tạo xong: auto_20260826_224736_Cách_Thoát_Khỏi_Vòng_Lặp_Overthinking_Mỗ.mp4
[2026-08-26 22:47:42] ✅ 
[4/5] 🌙 Tối 20h — discipline — Atomic Habits — Thay Đổi 1% Mỗi Ngày Để Tạo Bước Nhảy V
[2026-08-26 22:47:42] 🔵 BUILD: Atomic Habits — Thay Đổi 1% Mỗi Ngày Để Tạo Bước Nhảy Vọt
[2026-08-26 22:47:42] ✅   Step 1: BG = bg_healing_noon.jpg
[2026-08-26 22:47:42] ✅   Step 2: TTS (vi-VN-NamMinhNeural)
[2026-08-26 22:47:44] ✅   Step 3: Audio EQ + Mix nhạc
[2026-08-26 22:47:44] ✅   Step 4: FFmpeg encode (13.1s)
[2026-08-26 22:47:49] ✅   ✅ OK: auto_20260826_224742_Atomic_Habits___Thay_Đổi_1__Mỗi_Ngày_Để_.mp4 (0.91MB)
[2026-08-26 22:47:49] ✅   ✅ Video tạo xong: auto_20260826_224742_Atomic_Habits___Thay_Đổi_1__Mỗi_Ngày_Để_.mp4
[2026-08-26 22:47:50] ✅ 
[5/5] ⭐ Đêm 21h30 — life_skills — Nghệ Thuật Lắng Nghe Chủ Động — Kỹ Năng Hiếm Người Có
[2026-08-26 22:47:50] 🔵 BUILD: Nghệ Thuật Lắng Nghe Chủ Động — Kỹ Năng Hiếm Người Có
[2026-08-26 22:47:50] ✅   Step 1: BG = bg_phat2.jpg
[2026-08-26 22:47:50] ✅   Step 2: TTS (vi-VN-HoaiMyNeural)
[2026-08-26 22:47:51] ✅   Step 3: Audio EQ + Mix nhạc
[2026-08-26 22:47:52] ✅   Step 4: FFmpeg encode (12.7s)
[2026-08-26 22:47:56] ✅   ✅ OK: auto_20260826_224750_Nghệ_Thuật_Lắng_Nghe_Chủ_Động___Kỹ_Năng_.mp4 (0.65MB)
[2026-08-26 22:47:56] ✅   ✅ Video tạo xong: auto_20260826_224750_Nghệ_Thuật_Lắng_Nghe_Chủ_Động___Kỹ_Năng_.mp4
[2026-08-26 22:47:57] ✅ 
=== Ngày 2026-09-07: Tạo 5/5 video thành công ===
[2026-08-26 22:47:57] ✅   📂 Xem video tại: /Users/abc/.gemini/antigravity/scratch/1995lido_youtube_management/output_manual
[2026-08-26 22:47:57] ✅   🌐 Review tại: http://localhost:8098
[2026-08-26 22:47:57] ✅   Nghỉ 10 giây trước khi tạo ngày tiếp...
[2026-08-26 22:48:07] ✅ === Bắt đầu tạo 5 video cho ngày 2026-09-08 ===
[2026-08-26 22:48:07] ✅ 
[1/5] 🌅 Sáng 8h — nikaya — Kinh Nikaya: Giữ Vững Chánh Định (SAMMA SAMADHI) Trước 
[2026-08-26 22:48:07] 🔵 BUILD: Kinh Nikaya: Giữ Vững Chánh Định (SAMMA SAMADHI) Trước Mọi C
[2026-08-26 22:48:07] ✅   Step 1: BG = bg_phat1.jpg
[2026-08-26 22:48:07] ✅   Step 2: TTS (vi-VN-HoaiMyNeural)
[2026-08-26 22:48:08] ✅   Step 3: Audio EQ + Mix nhạc
[2026-08-26 22:48:09] ✅   Step 4: FFmpeg encode (18.1s)
[2026-08-26 22:48:15] ✅   ✅ OK: auto_20260826_224807_Kinh_Nikaya__Giữ_Vững_Chánh_Định__SAMMA_.mp4 (1.09MB)
[2026-08-26 22:48:15] ✅   ✅ Video tạo xong: auto_20260826_224807_Kinh_Nikaya__Giữ_Vững_Chánh_Định__SAMMA_.mp4
[2026-08-26 22:48:16] ✅ 
[2/5] ☀️ Trưa 11h — deep_work — 5 Phút Sáng Quyết Định Năng Suất Cả Ngày Của Bạn
[2026-08-26 22:48:16] 🔵 BUILD: 5 Phút Sáng Quyết Định Năng Suất Cả Ngày Của Bạn
[2026-08-26 22:48:16] ✅   Step 1: BG = bg_Zen1.jpg
[2026-08-26 22:48:16] ✅   Step 2: TTS (vi-VN-NamMinhNeural)
[2026-08-26 22:48:17] ✅   Step 3: Audio EQ + Mix nhạc
[2026-08-26 22:48:18] ✅   Step 4: FFmpeg encode (11.9s)
[2026-08-26 22:48:21] ✅   ✅ OK: auto_20260826_224816_5_Phút_Sáng_Quyết_Định_Năng_Suất_Cả_Ngày.mp4 (0.49MB)
[2026-08-26 22:48:21] ✅   ✅ Video tạo xong: auto_20260826_224816_5_Phút_Sáng_Quyết_Định_Năng_Suất_Cả_Ngày.mp4
[2026-08-26 22:48:22] ✅ 
[3/5] 🌆 Chiều 18h — healing — Khi Sự Nhiệt Huyết Biến Mất — Vượt Qua Tê Liệt Cảm Xúc
[2026-08-26 22:48:22] 🔵 BUILD: Khi Sự Nhiệt Huyết Biến Mất — Vượt Qua Tê Liệt Cảm Xúc
[2026-08-26 22:48:22] ✅   Step 1: BG = bg_zen_evening.jpg
[2026-08-26 22:48:23] ✅   Step 2: TTS (vi-VN-HoaiMyNeural)
[2026-08-26 22:48:24] ✅   Step 3: Audio EQ + Mix nhạc
[2026-08-26 22:48:25] ✅   Step 4: FFmpeg encode (12.3s)
[2026-08-26 22:48:30] ✅   ✅ OK: auto_20260826_224822_Khi_Sự_Nhiệt_Huyết_Biến_Mất___Vượt_Qua_T.mp4 (0.90MB)
[2026-08-26 22:48:30] ✅   ✅ Video tạo xong: auto_20260826_224822_Khi_Sự_Nhiệt_Huyết_Biến_Mất___Vượt_Qua_T.mp4
[2026-08-26 22:48:31] ✅ 
[4/5] 🌙 Tối 20h — discipline — Tại Sao Kỷ Luật Quan Trọng Hơn Cảm Hứng 100 Lần
[2026-08-26 22:48:31] 🔵 BUILD: Tại Sao Kỷ Luật Quan Trọng Hơn Cảm Hứng 100 Lần
[2026-08-26 22:48:31] ✅   Step 1: BG = bg_phat3.jpg
[2026-08-26 22:48:31] ✅   Step 2: TTS (vi-VN-NamMinhNeural)
[2026-08-26 22:48:32] ✅   Step 3: Audio EQ + Mix nhạc
[2026-08-26 22:48:33] ✅   Step 4: FFmpeg encode (12.4s)
[2026-08-26 22:48:38] ✅   ✅ OK: auto_20260826_224831_Tại_Sao_Kỷ_Luật_Quan_Trọng_Hơn_Cảm_Hứng_.mp4 (0.47MB)
[2026-08-26 22:48:38] ✅   ✅ Video tạo xong: auto_20260826_224831_Tại_Sao_Kỷ_Luật_Quan_Trọng_Hơn_Cảm_Hứng_.mp4
[2026-08-26 22:48:39] ✅ 
[5/5] ⭐ Đêm 21h30 — life_skills — First Impression — 7 Giây Đầu Quyết Định Mọi Thứ
[2026-08-26 22:48:39] 🔵 BUILD: First Impression — 7 Giây Đầu Quyết Định Mọi Thứ
[2026-08-26 22:48:39] ✅   Step 1: BG = bg_animation_style.jpg
[2026-08-26 22:48:39] ✅   Step 2: TTS (vi-VN-HoaiMyNeural)
[2026-08-26 22:48:41] ✅   Step 3: Audio EQ + Mix nhạc
[2026-08-26 22:48:41] ✅   Step 4: FFmpeg encode (12.8s)
[2026-08-26 22:48:49] ✅   ✅ OK: auto_20260826_224839_First_Impression___7_Giây_Đầu_Quyết_Định.mp4 (0.90MB)
[2026-08-26 22:48:49] ✅   ✅ Video tạo xong: auto_20260826_224839_First_Impression___7_Giây_Đầu_Quyết_Định.mp4
[2026-08-26 22:48:50] ✅ 
=== Ngày 2026-09-08: Tạo 5/5 video thành công ===
[2026-08-26 22:48:50] ✅   📂 Xem video tại: /Users/abc/.gemini/antigravity/scratch/1995lido_youtube_management/output_manual
[2026-08-26 22:48:50] ✅   🌐 Review tại: http://localhost:8098
[2026-08-26 22:48:50] ✅   Nghỉ 10 giây trước khi tạo ngày tiếp...
[2026-08-26 22:49:00] ✅ === Bắt đầu tạo 5 video cho ngày 2026-09-09 ===
[2026-08-26 22:49:00] ✅ 
[1/5] 🌅 Sáng 8h — nikaya — Kinh Nikaya: Thắng Bản Thân Là Chiến Thắng Vĩ Đại Nhất
[2026-08-26 22:49:00] 🔵 BUILD: Kinh Nikaya: Thắng Bản Thân Là Chiến Thắng Vĩ Đại Nhất
[2026-08-26 22:49:00] ✅   Step 1: BG = bg_Zen1.jpg
[2026-08-26 22:49:00] ✅   Step 2: TTS (vi-VN-HoaiMyNeural)
[2026-08-26 22:49:01] ✅   Step 3: Audio EQ + Mix nhạc
[2026-08-26 22:49:01] ✅   Step 4: FFmpeg encode (17.0s)
[2026-08-26 22:49:08] ✅   ✅ OK: auto_20260826_224900_Kinh_Nikaya__Thắng_Bản_Thân_Là_Chiến_Thắ.mp4 (0.73MB)
[2026-08-26 22:49:08] ✅   ✅ Video tạo xong: auto_20260826_224900_Kinh_Nikaya__Thắng_Bản_Thân_Là_Chiến_Thắ.mp4
[2026-08-26 22:49:09] ✅ 
[2/5] ☀️ Trưa 11h — deep_work — Kỹ Thuật Time Boxing Nâng Cao — Làm Chủ 1 Ngày Không Xa
[2026-08-26 22:49:09] 🔵 BUILD: Kỹ Thuật Time Boxing Nâng Cao — Làm Chủ 1 Ngày Không Xao Nhã
[2026-08-26 22:49:09] ✅   Step 1: BG = bg_phat2.jpg
[2026-08-26 22:49:09] ✅   Step 2: TTS (vi-VN-NamMinhNeural)
[2026-08-26 22:49:10] ✅   Step 3: Audio EQ + Mix nhạc
[2026-08-26 22:49:11] ✅   Step 4: FFmpeg encode (14.2s)
[2026-08-26 22:49:16] ✅   ✅ OK: auto_20260826_224909_Kỹ_Thuật_Time_Boxing_Nâng_Cao___Làm_Chủ_.mp4 (0.67MB)
[2026-08-26 22:49:16] ✅   ✅ Video tạo xong: auto_20260826_224909_Kỹ_Thuật_Time_Boxing_Nâng_Cao___Làm_Chủ_.mp4
[2026-08-26 22:49:17] ✅ 
[3/5] 🌆 Chiều 18h — healing — Làm Sao Để Tha Thứ Cho Người Làm Mình Đau
[2026-08-26 22:49:17] 🔵 BUILD: Làm Sao Để Tha Thứ Cho Người Làm Mình Đau
[2026-08-26 22:49:17] ✅   Step 1: BG = bg_morning_deepwork.jpg
[2026-08-26 22:49:18] ✅   Step 2: TTS (vi-VN-HoaiMyNeural)
[2026-08-26 22:49:19] ✅   Step 3: Audio EQ + Mix nhạc
[2026-08-26 22:49:19] ✅   Step 4: FFmpeg encode (11.9s)
[2026-08-26 22:49:25] ✅   ✅ OK: auto_20260826_224917_Làm_Sao_Để_Tha_Thứ_Cho_Người_Làm_Mình_Đa.mp4 (0.65MB)
[2026-08-26 22:49:25] ✅   ✅ Video tạo xong: auto_20260826_224917_Làm_Sao_Để_Tha_Thứ_Cho_Người_Làm_Mình_Đa.mp4
[2026-08-26 22:49:26] ✅ 
[4/5] 🌙 Tối 20h — discipline — Sức Mạnh Của Journaling — Viết Nhật Ký 10 Phút Mỗi Tối
[2026-08-26 22:49:26] 🔵 BUILD: Sức Mạnh Của Journaling — Viết Nhật Ký 10 Phút Mỗi Tối
[2026-08-26 22:49:26] ✅   Step 1: BG = bg_healing_noon.jpg
[2026-08-26 22:49:26] ✅   Step 2: TTS (vi-VN-NamMinhNeural)
[2026-08-26 22:49:28] ✅   Step 3: Audio EQ + Mix nhạc
[2026-08-26 22:49:28] ✅   Step 4: FFmpeg encode (11.7s)
[2026-08-26 22:49:34] ✅   ✅ OK: auto_20260826_224926_Sức_Mạnh_Của_Journaling___Viết_Nhật_Ký_1.mp4 (0.89MB)
[2026-08-26 22:49:34] ✅   ✅ Video tạo xong: auto_20260826_224926_Sức_Mạnh_Của_Journaling___Viết_Nhật_Ký_1.mp4
[2026-08-26 22:49:35] ✅ 
[5/5] ⭐ Đêm 21h30 — life_skills — Nghệ Thuật Lắng Nghe Chủ Động — Kỹ Năng Hiếm Người Có
[2026-08-26 22:49:35] 🔵 BUILD: Nghệ Thuật Lắng Nghe Chủ Động — Kỹ Năng Hiếm Người Có
[2026-08-26 22:49:35] ✅   Step 1: BG = bg_phat3.jpg
[2026-08-26 22:49:35] ✅   Step 2: TTS (vi-VN-HoaiMyNeural)
[2026-08-26 22:49:37] ✅   Step 3: Audio EQ + Mix nhạc
[2026-08-26 22:49:37] ✅   Step 4: FFmpeg encode (12.7s)
[2026-08-26 22:49:44] ✅   ✅ OK: auto_20260826_224935_Nghệ_Thuật_Lắng_Nghe_Chủ_Động___Kỹ_Năng_.mp4 (0.48MB)
[2026-08-26 22:49:44] ✅   ✅ Video tạo xong: auto_20260826_224935_Nghệ_Thuật_Lắng_Nghe_Chủ_Động___Kỹ_Năng_.mp4
[2026-08-26 22:49:45] ✅ 
=== Ngày 2026-09-09: Tạo 5/5 video thành công ===
[2026-08-26 22:49:45] ✅   📂 Xem video tại: /Users/abc/.gemini/antigravity/scratch/1995lido_youtube_management/output_manual
[2026-08-26 22:49:45] ✅   🌐 Review tại: http://localhost:8098
[2026-08-26 22:49:45] ✅   Nghỉ 10 giây trước khi tạo ngày tiếp...
[2026-08-26 22:49:55] ✅ === Bắt đầu tạo 5 video cho ngày 2026-09-10 ===
[2026-08-26 22:49:55] ✅ 
[1/5] 🌅 Sáng 8h — nikaya — Kinh Nikaya: Trí Tuệ Quán Thấu Bản Chất Của Nỗi Đau (DU
[2026-08-26 22:49:55] 🔵 BUILD: Kinh Nikaya: Trí Tuệ Quán Thấu Bản Chất Của Nỗi Đau (DUKKA)
[2026-08-26 22:49:55] ✅   Step 1: BG = bg_phat3.jpg
[2026-08-26 22:49:55] ✅   Step 2: TTS (vi-VN-HoaiMyNeural)
[2026-08-26 22:49:57] ✅   Step 3: Audio EQ + Mix nhạc
[2026-08-26 22:49:58] ✅   Step 4: FFmpeg encode (18.3s)
[2026-08-26 22:50:13] ✅   ✅ OK: auto_20260826_224955_Kinh_Nikaya__Trí_Tuệ_Quán_Thấu_Bản_Chất_.mp4 (0.72MB)
[2026-08-26 22:50:13] ✅   ✅ Video tạo xong: auto_20260826_224955_Kinh_Nikaya__Trí_Tuệ_Quán_Thấu_Bản_Chất_.mp4
[2026-08-26 22:50:14] ✅ 
[2/5] ☀️ Trưa 11h — deep_work — Phương Pháp Deep Work Của Cal Newport — 1 Giờ Bằng 4 Gi
[2026-08-26 22:50:14] 🔵 BUILD: Phương Pháp Deep Work Của Cal Newport — 1 Giờ Bằng 4 Giờ
[2026-08-26 22:50:14] ✅   Step 1: BG = bg_phat2.jpg
[2026-08-26 22:50:14] ✅   Step 2: TTS (vi-VN-NamMinhNeural)
[2026-08-26 22:50:16] ✅   Step 3: Audio EQ + Mix nhạc
[2026-08-26 22:50:17] ✅   Step 4: FFmpeg encode (12.6s)
[2026-08-26 22:50:29] ✅   ✅ OK: auto_20260826_225014_Phương_Pháp_Deep_Work_Của_Cal_Newport___.mp4 (0.65MB)
[2026-08-26 22:50:29] ✅   ✅ Video tạo xong: auto_20260826_225014_Phương_Pháp_Deep_Work_Của_Cal_Newport___.mp4
[2026-08-26 22:50:30] ✅ 
[3/5] 🌆 Chiều 18h — healing — 5 Dấu Hiệu Bạn Đang Burnout — Nhận Ra Trước Khi Quá Muộ
[2026-08-26 22:50:30] 🔵 BUILD: 5 Dấu Hiệu Bạn Đang Burnout — Nhận Ra Trước Khi Quá Muộn
[2026-08-26 22:50:30] ✅   Step 1: BG = bg_zen_evening.jpg
[2026-08-26 22:50:31] ✅   Step 2: TTS (vi-VN-HoaiMyNeural)
[2026-08-26 22:50:32] ✅   Step 3: Audio EQ + Mix nhạc
[2026-08-26 22:50:33] ✅   Step 4: FFmpeg encode (14.0s)
[2026-08-26 22:50:43] ✅   ✅ OK: auto_20260826_225030_5_Dấu_Hiệu_Bạn_Đang_Burnout___Nhận_Ra_Tr.mp4 (0.92MB)
[2026-08-26 22:50:43] ✅   ✅ Video tạo xong: auto_20260826_225030_5_Dấu_Hiệu_Bạn_Đang_Burnout___Nhận_Ra_Tr.mp4
[2026-08-26 22:50:44] ✅ 
[4/5] 🌙 Tối 20h — discipline — No-Zero Day — Không Ngày Nào Là Ngày Trống Rỗng
[2026-08-26 22:50:44] 🔵 BUILD: No-Zero Day — Không Ngày Nào Là Ngày Trống Rỗng
[2026-08-26 22:50:44] ✅   Step 1: BG = bg_morning_deepwork.jpg
[2026-08-26 22:50:44] ✅   Step 2: TTS (vi-VN-NamMinhNeural)
[2026-08-26 22:50:45] ✅   Step 3: Audio EQ + Mix nhạc
[2026-08-26 22:50:46] ✅   Step 4: FFmpeg encode (14.0s)
[2026-08-26 22:50:53] ✅   ✅ OK: auto_20260826_225044_No_Zero_Day___Không_Ngày_Nào_Là_Ngày_Trố.mp4 (0.67MB)
[2026-08-26 22:50:53] ✅   ✅ Video tạo xong: auto_20260826_225044_No_Zero_Day___Không_Ngày_Nào_Là_Ngày_Trố.mp4
[2026-08-26 22:50:54] ✅ 
[5/5] ⭐ Đêm 21h30 — life_skills — Tại Sao Người Ít Nói Lại Thường Được Tin Tưởng Hơn
[2026-08-26 22:50:54] 🔵 BUILD: Tại Sao Người Ít Nói Lại Thường Được Tin Tưởng Hơn
[2026-08-26 22:50:54] ✅   Step 1: BG = bg_Zen1.jpg
[2026-08-26 22:50:54] ✅   Step 2: TTS (vi-VN-HoaiMyNeural)
[2026-08-26 22:50:55] ✅   Step 3: Audio EQ + Mix nhạc
[2026-08-26 22:50:55] ✅   Step 4: FFmpeg encode (12.5s)
[2026-08-26 22:51:00] ✅   ✅ OK: auto_20260826_225054_Tại_Sao_Người_Ít_Nói_Lại_Thường_Được_Tin.mp4 (0.50MB)
[2026-08-26 22:51:00] ✅   ✅ Video tạo xong: auto_20260826_225054_Tại_Sao_Người_Ít_Nói_Lại_Thường_Được_Tin.mp4
[2026-08-26 22:51:01] ✅ 
=== Ngày 2026-09-10: Tạo 5/5 video thành công ===
[2026-08-26 22:51:01] ✅   📂 Xem video tại: /Users/abc/.gemini/antigravity/scratch/1995lido_youtube_management/output_manual
[2026-08-26 22:51:01] ✅   🌐 Review tại: http://localhost:8098
[2026-08-26 22:51:01] ✅   Nghỉ 10 giây trước khi tạo ngày tiếp...
[2026-08-26 22:51:11] ✅ === Bắt đầu tạo 5 video cho ngày 2026-09-11 ===
[2026-08-26 22:51:11] ✅ 
[1/5] 🌅 Sáng 8h — nikaya — Kinh Nikaya: Lối Sống Biết Đủ (SANTUTTHI) - Mở Khóa Bìn
[2026-08-26 22:51:11] 🔵 BUILD: Kinh Nikaya: Lối Sống Biết Đủ (SANTUTTHI) - Mở Khóa Bình An 
[2026-08-26 22:51:11] ✅   Step 1: BG = bg_phat2.jpg
[2026-08-26 22:51:11] ✅   Step 2: TTS (vi-VN-HoaiMyNeural)
[2026-08-26 22:51:13] ✅   Step 3: Audio EQ + Mix nhạc
[2026-08-26 22:51:13] ✅   Step 4: FFmpeg encode (22.6s)
[2026-08-26 22:51:19] ✅   ✅ OK: auto_20260826_225111_Kinh_Nikaya__Lối_Sống_Biết_Đủ__SANTUTTHI.mp4 (1.15MB)
[2026-08-26 22:51:19] ✅   ✅ Video tạo xong: auto_20260826_225111_Kinh_Nikaya__Lối_Sống_Biết_Đủ__SANTUTTHI.mp4
[2026-08-26 22:51:20] ✅ 
[2/5] ☀️ Trưa 11h — deep_work — Ma Trận Eisenhower — Phân Loại Công Việc Để Làm Đúng Vi
[2026-08-26 22:51:20] 🔵 BUILD: Ma Trận Eisenhower — Phân Loại Công Việc Để Làm Đúng Việc
[2026-08-26 22:51:20] ✅   Step 1: BG = bg_Zen1.jpg
[2026-08-26 22:51:20] ✅   Step 2: TTS (vi-VN-NamMinhNeural)
[2026-08-26 22:51:21] ✅   Step 3: Audio EQ + Mix nhạc
[2026-08-26 22:51:22] ✅   Step 4: FFmpeg encode (13.9s)
[2026-08-26 22:51:26] ✅   ✅ OK: auto_20260826_225120_Ma_Trận_Eisenhower___Phân_Loại_Công_Việc.mp4 (0.52MB)
[2026-08-26 22:51:26] ✅   ✅ Video tạo xong: auto_20260826_225120_Ma_Trận_Eisenhower___Phân_Loại_Công_Việc.mp4
[2026-08-26 22:51:27] ✅ 
[3/5] 🌆 Chiều 18h — healing — Tại Sao Người Mạnh Mẽ Cũng Cần Được Khóc Đôi Khi
[2026-08-26 22:51:27] 🔵 BUILD: Tại Sao Người Mạnh Mẽ Cũng Cần Được Khóc Đôi Khi
[2026-08-26 22:51:27] ✅   Step 1: BG = bg_morning_deepwork.jpg
[2026-08-26 22:51:27] ✅   Step 2: TTS (vi-VN-HoaiMyNeural)
[2026-08-26 22:51:29] ✅   Step 3: Audio EQ + Mix nhạc
[2026-08-26 22:51:29] ✅   Step 4: FFmpeg encode (13.1s)
[2026-08-26 22:51:33] ✅   ✅ OK: auto_20260826_225127_Tại_Sao_Người_Mạnh_Mẽ_Cũng_Cần_Được_Khóc.mp4 (0.66MB)
[2026-08-26 22:51:33] ✅   ✅ Video tạo xong: auto_20260826_225127_Tại_Sao_Người_Mạnh_Mẽ_Cũng_Cần_Được_Khóc.mp4
[2026-08-26 22:51:34] ✅ 
[4/5] 🌙 Tối 20h — discipline — Atomic Habits — Thay Đổi 1% Mỗi Ngày Để Tạo Bước Nhảy V
[2026-08-26 22:51:34] 🔵 BUILD: Atomic Habits — Thay Đổi 1% Mỗi Ngày Để Tạo Bước Nhảy Vọt
[2026-08-26 22:51:34] ✅   Step 1: BG = bg_healing_noon.jpg
[2026-08-26 22:51:34] ✅   Step 2: TTS (vi-VN-NamMinhNeural)
[2026-08-26 22:51:35] ✅   Step 3: Audio EQ + Mix nhạc
[2026-08-26 22:51:36] ✅   Step 4: FFmpeg encode (13.1s)
[2026-08-26 22:51:40] ✅   ✅ OK: auto_20260826_225134_Atomic_Habits___Thay_Đổi_1__Mỗi_Ngày_Để_.mp4 (0.91MB)
[2026-08-26 22:51:40] ✅   ✅ Video tạo xong: auto_20260826_225134_Atomic_Habits___Thay_Đổi_1__Mỗi_Ngày_Để_.mp4
[2026-08-26 22:51:41] ✅ 
[5/5] ⭐ Đêm 21h30 — life_skills — First Impression — 7 Giây Đầu Quyết Định Mọi Thứ
[2026-08-26 22:51:41] 🔵 BUILD: First Impression — 7 Giây Đầu Quyết Định Mọi Thứ
[2026-08-26 22:51:41] ✅   Step 1: BG = bg_phat3.jpg
[2026-08-26 22:51:41] ✅   Step 2: TTS (vi-VN-HoaiMyNeural)
[2026-08-26 22:51:42] ✅   Step 3: Audio EQ + Mix nhạc
[2026-08-26 22:51:42] ✅   Step 4: FFmpeg encode (12.8s)
[2026-08-26 22:51:46] ✅   ✅ OK: auto_20260826_225141_First_Impression___7_Giây_Đầu_Quyết_Định.mp4 (0.48MB)
[2026-08-26 22:51:46] ✅   ✅ Video tạo xong: auto_20260826_225141_First_Impression___7_Giây_Đầu_Quyết_Định.mp4
[2026-08-26 22:51:47] ✅ 
=== Ngày 2026-09-11: Tạo 5/5 video thành công ===
[2026-08-26 22:51:47] ✅   📂 Xem video tại: /Users/abc/.gemini/antigravity/scratch/1995lido_youtube_management/output_manual
[2026-08-26 22:51:47] ✅   🌐 Review tại: http://localhost:8098
[2026-08-26 22:51:47] ✅   Nghỉ 10 giây trước khi tạo ngày tiếp...
[2026-08-26 22:51:57] ✅ === Bắt đầu tạo 5 video cho ngày 2026-09-12 ===
[2026-08-26 22:51:57] ✅ 
[1/5] 🌅 Sáng 8h — nikaya — Kinh Nikaya: Quán Thân Trên Thân (KAYANUPASSANA) - Giải
[2026-08-26 22:51:57] 🔵 BUILD: Kinh Nikaya: Quán Thân Trên Thân (KAYANUPASSANA) - Giải Tỏa 
[2026-08-26 22:51:57] ✅   Step 1: BG = bg_phat3.jpg
[2026-08-26 22:51:57] ✅   Step 2: TTS (vi-VN-HoaiMyNeural)
[2026-08-26 22:51:58] ✅   Step 3: Audio EQ + Mix nhạc
[2026-08-26 22:51:59] ✅   Step 4: FFmpeg encode (18.6s)
[2026-08-26 22:52:04] ✅   ✅ OK: auto_20260826_225157_Kinh_Nikaya__Quán_Thân_Trên_Thân__KAYANU.mp4 (0.75MB)
[2026-08-26 22:52:04] ✅   ✅ Video tạo xong: auto_20260826_225157_Kinh_Nikaya__Quán_Thân_Trên_Thân__KAYANU.mp4
[2026-08-26 22:52:05] ✅ 
[2/5] ☀️ Trưa 11h — deep_work — Tại Sao Người Thành Công Thức Dậy Sớm Hơn Bạn 1 Tiếng
[2026-08-26 22:52:05] 🔵 BUILD: Tại Sao Người Thành Công Thức Dậy Sớm Hơn Bạn 1 Tiếng
[2026-08-26 22:52:05] ✅   Step 1: BG = bg_phat2.jpg
[2026-08-26 22:52:05] ✅   Step 2: TTS (vi-VN-NamMinhNeural)
[2026-08-26 22:52:07] ✅   Step 3: Audio EQ + Mix nhạc
[2026-08-26 22:52:07] ✅   Step 4: FFmpeg encode (11.9s)
[2026-08-26 22:52:11] ✅   ✅ OK: auto_20260826_225205_Tại_Sao_Người_Thành_Công_Thức_Dậy_Sớm_Hơ.mp4 (0.64MB)
[2026-08-26 22:52:11] ✅   ✅ Video tạo xong: auto_20260826_225205_Tại_Sao_Người_Thành_Công_Thức_Dậy_Sớm_Hơ.mp4
[2026-08-26 22:52:12] ✅ 
[3/5] 🌆 Chiều 18h — healing — Tại Sao Người Mạnh Mẽ Cũng Cần Được Khóc Đôi Khi
[2026-08-26 22:52:12] 🔵 BUILD: Tại Sao Người Mạnh Mẽ Cũng Cần Được Khóc Đôi Khi
[2026-08-26 22:52:12] ✅   Step 1: BG = bg_phat1.jpg
[2026-08-26 22:52:12] ✅   Step 2: TTS (vi-VN-HoaiMyNeural)
[2026-08-26 22:52:13] ✅   Step 3: Audio EQ + Mix nhạc
[2026-08-26 22:52:14] ✅   Step 4: FFmpeg encode (13.1s)
[2026-08-26 22:52:21] ✅   ✅ OK: auto_20260826_225212_Tại_Sao_Người_Mạnh_Mẽ_Cũng_Cần_Được_Khóc.mp4 (0.71MB)
[2026-08-26 22:52:21] ✅   ✅ Video tạo xong: auto_20260826_225212_Tại_Sao_Người_Mạnh_Mẽ_Cũng_Cần_Được_Khóc.mp4
[2026-08-26 22:52:22] ✅ 
[4/5] 🌙 Tối 20h — discipline — Atomic Habits — Thay Đổi 1% Mỗi Ngày Để Tạo Bước Nhảy V
[2026-08-26 22:52:22] 🔵 BUILD: Atomic Habits — Thay Đổi 1% Mỗi Ngày Để Tạo Bước Nhảy Vọt
[2026-08-26 22:52:22] ✅   Step 1: BG = bg_healing_noon.jpg
[2026-08-26 22:52:22] ✅   Step 2: TTS (vi-VN-NamMinhNeural)
[2026-08-26 22:52:24] ✅   Step 3: Audio EQ + Mix nhạc
[2026-08-26 22:52:24] ✅   Step 4: FFmpeg encode (13.1s)
[2026-08-26 22:52:34] ✅   ✅ OK: auto_20260826_225222_Atomic_Habits___Thay_Đổi_1__Mỗi_Ngày_Để_.mp4 (0.91MB)
[2026-08-26 22:52:34] ✅   ✅ Video tạo xong: auto_20260826_225222_Atomic_Habits___Thay_Đổi_1__Mỗi_Ngày_Để_.mp4
[2026-08-26 22:52:35] ✅ 
[5/5] ⭐ Đêm 21h30 — life_skills — Nghệ Thuật Lắng Nghe Chủ Động — Kỹ Năng Hiếm Người Có
[2026-08-26 22:52:35] 🔵 BUILD: Nghệ Thuật Lắng Nghe Chủ Động — Kỹ Năng Hiếm Người Có
[2026-08-26 22:52:35] ✅   Step 1: BG = bg_zen_evening.jpg
[2026-08-26 22:52:35] ✅   Step 2: TTS (vi-VN-HoaiMyNeural)
[2026-08-26 22:52:37] ✅   Step 3: Audio EQ + Mix nhạc
[2026-08-26 22:52:38] ✅   Step 4: FFmpeg encode (12.7s)
[2026-08-26 22:52:52] ✅   ✅ OK: auto_20260826_225235_Nghệ_Thuật_Lắng_Nghe_Chủ_Động___Kỹ_Năng_.mp4 (0.90MB)
[2026-08-26 22:52:52] ✅   ✅ Video tạo xong: auto_20260826_225235_Nghệ_Thuật_Lắng_Nghe_Chủ_Động___Kỹ_Năng_.mp4
[2026-08-26 22:52:53] ✅ 
=== Ngày 2026-09-12: Tạo 5/5 video thành công ===
[2026-08-26 22:52:53] ✅   📂 Xem video tại: /Users/abc/.gemini/antigravity/scratch/1995lido_youtube_management/output_manual
[2026-08-26 22:52:53] ✅   🌐 Review tại: http://localhost:8098
[2026-08-26 22:52:53] ✅   Nghỉ 10 giây trước khi tạo ngày tiếp...
[2026-08-26 22:53:03] ✅ === Bắt đầu tạo 5 video cho ngày 2026-09-13 ===
[2026-08-26 22:53:03] ✅ 
[1/5] 🌅 Sáng 8h — nikaya — Kinh Nikaya: Sức Mạnh Của Lòng Biết Ơn (KATANNYU)
[2026-08-26 22:53:03] 🔵 BUILD: Kinh Nikaya: Sức Mạnh Của Lòng Biết Ơn (KATANNYU)
[2026-08-26 22:53:03] ✅   Step 1: BG = bg_Zen1.jpg
[2026-08-26 22:53:04] ✅   Step 2: TTS (vi-VN-HoaiMyNeural)
[2026-08-26 22:53:18] ✅   Step 3: Audio EQ + Mix nhạc
[2026-08-26 22:53:19] ✅   Step 4: FFmpeg encode (16.8s)
[2026-08-26 22:53:24] ✅   ✅ OK: auto_20260826_225303_Kinh_Nikaya__Sức_Mạnh_Của_Lòng_Biết_Ơn__.mp4 (0.72MB)
[2026-08-26 22:53:24] ✅   ✅ Video tạo xong: auto_20260826_225303_Kinh_Nikaya__Sức_Mạnh_Của_Lòng_Biết_Ơn__.mp4
[2026-08-26 22:53:25] ✅ 
[2/5] ☀️ Trưa 11h — deep_work — Ngừng Đa Nhiệm — Làm Một Việc Hiệu Quả Hơn 5 Việc Cùng 
[2026-08-26 22:53:25] 🔵 BUILD: Ngừng Đa Nhiệm — Làm Một Việc Hiệu Quả Hơn 5 Việc Cùng Lúc
[2026-08-26 22:53:25] ✅   Step 1: BG = bg_phat2.jpg
[2026-08-26 22:53:26] ✅   Step 2: TTS (vi-VN-NamMinhNeural)
[2026-08-26 22:53:27] ✅   Step 3: Audio EQ + Mix nhạc
[2026-08-26 22:53:27] ✅   Step 4: FFmpeg encode (11.7s)
[2026-08-26 22:53:32] ✅   ✅ OK: auto_20260826_225325_Ngừng_Đa_Nhiệm___Làm_Một_Việc_Hiệu_Quả_H.mp4 (0.64MB)
[2026-08-26 22:53:32] ✅   ✅ Video tạo xong: auto_20260826_225325_Ngừng_Đa_Nhiệm___Làm_Một_Việc_Hiệu_Quả_H.mp4
[2026-08-26 22:53:33] ✅ 
[3/5] 🌆 Chiều 18h — healing — Học Cách Nói KHÔNG Mà Không Cảm Thấy Áy Nấy
[2026-08-26 22:53:33] 🔵 BUILD: Học Cách Nói KHÔNG Mà Không Cảm Thấy Áy Nấy
[2026-08-26 22:53:33] ✅   Step 1: BG = bg_animation_style.jpg
[2026-08-26 22:53:33] ✅   Step 2: TTS (vi-VN-HoaiMyNeural)
[2026-08-26 22:53:34] ✅   Step 3: Audio EQ + Mix nhạc
[2026-08-26 22:53:34] ✅   Step 4: FFmpeg encode (11.4s)
[2026-08-26 22:53:39] ✅   ✅ OK: auto_20260826_225333_Học_Cách_Nói_KHÔNG_Mà_Không_Cảm_Thấy_Áy_.mp4 (0.88MB)
[2026-08-26 22:53:39] ✅   ✅ Video tạo xong: auto_20260826_225333_Học_Cách_Nói_KHÔNG_Mà_Không_Cảm_Thấy_Áy_.mp4
[2026-08-26 22:53:40] ✅ 
[4/5] 🌙 Tối 20h — discipline — No-Zero Day — Không Ngày Nào Là Ngày Trống Rỗng
[2026-08-26 22:53:40] 🔵 BUILD: No-Zero Day — Không Ngày Nào Là Ngày Trống Rỗng
[2026-08-26 22:53:40] ✅   Step 1: BG = bg_phat1.jpg
[2026-08-26 22:53:40] ✅   Step 2: TTS (vi-VN-NamMinhNeural)
[2026-08-26 22:53:41] ✅   Step 3: Audio EQ + Mix nhạc
[2026-08-26 22:53:41] ✅   Step 4: FFmpeg encode (14.0s)
[2026-08-26 22:53:46] ✅   ✅ OK: auto_20260826_225340_No_Zero_Day___Không_Ngày_Nào_Là_Ngày_Trố.mp4 (0.72MB)
[2026-08-26 22:53:46] ✅   ✅ Video tạo xong: auto_20260826_225340_No_Zero_Day___Không_Ngày_Nào_Là_Ngày_Trố.mp4
[2026-08-26 22:53:47] ✅ 
[5/5] ⭐ Đêm 21h30 — life_skills — Tại Sao Người Ít Nói Lại Thường Được Tin Tưởng Hơn
[2026-08-26 22:53:47] 🔵 BUILD: Tại Sao Người Ít Nói Lại Thường Được Tin Tưởng Hơn
[2026-08-26 22:53:47] ✅   Step 1: BG = bg_healing_noon.jpg
[2026-08-26 22:53:47] ✅   Step 2: TTS (vi-VN-HoaiMyNeural)
[2026-08-26 22:53:48] ✅   Step 3: Audio EQ + Mix nhạc
[2026-08-26 22:53:49] ✅   Step 4: FFmpeg encode (12.5s)
[2026-08-26 22:53:53] ✅   ✅ OK: auto_20260826_225347_Tại_Sao_Người_Ít_Nói_Lại_Thường_Được_Tin.mp4 (0.89MB)
[2026-08-26 22:53:53] ✅   ✅ Video tạo xong: auto_20260826_225347_Tại_Sao_Người_Ít_Nói_Lại_Thường_Được_Tin.mp4
[2026-08-26 22:53:54] ✅ 
=== Ngày 2026-09-13: Tạo 5/5 video thành công ===
[2026-08-26 22:53:54] ✅   📂 Xem video tại: /Users/abc/.gemini/antigravity/scratch/1995lido_youtube_management/output_manual
[2026-08-26 22:53:54] ✅   🌐 Review tại: http://localhost:8098
[2026-08-26 22:53:54] ✅   Nghỉ 10 giây trước khi tạo ngày tiếp...
[2026-08-26 22:54:04] ✅ === Bắt đầu tạo 5 video cho ngày 2026-09-14 ===
[2026-08-26 22:54:04] ✅ 
[1/5] 🌅 Sáng 8h — nikaya — Kinh Nikaya: 8 Ngọn Gió Đời (BÁT THẾT PHÁP) - Bình Thản
[2026-08-26 22:54:04] 🔵 BUILD: Kinh Nikaya: 8 Ngọn Gió Đời (BÁT THẾT PHÁP) - Bình Thản Trướ
[2026-08-26 22:54:04] ✅   Step 1: BG = bg_phat1.jpg
[2026-08-26 22:54:05] ✅   Step 2: TTS (vi-VN-HoaiMyNeural)
[2026-08-26 22:54:06] ✅   Step 3: Audio EQ + Mix nhạc
[2026-08-26 22:54:06] ✅   Step 4: FFmpeg encode (17.9s)
[2026-08-26 22:54:11] ✅   ✅ OK: auto_20260826_225404_Kinh_Nikaya__8_Ngọn_Gió_Đời__BÁT_THẾT_PH.mp4 (1.08MB)
[2026-08-26 22:54:11] ✅   ✅ Video tạo xong: auto_20260826_225404_Kinh_Nikaya__8_Ngọn_Gió_Đời__BÁT_THẾT_PH.mp4
[2026-08-26 22:54:12] ✅ 
[2/5] ☀️ Trưa 11h — deep_work — Phương Pháp Deep Work Của Cal Newport — 1 Giờ Bằng 4 Gi
[2026-08-26 22:54:12] 🔵 BUILD: Phương Pháp Deep Work Của Cal Newport — 1 Giờ Bằng 4 Giờ
[2026-08-26 22:54:12] ✅   Step 1: BG = bg_morning_deepwork.jpg
[2026-08-26 22:54:12] ✅   Step 2: TTS (vi-VN-NamMinhNeural)
[2026-08-26 22:54:13] ✅   Step 3: Audio EQ + Mix nhạc
[2026-08-26 22:54:14] ✅   Step 4: FFmpeg encode (12.6s)
[2026-08-26 22:54:18] ✅   ✅ OK: auto_20260826_225412_Phương_Pháp_Deep_Work_Của_Cal_Newport___.mp4 (0.66MB)
[2026-08-26 22:54:18] ✅   ✅ Video tạo xong: auto_20260826_225412_Phương_Pháp_Deep_Work_Của_Cal_Newport___.mp4
[2026-08-26 22:54:19] ✅ 
[3/5] 🌆 Chiều 18h — healing — 5 Dấu Hiệu Bạn Đang Burnout — Nhận Ra Trước Khi Quá Muộ
[2026-08-26 22:54:19] 🔵 BUILD: 5 Dấu Hiệu Bạn Đang Burnout — Nhận Ra Trước Khi Quá Muộn
[2026-08-26 22:54:19] ✅   Step 1: BG = bg_phat3.jpg
[2026-08-26 22:54:19] ✅   Step 2: TTS (vi-VN-HoaiMyNeural)
[2026-08-26 22:54:21] ✅   Step 3: Audio EQ + Mix nhạc
[2026-08-26 22:54:22] ✅   Step 4: FFmpeg encode (14.0s)
[2026-08-26 22:54:26] ✅   ✅ OK: auto_20260826_225419_5_Dấu_Hiệu_Bạn_Đang_Burnout___Nhận_Ra_Tr.mp4 (0.49MB)
[2026-08-26 22:54:26] ✅   ✅ Video tạo xong: auto_20260826_225419_5_Dấu_Hiệu_Bạn_Đang_Burnout___Nhận_Ra_Tr.mp4
[2026-08-26 22:54:27] ✅ 
[4/5] 🌙 Tối 20h — discipline — Cách Xây Dựng Buổi Sáng 30 Phút Thay Đổi Cả Đời
[2026-08-26 22:54:27] 🔵 BUILD: Cách Xây Dựng Buổi Sáng 30 Phút Thay Đổi Cả Đời
[2026-08-26 22:54:27] ✅   Step 1: BG = bg_phat2.jpg
[2026-08-26 22:54:27] ✅   Step 2: TTS (vi-VN-NamMinhNeural)
[2026-08-26 22:54:29] ✅   Step 3: Audio EQ + Mix nhạc
[2026-08-26 22:54:29] ✅   Step 4: FFmpeg encode (13.1s)
[2026-08-26 22:54:35] ✅   ✅ OK: auto_20260826_225427_Cách_Xây_Dựng_Buổi_Sáng_30_Phút_Thay_Đổi.mp4 (0.65MB)
[2026-08-26 22:54:35] ✅   ✅ Video tạo xong: auto_20260826_225427_Cách_Xây_Dựng_Buổi_Sáng_30_Phút_Thay_Đổi.mp4
[2026-08-26 22:54:36] ✅ 
[5/5] ⭐ Đêm 21h30 — life_skills — Tại Sao Người Ít Nói Lại Thường Được Tin Tưởng Hơn
[2026-08-26 22:54:36] 🔵 BUILD: Tại Sao Người Ít Nói Lại Thường Được Tin Tưởng Hơn
[2026-08-26 22:54:36] ✅   Step 1: BG = bg_zen_evening.jpg
[2026-08-26 22:54:36] ✅   Step 2: TTS (vi-VN-HoaiMyNeural)
[2026-08-26 22:54:37] ✅   Step 3: Audio EQ + Mix nhạc
[2026-08-26 22:54:38] ✅   Step 4: FFmpeg encode (12.5s)
[2026-08-26 22:54:44] ✅   ✅ OK: auto_20260826_225436_Tại_Sao_Người_Ít_Nói_Lại_Thường_Được_Tin.mp4 (0.89MB)
[2026-08-26 22:54:44] ✅   ✅ Video tạo xong: auto_20260826_225436_Tại_Sao_Người_Ít_Nói_Lại_Thường_Được_Tin.mp4
[2026-08-26 22:54:45] ✅ 
=== Ngày 2026-09-14: Tạo 5/5 video thành công ===
[2026-08-26 22:54:45] ✅   📂 Xem video tại: /Users/abc/.gemini/antigravity/scratch/1995lido_youtube_management/output_manual
[2026-08-26 22:54:45] ✅   🌐 Review tại: http://localhost:8098
[2026-08-26 22:54:45] ✅   Nghỉ 10 giây trước khi tạo ngày tiếp...
[2026-08-26 22:54:55] ✅ === Bắt đầu tạo 5 video cho ngày 2026-09-15 ===
[2026-08-26 22:54:55] ✅ 
[1/5] 🌅 Sáng 8h — nikaya — Kinh Nikaya: Nghệ Thuật Chọn Bạn Mà Chơi (THIỆN HỮU TRI
[2026-08-26 22:54:55] 🔵 BUILD: Kinh Nikaya: Nghệ Thuật Chọn Bạn Mà Chơi (THIỆN HỮU TRI KỶ)
[2026-08-26 22:54:55] ✅   Step 1: BG = bg_Zen1.jpg
[2026-08-26 22:54:55] ✅   Step 2: TTS (vi-VN-HoaiMyNeural)
[2026-08-26 22:54:57] ✅   Step 3: Audio EQ + Mix nhạc
[2026-08-26 22:54:58] ✅   Step 4: FFmpeg encode (18.7s)
[2026-08-26 22:55:09] ✅   ✅ OK: auto_20260826_225455_Kinh_Nikaya__Nghệ_Thuật_Chọn_Bạn_Mà_Chơi.mp4 (0.75MB)
[2026-08-26 22:55:09] ✅   ✅ Video tạo xong: auto_20260826_225455_Kinh_Nikaya__Nghệ_Thuật_Chọn_Bạn_Mà_Chơi.mp4
[2026-08-26 22:55:10] ✅ 
[2/5] ☀️ Trưa 11h — deep_work — Ngừng Đa Nhiệm — Làm Một Việc Hiệu Quả Hơn 5 Việc Cùng 
[2026-08-26 22:55:10] 🔵 BUILD: Ngừng Đa Nhiệm — Làm Một Việc Hiệu Quả Hơn 5 Việc Cùng Lúc
[2026-08-26 22:55:10] ✅   Step 1: BG = bg_phat3.jpg
[2026-08-26 22:55:10] ✅   Step 2: TTS (vi-VN-NamMinhNeural)
[2026-08-26 22:55:11] ✅   Step 3: Audio EQ + Mix nhạc
[2026-08-26 22:55:12] ✅   Step 4: FFmpeg encode (11.7s)
[2026-08-26 22:55:21] ✅   ✅ OK: auto_20260826_225510_Ngừng_Đa_Nhiệm___Làm_Một_Việc_Hiệu_Quả_H.mp4 (0.47MB)
[2026-08-26 22:55:21] ✅   ✅ Video tạo xong: auto_20260826_225510_Ngừng_Đa_Nhiệm___Làm_Một_Việc_Hiệu_Quả_H.mp4
[2026-08-26 22:55:22] ✅ 
[3/5] 🌆 Chiều 18h — healing — Khi Sự Nhiệt Huyết Biến Mất — Vượt Qua Tê Liệt Cảm Xúc
[2026-08-26 22:55:22] 🔵 BUILD: Khi Sự Nhiệt Huyết Biến Mất — Vượt Qua Tê Liệt Cảm Xúc
[2026-08-26 22:55:22] ✅   Step 1: BG = bg_animation_style.jpg
[2026-08-26 22:55:22] ✅   Step 2: TTS (vi-VN-HoaiMyNeural)
[2026-08-26 22:55:23] ✅   Step 3: Audio EQ + Mix nhạc
[2026-08-26 22:55:24] ✅   Step 4: FFmpeg encode (12.3s)
[2026-08-26 22:55:33] ✅   ✅ OK: auto_20260826_225522_Khi_Sự_Nhiệt_Huyết_Biến_Mất___Vượt_Qua_T.mp4 (0.89MB)
[2026-08-26 22:55:33] ✅   ✅ Video tạo xong: auto_20260826_225522_Khi_Sự_Nhiệt_Huyết_Biến_Mất___Vượt_Qua_T.mp4
[2026-08-26 22:55:34] ✅ 
[4/5] 🌙 Tối 20h — discipline — Atomic Habits — Thay Đổi 1% Mỗi Ngày Để Tạo Bước Nhảy V
[2026-08-26 22:55:34] 🔵 BUILD: Atomic Habits — Thay Đổi 1% Mỗi Ngày Để Tạo Bước Nhảy Vọt
[2026-08-26 22:55:34] ✅   Step 1: BG = bg_phat2.jpg
[2026-08-26 22:55:34] ✅   Step 2: TTS (vi-VN-NamMinhNeural)
[2026-08-26 22:55:36] ✅   Step 3: Audio EQ + Mix nhạc
[2026-08-26 22:55:36] ✅   Step 4: FFmpeg encode (13.1s)
[2026-08-26 22:55:45] ✅   ✅ OK: auto_20260826_225534_Atomic_Habits___Thay_Đổi_1__Mỗi_Ngày_Để_.mp4 (0.65MB)
[2026-08-26 22:55:45] ✅   ✅ Video tạo xong: auto_20260826_225534_Atomic_Habits___Thay_Đổi_1__Mỗi_Ngày_Để_.mp4
[2026-08-26 22:55:46] ✅ 
[5/5] ⭐ Đêm 21h30 — life_skills — First Impression — 7 Giây Đầu Quyết Định Mọi Thứ
[2026-08-26 22:55:46] 🔵 BUILD: First Impression — 7 Giây Đầu Quyết Định Mọi Thứ
[2026-08-26 22:55:46] ✅   Step 1: BG = bg_healing_noon.jpg
[2026-08-26 22:55:46] ✅   Step 2: TTS (vi-VN-HoaiMyNeural)
[2026-08-26 22:55:48] ✅   Step 3: Audio EQ + Mix nhạc
[2026-08-26 22:55:49] ✅   Step 4: FFmpeg encode (12.8s)
[2026-08-26 22:55:58] ✅   ✅ OK: auto_20260826_225546_First_Impression___7_Giây_Đầu_Quyết_Định.mp4 (0.89MB)
[2026-08-26 22:55:58] ✅   ✅ Video tạo xong: auto_20260826_225546_First_Impression___7_Giây_Đầu_Quyết_Định.mp4
[2026-08-26 22:55:59] ✅ 
=== Ngày 2026-09-15: Tạo 5/5 video thành công ===
[2026-08-26 22:55:59] ✅   📂 Xem video tại: /Users/abc/.gemini/antigravity/scratch/1995lido_youtube_management/output_manual
[2026-08-26 22:55:59] ✅   🌐 Review tại: http://localhost:8098
[2026-08-26 22:55:59] ✅   Nghỉ 10 giây trước khi tạo ngày tiếp...
[2026-08-26 22:56:09] ✅ === Bắt đầu tạo 5 video cho ngày 2026-09-16 ===
[2026-08-26 22:56:09] ✅ 
[1/5] 🌅 Sáng 8h — nikaya — Kinh Nikaya: Học Cách Dừng Lại (SAMATHA) Khi Tâm Trí Qu
[2026-08-26 22:56:09] 🔵 BUILD: Kinh Nikaya: Học Cách Dừng Lại (SAMATHA) Khi Tâm Trí Quá Tải
[2026-08-26 22:56:09] ✅   Step 1: BG = bg_healing_noon.jpg
[2026-08-26 22:56:09] ✅   Step 2: TTS (vi-VN-HoaiMyNeural)
[2026-08-26 22:56:11] ✅   Step 3: Audio EQ + Mix nhạc
[2026-08-26 22:56:11] ✅   Step 4: FFmpeg encode (17.5s)
[2026-08-26 22:56:18] ✅   ✅ OK: auto_20260826_225609_Kinh_Nikaya__Học_Cách_Dừng_Lại__SAMATHA_.mp4 (1.36MB)
[2026-08-26 22:56:18] ✅   ✅ Video tạo xong: auto_20260826_225609_Kinh_Nikaya__Học_Cách_Dừng_Lại__SAMATHA_.mp4
[2026-08-26 22:56:19] ✅ 
[2/5] ☀️ Trưa 11h — deep_work — Tại Sao Bạn Mệt Dù Không Làm Gì — Decision Fatigue
[2026-08-26 22:56:19] 🔵 BUILD: Tại Sao Bạn Mệt Dù Không Làm Gì — Decision Fatigue
[2026-08-26 22:56:19] ✅   Step 1: BG = bg_animation_style.jpg
[2026-08-26 22:56:20] ✅   Step 2: TTS (vi-VN-NamMinhNeural)
[2026-08-26 22:56:21] ✅   Step 3: Audio EQ + Mix nhạc
[2026-08-26 22:56:21] ✅   Step 4: FFmpeg encode (12.1s)
[2026-08-26 22:56:27] ✅   ✅ OK: auto_20260826_225619_Tại_Sao_Bạn_Mệt_Dù_Không_Làm_Gì___Decisi.mp4 (0.89MB)
[2026-08-26 22:56:27] ✅   ✅ Video tạo xong: auto_20260826_225619_Tại_Sao_Bạn_Mệt_Dù_Không_Làm_Gì___Decisi.mp4
[2026-08-26 22:56:28] ✅ 
[3/5] 🌆 Chiều 18h — healing — Học Cách Nói KHÔNG Mà Không Cảm Thấy Áy Nấy
[2026-08-26 22:56:28] 🔵 BUILD: Học Cách Nói KHÔNG Mà Không Cảm Thấy Áy Nấy
[2026-08-26 22:56:28] ✅   Step 1: BG = bg_phat1.jpg
[2026-08-26 22:56:28] ✅   Step 2: TTS (vi-VN-HoaiMyNeural)
[2026-08-26 22:56:29] ✅   Step 3: Audio EQ + Mix nhạc
[2026-08-26 22:56:30] ✅   Step 4: FFmpeg encode (11.4s)
[2026-08-26 22:56:35] ✅   ✅ OK: auto_20260826_225628_Học_Cách_Nói_KHÔNG_Mà_Không_Cảm_Thấy_Áy_.mp4 (0.69MB)
[2026-08-26 22:56:35] ✅   ✅ Video tạo xong: auto_20260826_225628_Học_Cách_Nói_KHÔNG_Mà_Không_Cảm_Thấy_Áy_.mp4
[2026-08-26 22:56:36] ✅ 
[4/5] 🌙 Tối 20h — discipline — No-Zero Day — Không Ngày Nào Là Ngày Trống Rỗng
[2026-08-26 22:56:36] 🔵 BUILD: No-Zero Day — Không Ngày Nào Là Ngày Trống Rỗng
[2026-08-26 22:56:36] ✅   Step 1: BG = bg_Zen1.jpg
[2026-08-26 22:56:36] ✅   Step 2: TTS (vi-VN-NamMinhNeural)
[2026-08-26 22:56:38] ✅   Step 3: Audio EQ + Mix nhạc
[2026-08-26 22:56:38] ✅   Step 4: FFmpeg encode (14.0s)
[2026-08-26 22:56:44] ✅   ✅ OK: auto_20260826_225636_No_Zero_Day___Không_Ngày_Nào_Là_Ngày_Trố.mp4 (0.52MB)
[2026-08-26 22:56:44] ✅   ✅ Video tạo xong: auto_20260826_225636_No_Zero_Day___Không_Ngày_Nào_Là_Ngày_Trố.mp4
[2026-08-26 22:56:45] ✅ 
[5/5] ⭐ Đêm 21h30 — life_skills — Nghệ Thuật Lắng Nghe Chủ Động — Kỹ Năng Hiếm Người Có
[2026-08-26 22:56:45] 🔵 BUILD: Nghệ Thuật Lắng Nghe Chủ Động — Kỹ Năng Hiếm Người Có
[2026-08-26 22:56:45] ✅   Step 1: BG = bg_zen_evening.jpg
[2026-08-26 22:56:45] ✅   Step 2: TTS (vi-VN-HoaiMyNeural)
[2026-08-26 22:56:46] ✅   Step 3: Audio EQ + Mix nhạc
[2026-08-26 22:56:46] ✅   Step 4: FFmpeg encode (12.7s)
[2026-08-26 22:56:52] ✅   ✅ OK: auto_20260826_225645_Nghệ_Thuật_Lắng_Nghe_Chủ_Động___Kỹ_Năng_.mp4 (0.90MB)
[2026-08-26 22:56:52] ✅   ✅ Video tạo xong: auto_20260826_225645_Nghệ_Thuật_Lắng_Nghe_Chủ_Động___Kỹ_Năng_.mp4
[2026-08-26 22:56:53] ✅ 
=== Ngày 2026-09-16: Tạo 5/5 video thành công ===
[2026-08-26 22:56:53] ✅   📂 Xem video tại: /Users/abc/.gemini/antigravity/scratch/1995lido_youtube_management/output_manual
[2026-08-26 22:56:53] ✅   🌐 Review tại: http://localhost:8098
[2026-08-26 22:56:53] ✅   Nghỉ 10 giây trước khi tạo ngày tiếp...
[2026-08-26 22:57:03] ✅ === Bắt đầu tạo 5 video cho ngày 2026-09-17 ===
[2026-08-26 22:57:03] ✅ 
[1/5] 🌅 Sáng 8h — nikaya — Kinh Nikaya: Sự Tự Do Khỏi Định Kiến & Khái Niệm Phân B
[2026-08-26 22:57:03] 🔵 BUILD: Kinh Nikaya: Sự Tự Do Khỏi Định Kiến & Khái Niệm Phân Biệt
[2026-08-26 22:57:03] ✅   Step 1: BG = bg_phat2.jpg
[2026-08-26 22:57:03] ✅   Step 2: TTS (vi-VN-HoaiMyNeural)
[2026-08-26 22:57:05] ✅   Step 3: Audio EQ + Mix nhạc
[2026-08-26 22:57:05] ✅   Step 4: FFmpeg encode (19.7s)
[2026-08-26 22:57:12] ✅   ✅ OK: auto_20260826_225703_Kinh_Nikaya__Sự_Tự_Do_Khỏi_Định_Kiến___K.mp4 (0.99MB)
[2026-08-26 22:57:12] ✅   ✅ Video tạo xong: auto_20260826_225703_Kinh_Nikaya__Sự_Tự_Do_Khỏi_Định_Kiến___K.mp4
[2026-08-26 22:57:13] ✅ 
[2/5] ☀️ Trưa 11h — deep_work — Tại Sao Người Thành Công Thức Dậy Sớm Hơn Bạn 1 Tiếng
[2026-08-26 22:57:13] 🔵 BUILD: Tại Sao Người Thành Công Thức Dậy Sớm Hơn Bạn 1 Tiếng
[2026-08-26 22:57:13] ✅   Step 1: BG = bg_phat3.jpg
[2026-08-26 22:57:13] ✅   Step 2: TTS (vi-VN-NamMinhNeural)
[2026-08-26 22:57:15] ✅   Step 3: Audio EQ + Mix nhạc
[2026-08-26 22:57:15] ✅   Step 4: FFmpeg encode (11.9s)
[2026-08-26 22:57:21] ✅   ✅ OK: auto_20260826_225713_Tại_Sao_Người_Thành_Công_Thức_Dậy_Sớm_Hơ.mp4 (0.47MB)
[2026-08-26 22:57:21] ✅   ✅ Video tạo xong: auto_20260826_225713_Tại_Sao_Người_Thành_Công_Thức_Dậy_Sớm_Hơ.mp4
[2026-08-26 22:57:22] ✅ 
[3/5] 🌆 Chiều 18h — healing — 5 Dấu Hiệu Bạn Đang Burnout — Nhận Ra Trước Khi Quá Muộ
[2026-08-26 22:57:22] 🔵 BUILD: 5 Dấu Hiệu Bạn Đang Burnout — Nhận Ra Trước Khi Quá Muộn
[2026-08-26 22:57:22] ✅   Step 1: BG = bg_phat1.jpg
[2026-08-26 22:57:22] ✅   Step 2: TTS (vi-VN-HoaiMyNeural)
[2026-08-26 22:57:24] ✅   Step 3: Audio EQ + Mix nhạc
[2026-08-26 22:57:24] ✅   Step 4: FFmpeg encode (14.0s)
[2026-08-26 22:57:31] ✅   ✅ OK: auto_20260826_225722_5_Dấu_Hiệu_Bạn_Đang_Burnout___Nhận_Ra_Tr.mp4 (0.72MB)
[2026-08-26 22:57:31] ✅   ✅ Video tạo xong: auto_20260826_225722_5_Dấu_Hiệu_Bạn_Đang_Burnout___Nhận_Ra_Tr.mp4
[2026-08-26 22:57:32] ✅ 
[4/5] 🌙 Tối 20h — discipline — Sức Mạnh Của Journaling — Viết Nhật Ký 10 Phút Mỗi Tối
[2026-08-26 22:57:32] 🔵 BUILD: Sức Mạnh Của Journaling — Viết Nhật Ký 10 Phút Mỗi Tối
[2026-08-26 22:57:32] ✅   Step 1: BG = bg_healing_noon.jpg
[2026-08-26 22:57:32] ✅   Step 2: TTS (vi-VN-NamMinhNeural)
[2026-08-26 22:57:33] ✅   Step 3: Audio EQ + Mix nhạc
[2026-08-26 22:57:34] ✅   Step 4: FFmpeg encode (11.7s)
[2026-08-26 22:57:40] ✅   ✅ OK: auto_20260826_225732_Sức_Mạnh_Của_Journaling___Viết_Nhật_Ký_1.mp4 (0.89MB)
[2026-08-26 22:57:40] ✅   ✅ Video tạo xong: auto_20260826_225732_Sức_Mạnh_Của_Journaling___Viết_Nhật_Ký_1.mp4
[2026-08-26 22:57:41] ✅ 
[5/5] ⭐ Đêm 21h30 — life_skills — Nghệ Thuật Lắng Nghe Chủ Động — Kỹ Năng Hiếm Người Có
[2026-08-26 22:57:41] 🔵 BUILD: Nghệ Thuật Lắng Nghe Chủ Động — Kỹ Năng Hiếm Người Có
[2026-08-26 22:57:41] ✅   Step 1: BG = bg_Zen1.jpg
[2026-08-26 22:57:42] ✅   Step 2: TTS (vi-VN-HoaiMyNeural)
[2026-08-26 22:57:43] ✅   Step 3: Audio EQ + Mix nhạc
[2026-08-26 22:57:44] ✅   Step 4: FFmpeg encode (12.7s)
[2026-08-26 22:57:50] ✅   ✅ OK: auto_20260826_225741_Nghệ_Thuật_Lắng_Nghe_Chủ_Động___Kỹ_Năng_.mp4 (0.50MB)
[2026-08-26 22:57:50] ✅   ✅ Video tạo xong: auto_20260826_225741_Nghệ_Thuật_Lắng_Nghe_Chủ_Động___Kỹ_Năng_.mp4
[2026-08-26 22:57:51] ✅ 
=== Ngày 2026-09-17: Tạo 5/5 video thành công ===
[2026-08-26 22:57:51] ✅   📂 Xem video tại: /Users/abc/.gemini/antigravity/scratch/1995lido_youtube_management/output_manual
[2026-08-26 22:57:51] ✅   🌐 Review tại: http://localhost:8098
[2026-08-26 22:57:51] ✅   Nghỉ 10 giây trước khi tạo ngày tiếp...
[2026-08-26 22:58:01] ✅ === Bắt đầu tạo 5 video cho ngày 2026-09-18 ===
[2026-08-26 22:58:01] ✅ 
[1/5] 🌅 Sáng 8h — nikaya — Kinh Nikaya: Chánh Ngữ (SAMMA VACA) - Lời Nói Nhẹ Nhàng
[2026-08-26 22:58:01] 🔵 BUILD: Kinh Nikaya: Chánh Ngữ (SAMMA VACA) - Lời Nói Nhẹ Nhàng Xoa 
[2026-08-26 22:58:01] ✅   Step 1: BG = bg_zen_evening.jpg
[2026-08-26 22:58:01] ✅   Step 2: TTS (vi-VN-HoaiMyNeural)
[2026-08-26 22:58:03] ✅   Step 3: Audio EQ + Mix nhạc
[2026-08-26 22:58:03] ✅   Step 4: FFmpeg encode (18.3s)
[2026-08-26 22:58:10] ✅   ✅ OK: auto_20260826_225801_Kinh_Nikaya__Chánh_Ngữ__SAMMA_VACA____Lờ.mp4 (1.38MB)
[2026-08-26 22:58:10] ✅   ✅ Video tạo xong: auto_20260826_225801_Kinh_Nikaya__Chánh_Ngữ__SAMMA_VACA____Lờ.mp4
[2026-08-26 22:58:11] ✅ 
[2/5] ☀️ Trưa 11h — deep_work — Ma Trận Eisenhower — Phân Loại Công Việc Để Làm Đúng Vi
[2026-08-26 22:58:11] 🔵 BUILD: Ma Trận Eisenhower — Phân Loại Công Việc Để Làm Đúng Việc
[2026-08-26 22:58:11] ✅   Step 1: BG = bg_healing_noon.jpg
[2026-08-26 22:58:11] ✅   Step 2: TTS (vi-VN-NamMinhNeural)
[2026-08-26 22:58:27] ✅   Step 3: Audio EQ + Mix nhạc
[2026-08-26 22:58:27] ✅   Step 4: FFmpeg encode (13.9s)
[2026-08-26 22:58:32] ✅   ✅ OK: auto_20260826_225811_Ma_Trận_Eisenhower___Phân_Loại_Công_Việc.mp4 (0.92MB)
[2026-08-26 22:58:32] ✅   ✅ Video tạo xong: auto_20260826_225811_Ma_Trận_Eisenhower___Phân_Loại_Công_Việc.mp4
[2026-08-26 22:58:33] ✅ 
[3/5] 🌆 Chiều 18h — healing — Làm Sao Để Tha Thứ Cho Người Làm Mình Đau
[2026-08-26 22:58:33] 🔵 BUILD: Làm Sao Để Tha Thứ Cho Người Làm Mình Đau
[2026-08-26 22:58:33] ✅   Step 1: BG = bg_phat2.jpg
[2026-08-26 22:58:33] ✅   Step 2: TTS (vi-VN-HoaiMyNeural)
[2026-08-26 22:58:34] ✅   Step 3: Audio EQ + Mix nhạc
[2026-08-26 22:58:34] ✅   Step 4: FFmpeg encode (11.9s)
[2026-08-26 22:58:37] ✅   ✅ OK: auto_20260826_225833_Làm_Sao_Để_Tha_Thứ_Cho_Người_Làm_Mình_Đa.mp4 (0.63MB)
[2026-08-26 22:58:37] ✅   ✅ Video tạo xong: auto_20260826_225833_Làm_Sao_Để_Tha_Thứ_Cho_Người_Làm_Mình_Đa.mp4
[2026-08-26 22:58:38] ✅ 
[4/5] 🌙 Tối 20h — discipline — Habit Stacking — Ghép Thói Quen Mới Vào Thói Quen Cũ
[2026-08-26 22:58:38] 🔵 BUILD: Habit Stacking — Ghép Thói Quen Mới Vào Thói Quen Cũ
[2026-08-26 22:58:38] ✅   Step 1: BG = bg_animation_style.jpg
[2026-08-26 22:58:39] ✅   Step 2: TTS (vi-VN-NamMinhNeural)
[2026-08-26 22:58:40] ✅   Step 3: Audio EQ + Mix nhạc
[2026-08-26 22:58:40] ✅   Step 4: FFmpeg encode (14.1s)
[2026-08-26 22:58:45] ✅   ✅ OK: auto_20260826_225838_Habit_Stacking___Ghép_Thói_Quen_Mới_Vào_.mp4 (0.92MB)
[2026-08-26 22:58:45] ✅   ✅ Video tạo xong: auto_20260826_225838_Habit_Stacking___Ghép_Thói_Quen_Mới_Vào_.mp4
[2026-08-26 22:58:46] ✅ 
[5/5] ⭐ Đêm 21h30 — life_skills — Nghệ Thuật Lắng Nghe Chủ Động — Kỹ Năng Hiếm Người Có
[2026-08-26 22:58:46] 🔵 BUILD: Nghệ Thuật Lắng Nghe Chủ Động — Kỹ Năng Hiếm Người Có
[2026-08-26 22:58:46] ✅   Step 1: BG = bg_phat1.jpg
[2026-08-26 22:58:46] ✅   Step 2: TTS (vi-VN-HoaiMyNeural)
[2026-08-26 22:58:47] ✅   Step 3: Audio EQ + Mix nhạc
[2026-08-26 22:58:47] ✅   Step 4: FFmpeg encode (12.7s)
[2026-08-26 22:58:51] ✅   ✅ OK: auto_20260826_225846_Nghệ_Thuật_Lắng_Nghe_Chủ_Động___Kỹ_Năng_.mp4 (0.71MB)
[2026-08-26 22:58:51] ✅   ✅ Video tạo xong: auto_20260826_225846_Nghệ_Thuật_Lắng_Nghe_Chủ_Động___Kỹ_Năng_.mp4
[2026-08-26 22:58:52] ✅ 
=== Ngày 2026-09-18: Tạo 5/5 video thành công ===
[2026-08-26 22:58:52] ✅   📂 Xem video tại: /Users/abc/.gemini/antigravity/scratch/1995lido_youtube_management/output_manual
[2026-08-26 22:58:52] ✅   🌐 Review tại: http://localhost:8098
[2026-08-26 22:58:52] ✅   Nghỉ 10 giây trước khi tạo ngày tiếp...
[2026-08-26 22:59:02] ✅ === Bắt đầu tạo 5 video cho ngày 2026-09-19 ===
[2026-08-26 22:59:02] ✅ 
[1/5] 🌅 Sáng 8h — nikaya — Kinh Nikaya: Sức Mạnh Của Nhẫn Nại (KHANTI) - Thắng Cơn
[2026-08-26 22:59:02] 🔵 BUILD: Kinh Nikaya: Sức Mạnh Của Nhẫn Nại (KHANTI) - Thắng Cơn Giận
[2026-08-26 22:59:02] ✅   Step 1: BG = bg_healing_noon.jpg
[2026-08-26 22:59:02] ✅   Step 2: TTS (vi-VN-HoaiMyNeural)
[2026-08-26 22:59:03] ✅   Step 3: Audio EQ + Mix nhạc
[2026-08-26 22:59:04] ✅   Step 4: FFmpeg encode (21.8s)
[2026-08-26 22:59:09] ✅   ✅ OK: auto_20260826_225902_Kinh_Nikaya__Sức_Mạnh_Của_Nhẫn_Nại__KHAN.mp4 (1.42MB)
[2026-08-26 22:59:09] ✅   ✅ Video tạo xong: auto_20260826_225902_Kinh_Nikaya__Sức_Mạnh_Của_Nhẫn_Nại__KHAN.mp4
[2026-08-26 22:59:10] ✅ 
[2/5] ☀️ Trưa 11h — deep_work — Tại Sao Người Thành Công Thức Dậy Sớm Hơn Bạn 1 Tiếng
[2026-08-26 22:59:10] 🔵 BUILD: Tại Sao Người Thành Công Thức Dậy Sớm Hơn Bạn 1 Tiếng
[2026-08-26 22:59:10] ✅   Step 1: BG = bg_Zen1.jpg
[2026-08-26 22:59:10] ✅   Step 2: TTS (vi-VN-NamMinhNeural)
[2026-08-26 22:59:12] ✅   Step 3: Audio EQ + Mix nhạc
[2026-08-26 22:59:12] ✅   Step 4: FFmpeg encode (11.9s)
[2026-08-26 22:59:15] ✅   ✅ OK: auto_20260826_225910_Tại_Sao_Người_Thành_Công_Thức_Dậy_Sớm_Hơ.mp4 (0.49MB)
[2026-08-26 22:59:15] ✅   ✅ Video tạo xong: auto_20260826_225910_Tại_Sao_Người_Thành_Công_Thức_Dậy_Sớm_Hơ.mp4
[2026-08-26 22:59:16] ✅ 
[3/5] 🌆 Chiều 18h — healing — Học Cách Nói KHÔNG Mà Không Cảm Thấy Áy Nấy
[2026-08-26 22:59:16] 🔵 BUILD: Học Cách Nói KHÔNG Mà Không Cảm Thấy Áy Nấy
[2026-08-26 22:59:16] ✅   Step 1: BG = bg_zen_evening.jpg
[2026-08-26 22:59:16] ✅   Step 2: TTS (vi-VN-HoaiMyNeural)
[2026-08-26 22:59:17] ✅   Step 3: Audio EQ + Mix nhạc
[2026-08-26 22:59:18] ✅   Step 4: FFmpeg encode (11.4s)
[2026-08-26 22:59:22] ✅   ✅ OK: auto_20260826_225916_Học_Cách_Nói_KHÔNG_Mà_Không_Cảm_Thấy_Áy_.mp4 (0.88MB)
[2026-08-26 22:59:22] ✅   ✅ Video tạo xong: auto_20260826_225916_Học_Cách_Nói_KHÔNG_Mà_Không_Cảm_Thấy_Áy_.mp4
[2026-08-26 22:59:23] ✅ 
[4/5] 🌙 Tối 20h — discipline — Habit Stacking — Ghép Thói Quen Mới Vào Thói Quen Cũ
[2026-08-26 22:59:23] 🔵 BUILD: Habit Stacking — Ghép Thói Quen Mới Vào Thói Quen Cũ
[2026-08-26 22:59:23] ✅   Step 1: BG = bg_morning_deepwork.jpg
[2026-08-26 22:59:23] ✅   Step 2: TTS (vi-VN-NamMinhNeural)
[2026-08-26 22:59:24] ✅   Step 3: Audio EQ + Mix nhạc
[2026-08-26 22:59:24] ✅   Step 4: FFmpeg encode (14.1s)
[2026-08-26 22:59:29] ✅   ✅ OK: auto_20260826_225923_Habit_Stacking___Ghép_Thói_Quen_Mới_Vào_.mp4 (0.68MB)
[2026-08-26 22:59:29] ✅   ✅ Video tạo xong: auto_20260826_225923_Habit_Stacking___Ghép_Thói_Quen_Mới_Vào_.mp4
[2026-08-26 22:59:30] ✅ 
[5/5] ⭐ Đêm 21h30 — life_skills — Tại Sao Người Ít Nói Lại Thường Được Tin Tưởng Hơn
[2026-08-26 22:59:30] 🔵 BUILD: Tại Sao Người Ít Nói Lại Thường Được Tin Tưởng Hơn
[2026-08-26 22:59:30] ✅   Step 1: BG = bg_phat2.jpg
[2026-08-26 22:59:30] ✅   Step 2: TTS (vi-VN-HoaiMyNeural)
[2026-08-26 22:59:31] ✅   Step 3: Audio EQ + Mix nhạc
[2026-08-26 22:59:31] ✅   Step 4: FFmpeg encode (12.5s)
[2026-08-26 22:59:35] ✅   ✅ OK: auto_20260826_225930_Tại_Sao_Người_Ít_Nói_Lại_Thường_Được_Tin.mp4 (0.64MB)
[2026-08-26 22:59:35] ✅   ✅ Video tạo xong: auto_20260826_225930_Tại_Sao_Người_Ít_Nói_Lại_Thường_Được_Tin.mp4
[2026-08-26 22:59:36] ✅ 
=== Ngày 2026-09-19: Tạo 5/5 video thành công ===
[2026-08-26 22:59:36] ✅   📂 Xem video tại: /Users/abc/.gemini/antigravity/scratch/1995lido_youtube_management/output_manual
[2026-08-26 22:59:36] ✅   🌐 Review tại: http://localhost:8098
[2026-08-26 22:59:36] ✅   Nghỉ 10 giây trước khi tạo ngày tiếp...
[2026-08-26 22:59:46] ✅ === Bắt đầu tạo 5 video cho ngày 2026-09-20 ===
[2026-08-26 22:59:46] ✅ 
[1/5] 🌅 Sáng 8h — nikaya — Kinh Nikaya: Buông Bỏ Lòng Tham Dục (LOBHA) Để Nhẹ Nhõm
[2026-08-26 22:59:46] 🔵 BUILD: Kinh Nikaya: Buông Bỏ Lòng Tham Dục (LOBHA) Để Nhẹ Nhõm Tâm 
[2026-08-26 22:59:46] ✅   Step 1: BG = bg_healing_noon.jpg
[2026-08-26 22:59:46] ✅   Step 2: TTS (vi-VN-HoaiMyNeural)
[2026-08-26 22:59:48] ✅   Step 3: Audio EQ + Mix nhạc
[2026-08-26 22:59:48] ✅   Step 4: FFmpeg encode (17.7s)
[2026-08-26 22:59:54] ✅   ✅ OK: auto_20260826_225946_Kinh_Nikaya__Buông_Bỏ_Lòng_Tham_Dục__LOB.mp4 (1.36MB)
[2026-08-26 22:59:54] ✅   ✅ Video tạo xong: auto_20260826_225946_Kinh_Nikaya__Buông_Bỏ_Lòng_Tham_Dục__LOB.mp4
[2026-08-26 22:59:55] ✅ 
[2/5] ☀️ Trưa 11h — deep_work — Ma Trận Eisenhower — Phân Loại Công Việc Để Làm Đúng Vi
[2026-08-26 22:59:55] 🔵 BUILD: Ma Trận Eisenhower — Phân Loại Công Việc Để Làm Đúng Việc
[2026-08-26 22:59:55] ✅   Step 1: BG = bg_phat2.jpg
[2026-08-26 22:59:55] ✅   Step 2: TTS (vi-VN-NamMinhNeural)
[2026-08-26 22:59:56] ✅   Step 3: Audio EQ + Mix nhạc
[2026-08-26 22:59:56] ✅   Step 4: FFmpeg encode (13.9s)
[2026-08-26 23:00:01] ✅   ✅ OK: auto_20260826_225955_Ma_Trận_Eisenhower___Phân_Loại_Công_Việc.mp4 (0.66MB)
[2026-08-26 23:00:01] ✅   ✅ Video tạo xong: auto_20260826_225955_Ma_Trận_Eisenhower___Phân_Loại_Công_Việc.mp4
[2026-08-26 23:00:02] ✅ 
[3/5] 🌆 Chiều 18h — healing — 5 Dấu Hiệu Bạn Đang Burnout — Nhận Ra Trước Khi Quá Muộ
[2026-08-26 23:00:02] 🔵 BUILD: 5 Dấu Hiệu Bạn Đang Burnout — Nhận Ra Trước Khi Quá Muộn
[2026-08-26 23:00:02] ✅   Step 1: BG = bg_zen_evening.jpg
[2026-08-26 23:00:02] ✅   Step 2: TTS (vi-VN-HoaiMyNeural)
[2026-08-26 23:00:03] ✅   Step 3: Audio EQ + Mix nhạc
[2026-08-26 23:00:04] ✅   Step 4: FFmpeg encode (14.0s)
[2026-08-26 23:00:10] ✅   ✅ OK: auto_20260826_230002_5_Dấu_Hiệu_Bạn_Đang_Burnout___Nhận_Ra_Tr.mp4 (0.92MB)
[2026-08-26 23:00:10] ✅   ✅ Video tạo xong: auto_20260826_230002_5_Dấu_Hiệu_Bạn_Đang_Burnout___Nhận_Ra_Tr.mp4
[2026-08-26 23:00:11] ✅ 
[4/5] 🌙 Tối 20h — discipline — No-Zero Day — Không Ngày Nào Là Ngày Trống Rỗng
[2026-08-26 23:00:11] 🔵 BUILD: No-Zero Day — Không Ngày Nào Là Ngày Trống Rỗng
[2026-08-26 23:00:11] ✅   Step 1: BG = bg_animation_style.jpg
[2026-08-26 23:00:11] ✅   Step 2: TTS (vi-VN-NamMinhNeural)
[2026-08-26 23:00:12] ✅   Step 3: Audio EQ + Mix nhạc
[2026-08-26 23:00:12] ✅   Step 4: FFmpeg encode (14.0s)
[2026-08-26 23:00:19] ✅   ✅ OK: auto_20260826_230011_No_Zero_Day___Không_Ngày_Nào_Là_Ngày_Trố.mp4 (0.91MB)
[2026-08-26 23:00:19] ✅   ✅ Video tạo xong: auto_20260826_230011_No_Zero_Day___Không_Ngày_Nào_Là_Ngày_Trố.mp4
[2026-08-26 23:00:20] ✅ 
[5/5] ⭐ Đêm 21h30 — life_skills — Tại Sao Người Ít Nói Lại Thường Được Tin Tưởng Hơn
[2026-08-26 23:00:20] 🔵 BUILD: Tại Sao Người Ít Nói Lại Thường Được Tin Tưởng Hơn
[2026-08-26 23:00:20] ✅   Step 1: BG = bg_morning_deepwork.jpg
[2026-08-26 23:00:20] ✅   Step 2: TTS (vi-VN-HoaiMyNeural)
[2026-08-26 23:00:22] ✅   Step 3: Audio EQ + Mix nhạc
[2026-08-26 23:00:22] ✅   Step 4: FFmpeg encode (12.5s)
[2026-08-26 23:00:30] ✅   ✅ OK: auto_20260826_230020_Tại_Sao_Người_Ít_Nói_Lại_Thường_Được_Tin.mp4 (0.65MB)
[2026-08-26 23:00:30] ✅   ✅ Video tạo xong: auto_20260826_230020_Tại_Sao_Người_Ít_Nói_Lại_Thường_Được_Tin.mp4
[2026-08-26 23:00:31] ✅ 
=== Ngày 2026-09-20: Tạo 5/5 video thành công ===
[2026-08-26 23:00:31] ✅   📂 Xem video tại: /Users/abc/.gemini/antigravity/scratch/1995lido_youtube_management/output_manual
[2026-08-26 23:00:31] ✅   🌐 Review tại: http://localhost:8098
[2026-08-26 23:00:31] ✅   Nghỉ 10 giây trước khi tạo ngày tiếp...
[2026-08-26 23:00:41] ✅ === Bắt đầu tạo 5 video cho ngày 2026-09-21 ===
[2026-08-26 23:00:41] ✅ 
[1/5] 🌅 Sáng 8h — nikaya — Kinh Nikaya: Tâm Từ Vô Lượng (METTA) - Hóa Giải Oán Hận
[2026-08-26 23:00:41] 🔵 BUILD: Kinh Nikaya: Tâm Từ Vô Lượng (METTA) - Hóa Giải Oán Hận Bằng
[2026-08-26 23:00:41] ✅   Step 1: BG = bg_phat1.jpg
[2026-08-26 23:00:41] ✅   Step 2: TTS (vi-VN-HoaiMyNeural)
[2026-08-26 23:00:59] ✅   Step 3: Audio EQ + Mix nhạc
[2026-08-26 23:01:00] ✅   Step 4: FFmpeg encode (21.6s)
[2026-08-26 23:01:06] ✅   ✅ OK: auto_20260826_230041_Kinh_Nikaya__Tâm_Từ_Vô_Lượng__METTA____H.mp4 (1.11MB)
[2026-08-26 23:01:06] ✅   ✅ Video tạo xong: auto_20260826_230041_Kinh_Nikaya__Tâm_Từ_Vô_Lượng__METTA____H.mp4
[2026-08-26 23:01:07] ✅ 
[2/5] ☀️ Trưa 11h — deep_work — Kỹ Thuật Time Boxing Nâng Cao — Làm Chủ 1 Ngày Không Xa
[2026-08-26 23:01:07] 🔵 BUILD: Kỹ Thuật Time Boxing Nâng Cao — Làm Chủ 1 Ngày Không Xao Nhã
[2026-08-26 23:01:07] ✅   Step 1: BG = bg_morning_deepwork.jpg
[2026-08-26 23:01:07] ✅   Step 2: TTS (vi-VN-NamMinhNeural)
[2026-08-26 23:01:08] ✅   Step 3: Audio EQ + Mix nhạc
[2026-08-26 23:01:08] ✅   Step 4: FFmpeg encode (14.2s)
[2026-08-26 23:01:13] ✅   ✅ OK: auto_20260826_230107_Kỹ_Thuật_Time_Boxing_Nâng_Cao___Làm_Chủ_.mp4 (0.69MB)
[2026-08-26 23:01:13] ✅   ✅ Video tạo xong: auto_20260826_230107_Kỹ_Thuật_Time_Boxing_Nâng_Cao___Làm_Chủ_.mp4
[2026-08-26 23:01:14] ✅ 
[3/5] 🌆 Chiều 18h — healing — Nghệ Thuật Buông Bỏ Kỳ Vọng — Giải Tỏa Áp Lực So Sánh
[2026-08-26 23:01:14] 🔵 BUILD: Nghệ Thuật Buông Bỏ Kỳ Vọng — Giải Tỏa Áp Lực So Sánh
[2026-08-26 23:01:14] ✅   Step 1: BG = bg_phat2.jpg
[2026-08-26 23:01:14] ✅   Step 2: TTS (vi-VN-HoaiMyNeural)
[2026-08-26 23:01:16] ✅   Step 3: Audio EQ + Mix nhạc
[2026-08-26 23:01:16] ✅   Step 4: FFmpeg encode (11.4s)
[2026-08-26 23:01:20] ✅   ✅ OK: auto_20260826_230114_Nghệ_Thuật_Buông_Bỏ_Kỳ_Vọng___Giải_Tỏa_Á.mp4 (0.63MB)
[2026-08-26 23:01:20] ✅   ✅ Video tạo xong: auto_20260826_230114_Nghệ_Thuật_Buông_Bỏ_Kỳ_Vọng___Giải_Tỏa_Á.mp4
[2026-08-26 23:01:21] ✅ 
[4/5] 🌙 Tối 20h — discipline — Sức Mạnh Của Journaling — Viết Nhật Ký 10 Phút Mỗi Tối
[2026-08-26 23:01:21] 🔵 BUILD: Sức Mạnh Của Journaling — Viết Nhật Ký 10 Phút Mỗi Tối
[2026-08-26 23:01:21] ✅   Step 1: BG = bg_healing_noon.jpg
[2026-08-26 23:01:21] ✅   Step 2: TTS (vi-VN-NamMinhNeural)
[2026-08-26 23:01:22] ✅   Step 3: Audio EQ + Mix nhạc
[2026-08-26 23:01:23] ✅   Step 4: FFmpeg encode (11.7s)
[2026-08-26 23:01:27] ✅   ✅ OK: auto_20260826_230121_Sức_Mạnh_Của_Journaling___Viết_Nhật_Ký_1.mp4 (0.88MB)
[2026-08-26 23:01:27] ✅   ✅ Video tạo xong: auto_20260826_230121_Sức_Mạnh_Của_Journaling___Viết_Nhật_Ký_1.mp4
[2026-08-26 23:01:28] ✅ 
[5/5] ⭐ Đêm 21h30 — life_skills — First Impression — 7 Giây Đầu Quyết Định Mọi Thứ
[2026-08-26 23:01:28] 🔵 BUILD: First Impression — 7 Giây Đầu Quyết Định Mọi Thứ
[2026-08-26 23:01:28] ✅   Step 1: BG = bg_zen_evening.jpg
[2026-08-26 23:01:28] ✅   Step 2: TTS (vi-VN-HoaiMyNeural)
[2026-08-26 23:01:29] ✅   Step 3: Audio EQ + Mix nhạc
[2026-08-26 23:01:29] ✅   Step 4: FFmpeg encode (12.8s)
[2026-08-26 23:01:33] ✅   ✅ OK: auto_20260826_230128_First_Impression___7_Giây_Đầu_Quyết_Định.mp4 (0.90MB)
[2026-08-26 23:01:33] ✅   ✅ Video tạo xong: auto_20260826_230128_First_Impression___7_Giây_Đầu_Quyết_Định.mp4
[2026-08-26 23:01:34] ✅ 
=== Ngày 2026-09-21: Tạo 5/5 video thành công ===
[2026-08-26 23:01:34] ✅   📂 Xem video tại: /Users/abc/.gemini/antigravity/scratch/1995lido_youtube_management/output_manual
[2026-08-26 23:01:34] ✅   🌐 Review tại: http://localhost:8098
[2026-08-26 23:01:34] ✅   Nghỉ 10 giây trước khi tạo ngày tiếp...
[2026-08-26 23:01:44] ✅ === Bắt đầu tạo 5 video cho ngày 2026-09-22 ===
[2026-08-26 23:01:44] ✅ 
[1/5] 🌅 Sáng 8h — nikaya — Kinh Nikaya: Chánh Tinh Tấn (SAMMA VAYAMA) - Nỗ Lực Đún
[2026-08-26 23:01:44] 🔵 BUILD: Kinh Nikaya: Chánh Tinh Tấn (SAMMA VAYAMA) - Nỗ Lực Đúng Hướ
[2026-08-26 23:01:44] ✅   Step 1: BG = bg_phat3.jpg
[2026-08-26 23:01:44] ✅   Step 2: TTS (vi-VN-HoaiMyNeural)
[2026-08-26 23:01:45] ✅   Step 3: Audio EQ + Mix nhạc
[2026-08-26 23:01:46] ✅   Step 4: FFmpeg encode (16.9s)
[2026-08-26 23:01:51] ✅   ✅ OK: auto_20260826_230144_Kinh_Nikaya__Chánh_Tinh_Tấn__SAMMA_VAYAM.mp4 (0.72MB)
[2026-08-26 23:01:51] ✅   ✅ Video tạo xong: auto_20260826_230144_Kinh_Nikaya__Chánh_Tinh_Tấn__SAMMA_VAYAM.mp4
[2026-08-26 23:01:52] ✅ 
[2/5] ☀️ Trưa 11h — deep_work — Tại Sao Bạn Mệt Dù Không Làm Gì — Decision Fatigue
[2026-08-26 23:01:52] 🔵 BUILD: Tại Sao Bạn Mệt Dù Không Làm Gì — Decision Fatigue
[2026-08-26 23:01:52] ✅   Step 1: BG = bg_Zen1.jpg
[2026-08-26 23:01:52] ✅   Step 2: TTS (vi-VN-NamMinhNeural)
[2026-08-26 23:01:53] ✅   Step 3: Audio EQ + Mix nhạc
[2026-08-26 23:01:53] ✅   Step 4: FFmpeg encode (12.1s)
[2026-08-26 23:01:58] ✅   ✅ OK: auto_20260826_230152_Tại_Sao_Bạn_Mệt_Dù_Không_Làm_Gì___Decisi.mp4 (0.49MB)
[2026-08-26 23:01:58] ✅   ✅ Video tạo xong: auto_20260826_230152_Tại_Sao_Bạn_Mệt_Dù_Không_Làm_Gì___Decisi.mp4
[2026-08-26 23:01:59] ✅ 
[3/5] 🌆 Chiều 18h — healing — 5 Dấu Hiệu Bạn Đang Burnout — Nhận Ra Trước Khi Quá Muộ
[2026-08-26 23:01:59] 🔵 BUILD: 5 Dấu Hiệu Bạn Đang Burnout — Nhận Ra Trước Khi Quá Muộn
[2026-08-26 23:01:59] ✅   Step 1: BG = bg_zen_evening.jpg
[2026-08-26 23:01:59] ✅   Step 2: TTS (vi-VN-HoaiMyNeural)
[2026-08-26 23:02:00] ✅   Step 3: Audio EQ + Mix nhạc
[2026-08-26 23:02:01] ✅   Step 4: FFmpeg encode (14.0s)
[2026-08-26 23:02:07] ✅   ✅ OK: auto_20260826_230159_5_Dấu_Hiệu_Bạn_Đang_Burnout___Nhận_Ra_Tr.mp4 (0.92MB)
[2026-08-26 23:02:07] ✅   ✅ Video tạo xong: auto_20260826_230159_5_Dấu_Hiệu_Bạn_Đang_Burnout___Nhận_Ra_Tr.mp4
[2026-08-26 23:02:08] ✅ 
[4/5] 🌙 Tối 20h — discipline — No-Zero Day — Không Ngày Nào Là Ngày Trống Rỗng
[2026-08-26 23:02:08] 🔵 BUILD: No-Zero Day — Không Ngày Nào Là Ngày Trống Rỗng
[2026-08-26 23:02:08] ✅   Step 1: BG = bg_phat1.jpg
[2026-08-26 23:02:08] ✅   Step 2: TTS (vi-VN-NamMinhNeural)
[2026-08-26 23:02:10] ✅   Step 3: Audio EQ + Mix nhạc
[2026-08-26 23:02:10] ✅   Step 4: FFmpeg encode (14.0s)
[2026-08-26 23:02:16] ✅   ✅ OK: auto_20260826_230208_No_Zero_Day___Không_Ngày_Nào_Là_Ngày_Trố.mp4 (0.73MB)
[2026-08-26 23:02:16] ✅   ✅ Video tạo xong: auto_20260826_230208_No_Zero_Day___Không_Ngày_Nào_Là_Ngày_Trố.mp4
[2026-08-26 23:02:17] ✅ 
[5/5] ⭐ Đêm 21h30 — life_skills — First Impression — 7 Giây Đầu Quyết Định Mọi Thứ
[2026-08-26 23:02:17] 🔵 BUILD: First Impression — 7 Giây Đầu Quyết Định Mọi Thứ
[2026-08-26 23:02:17] ✅   Step 1: BG = bg_phat2.jpg
[2026-08-26 23:02:17] ✅   Step 2: TTS (vi-VN-HoaiMyNeural)
[2026-08-26 23:02:19] ✅   Step 3: Audio EQ + Mix nhạc
[2026-08-26 23:02:19] ✅   Step 4: FFmpeg encode (12.8s)
[2026-08-26 23:02:29] ✅   ✅ OK: auto_20260826_230217_First_Impression___7_Giây_Đầu_Quyết_Định.mp4 (0.64MB)
[2026-08-26 23:02:29] ✅   ✅ Video tạo xong: auto_20260826_230217_First_Impression___7_Giây_Đầu_Quyết_Định.mp4
[2026-08-26 23:02:30] ✅ 
=== Ngày 2026-09-22: Tạo 5/5 video thành công ===
[2026-08-26 23:02:30] ✅   📂 Xem video tại: /Users/abc/.gemini/antigravity/scratch/1995lido_youtube_management/output_manual
[2026-08-26 23:02:30] ✅   🌐 Review tại: http://localhost:8098
[2026-08-26 23:02:30] ✅   Nghỉ 10 giây trước khi tạo ngày tiếp...
[2026-08-26 23:02:40] ✅ === Bắt đầu tạo 5 video cho ngày 2026-09-23 ===
[2026-08-26 23:02:40] ✅ 
[1/5] 🌅 Sáng 8h — nikaya — Kinh Nikaya: Tâm Xả Vô Lượng (UPEKKHA) - Đứng Vững Trướ
[2026-08-26 23:02:40] 🔵 BUILD: Kinh Nikaya: Tâm Xả Vô Lượng (UPEKKHA) - Đứng Vững Trước Són
[2026-08-26 23:02:40] ✅   Step 1: BG = bg_Zen1.jpg
[2026-08-26 23:02:40] ✅   Step 2: TTS (vi-VN-HoaiMyNeural)
[2026-08-26 23:02:42] ✅   Step 3: Audio EQ + Mix nhạc
[2026-08-26 23:02:42] ✅   Step 4: FFmpeg encode (17.6s)
[2026-08-26 23:02:53] ✅   ✅ OK: auto_20260826_230240_Kinh_Nikaya__Tâm_Xả_Vô_Lượng__UPEKKHA___.mp4 (0.75MB)
[2026-08-26 23:02:53] ✅   ✅ Video tạo xong: auto_20260826_230240_Kinh_Nikaya__Tâm_Xả_Vô_Lượng__UPEKKHA___.mp4
[2026-08-26 23:02:54] ✅ 
[2/5] ☀️ Trưa 11h — deep_work — Quy Tắc 2 Phút Đánh Bại Sự Trì Hoãn Ngay Lập Tức
[2026-08-26 23:02:54] 🔵 BUILD: Quy Tắc 2 Phút Đánh Bại Sự Trì Hoãn Ngay Lập Tức
[2026-08-26 23:02:54] ✅   Step 1: BG = bg_morning_deepwork.jpg
[2026-08-26 23:02:54] ✅   Step 2: TTS (vi-VN-NamMinhNeural)
[2026-08-26 23:02:55] ✅   Step 3: Audio EQ + Mix nhạc
[2026-08-26 23:02:56] ✅   Step 4: FFmpeg encode (11.4s)
[2026-08-26 23:03:03] ✅   ✅ OK: auto_20260826_230254_Quy_Tắc_2_Phút_Đánh_Bại_Sự_Trì_Hoãn_Ngay.mp4 (0.64MB)
[2026-08-26 23:03:03] ✅   ✅ Video tạo xong: auto_20260826_230254_Quy_Tắc_2_Phút_Đánh_Bại_Sự_Trì_Hoãn_Ngay.mp4
[2026-08-26 23:03:04] ✅ 
[3/5] 🌆 Chiều 18h — healing — Khi Sự Nhiệt Huyết Biến Mất — Vượt Qua Tê Liệt Cảm Xúc
[2026-08-26 23:03:04] 🔵 BUILD: Khi Sự Nhiệt Huyết Biến Mất — Vượt Qua Tê Liệt Cảm Xúc
[2026-08-26 23:03:04] ✅   Step 1: BG = bg_healing_noon.jpg
[2026-08-26 23:03:04] ✅   Step 2: TTS (vi-VN-HoaiMyNeural)
[2026-08-26 23:03:05] ✅   Step 3: Audio EQ + Mix nhạc
[2026-08-26 23:03:06] ✅   Step 4: FFmpeg encode (12.3s)
[2026-08-26 23:03:11] ✅   ✅ OK: auto_20260826_230304_Khi_Sự_Nhiệt_Huyết_Biến_Mất___Vượt_Qua_T.mp4 (0.89MB)
[2026-08-26 23:03:11] ✅   ✅ Video tạo xong: auto_20260826_230304_Khi_Sự_Nhiệt_Huyết_Biến_Mất___Vượt_Qua_T.mp4
[2026-08-26 23:03:12] ✅ 
[4/5] 🌙 Tối 20h — discipline — Cách Xây Dựng Buổi Sáng 30 Phút Thay Đổi Cả Đời
[2026-08-26 23:03:12] 🔵 BUILD: Cách Xây Dựng Buổi Sáng 30 Phút Thay Đổi Cả Đời
[2026-08-26 23:03:12] ✅   Step 1: BG = bg_animation_style.jpg
[2026-08-26 23:03:12] ✅   Step 2: TTS (vi-VN-NamMinhNeural)
[2026-08-26 23:03:14] ✅   Step 3: Audio EQ + Mix nhạc
[2026-08-26 23:03:14] ✅   Step 4: FFmpeg encode (13.1s)
[2026-08-26 23:03:19] ✅   ✅ OK: auto_20260826_230312_Cách_Xây_Dựng_Buổi_Sáng_30_Phút_Thay_Đổi.mp4 (0.91MB)
[2026-08-26 23:03:19] ✅   ✅ Video tạo xong: auto_20260826_230312_Cách_Xây_Dựng_Buổi_Sáng_30_Phút_Thay_Đổi.mp4
[2026-08-26 23:03:20] ✅ 
[5/5] ⭐ Đêm 21h30 — life_skills — Nghệ Thuật Lắng Nghe Chủ Động — Kỹ Năng Hiếm Người Có
[2026-08-26 23:03:20] 🔵 BUILD: Nghệ Thuật Lắng Nghe Chủ Động — Kỹ Năng Hiếm Người Có
[2026-08-26 23:03:20] ✅   Step 1: BG = bg_phat3.jpg
[2026-08-26 23:03:20] ✅   Step 2: TTS (vi-VN-HoaiMyNeural)
[2026-08-26 23:03:21] ✅   Step 3: Audio EQ + Mix nhạc
[2026-08-26 23:03:22] ✅   Step 4: FFmpeg encode (12.7s)
[2026-08-26 23:03:26] ✅   ✅ OK: auto_20260826_230320_Nghệ_Thuật_Lắng_Nghe_Chủ_Động___Kỹ_Năng_.mp4 (0.48MB)
[2026-08-26 23:03:26] ✅   ✅ Video tạo xong: auto_20260826_230320_Nghệ_Thuật_Lắng_Nghe_Chủ_Động___Kỹ_Năng_.mp4
[2026-08-26 23:03:27] ✅ 
=== Ngày 2026-09-23: Tạo 5/5 video thành công ===
[2026-08-26 23:03:27] ✅   📂 Xem video tại: /Users/abc/.gemini/antigravity/scratch/1995lido_youtube_management/output_manual
[2026-08-26 23:03:27] ✅   🌐 Review tại: http://localhost:8098
[2026-08-26 23:03:27] ✅   Nghỉ 10 giây trước khi tạo ngày tiếp...
[2026-08-26 23:03:37] ✅ === Bắt đầu tạo 5 video cho ngày 2026-09-24 ===
[2026-08-26 23:03:37] ✅ 
[1/5] 🌅 Sáng 8h — nikaya — Kinh Nikaya: Thắng Bản Thân Là Chiến Thắng Vĩ Đại Nhất
[2026-08-26 23:03:37] 🔵 BUILD: Kinh Nikaya: Thắng Bản Thân Là Chiến Thắng Vĩ Đại Nhất
[2026-08-26 23:03:37] ✅   Step 1: BG = bg_morning_deepwork.jpg
[2026-08-26 23:03:37] ✅   Step 2: TTS (vi-VN-HoaiMyNeural)
[2026-08-26 23:03:39] ✅   Step 3: Audio EQ + Mix nhạc
[2026-08-26 23:03:39] ✅   Step 4: FFmpeg encode (17.0s)
[2026-08-26 23:03:44] ✅   ✅ OK: auto_20260826_230337_Kinh_Nikaya__Thắng_Bản_Thân_Là_Chiến_Thắ.mp4 (0.98MB)
[2026-08-26 23:03:44] ✅   ✅ Video tạo xong: auto_20260826_230337_Kinh_Nikaya__Thắng_Bản_Thân_Là_Chiến_Thắ.mp4
[2026-08-26 23:03:45] ✅ 
[2/5] ☀️ Trưa 11h — deep_work — Ma Trận Eisenhower — Phân Loại Công Việc Để Làm Đúng Vi
[2026-08-26 23:03:45] 🔵 BUILD: Ma Trận Eisenhower — Phân Loại Công Việc Để Làm Đúng Việc
[2026-08-26 23:03:45] ✅   Step 1: BG = bg_healing_noon.jpg
[2026-08-26 23:03:45] ✅   Step 2: TTS (vi-VN-NamMinhNeural)
[2026-08-26 23:03:46] ✅   Step 3: Audio EQ + Mix nhạc
[2026-08-26 23:03:46] ✅   Step 4: FFmpeg encode (13.9s)
[2026-08-26 23:03:51] ✅   ✅ OK: auto_20260826_230345_Ma_Trận_Eisenhower___Phân_Loại_Công_Việc.mp4 (0.92MB)
[2026-08-26 23:03:51] ✅   ✅ Video tạo xong: auto_20260826_230345_Ma_Trận_Eisenhower___Phân_Loại_Công_Việc.mp4
[2026-08-26 23:03:52] ✅ 
[3/5] 🌆 Chiều 18h — healing — Làm Sao Để Tha Thứ Cho Người Làm Mình Đau
[2026-08-26 23:03:52] 🔵 BUILD: Làm Sao Để Tha Thứ Cho Người Làm Mình Đau
[2026-08-26 23:03:52] ✅   Step 1: BG = bg_phat1.jpg
[2026-08-26 23:03:52] ✅   Step 2: TTS (vi-VN-HoaiMyNeural)
[2026-08-26 23:03:53] ✅   Step 3: Audio EQ + Mix nhạc
[2026-08-26 23:03:53] ✅   Step 4: FFmpeg encode (11.9s)
[2026-08-26 23:03:57] ✅   ✅ OK: auto_20260826_230352_Làm_Sao_Để_Tha_Thứ_Cho_Người_Làm_Mình_Đa.mp4 (0.69MB)
[2026-08-26 23:03:57] ✅   ✅ Video tạo xong: auto_20260826_230352_Làm_Sao_Để_Tha_Thứ_Cho_Người_Làm_Mình_Đa.mp4
[2026-08-26 23:03:58] ✅ 
[4/5] 🌙 Tối 20h — discipline — Sức Mạnh Của Journaling — Viết Nhật Ký 10 Phút Mỗi Tối
[2026-08-26 23:03:58] 🔵 BUILD: Sức Mạnh Của Journaling — Viết Nhật Ký 10 Phút Mỗi Tối
[2026-08-26 23:03:58] ✅   Step 1: BG = bg_phat2.jpg
[2026-08-26 23:03:58] ✅   Step 2: TTS (vi-VN-NamMinhNeural)
[2026-08-26 23:03:59] ✅   Step 3: Audio EQ + Mix nhạc
[2026-08-26 23:03:59] ✅   Step 4: FFmpeg encode (11.7s)
[2026-08-26 23:04:03] ✅   ✅ OK: auto_20260826_230358_Sức_Mạnh_Của_Journaling___Viết_Nhật_Ký_1.mp4 (0.63MB)
[2026-08-26 23:04:03] ✅   ✅ Video tạo xong: auto_20260826_230358_Sức_Mạnh_Của_Journaling___Viết_Nhật_Ký_1.mp4
[2026-08-26 23:04:04] ✅ 
[5/5] ⭐ Đêm 21h30 — life_skills — First Impression — 7 Giây Đầu Quyết Định Mọi Thứ
[2026-08-26 23:04:04] 🔵 BUILD: First Impression — 7 Giây Đầu Quyết Định Mọi Thứ
[2026-08-26 23:04:04] ✅   Step 1: BG = bg_zen_evening.jpg
[2026-08-26 23:04:04] ✅   Step 2: TTS (vi-VN-HoaiMyNeural)
[2026-08-26 23:04:05] ✅   Step 3: Audio EQ + Mix nhạc
[2026-08-26 23:04:06] ✅   Step 4: FFmpeg encode (12.8s)
[2026-08-26 23:04:10] ✅   ✅ OK: auto_20260826_230404_First_Impression___7_Giây_Đầu_Quyết_Định.mp4 (0.90MB)
[2026-08-26 23:04:10] ✅   ✅ Video tạo xong: auto_20260826_230404_First_Impression___7_Giây_Đầu_Quyết_Định.mp4
[2026-08-26 23:04:11] ✅ 
=== Ngày 2026-09-24: Tạo 5/5 video thành công ===
[2026-08-26 23:04:11] ✅   📂 Xem video tại: /Users/abc/.gemini/antigravity/scratch/1995lido_youtube_management/output_manual
[2026-08-26 23:04:11] ✅   🌐 Review tại: http://localhost:8098
[2026-08-26 23:04:11] ✅   Nghỉ 10 giây trước khi tạo ngày tiếp...
[2026-08-26 23:04:21] ✅ === Bắt đầu tạo 5 video cho ngày 2026-09-25 ===
[2026-08-26 23:04:21] ✅ 
[1/5] 🌅 Sáng 8h — nikaya — Kinh Nikaya: Giữ Vững Chánh Định (SAMMA SAMADHI) Trước 
[2026-08-26 23:04:21] 🔵 BUILD: Kinh Nikaya: Giữ Vững Chánh Định (SAMMA SAMADHI) Trước Mọi C
[2026-08-26 23:04:21] ✅   Step 1: BG = bg_zen_evening.jpg
[2026-08-26 23:04:21] ✅   Step 2: TTS (vi-VN-HoaiMyNeural)
[2026-08-26 23:04:22] ✅   Step 3: Audio EQ + Mix nhạc
[2026-08-26 23:04:23] ✅   Step 4: FFmpeg encode (18.1s)
[2026-08-26 23:04:28] ✅   ✅ OK: auto_20260826_230421_Kinh_Nikaya__Giữ_Vững_Chánh_Định__SAMMA_.mp4 (1.37MB)
[2026-08-26 23:04:28] ✅   ✅ Video tạo xong: auto_20260826_230421_Kinh_Nikaya__Giữ_Vững_Chánh_Định__SAMMA_.mp4
[2026-08-26 23:04:29] ✅ 
[2/5] ☀️ Trưa 11h — deep_work — Ngừng Đa Nhiệm — Làm Một Việc Hiệu Quả Hơn 5 Việc Cùng 
[2026-08-26 23:04:29] 🔵 BUILD: Ngừng Đa Nhiệm — Làm Một Việc Hiệu Quả Hơn 5 Việc Cùng Lúc
[2026-08-26 23:04:29] ✅   Step 1: BG = bg_Zen1.jpg
[2026-08-26 23:04:29] ✅   Step 2: TTS (vi-VN-NamMinhNeural)
[2026-08-26 23:04:30] ✅   Step 3: Audio EQ + Mix nhạc
[2026-08-26 23:04:31] ✅   Step 4: FFmpeg encode (11.7s)
[2026-08-26 23:04:35] ✅   ✅ OK: auto_20260826_230429_Ngừng_Đa_Nhiệm___Làm_Một_Việc_Hiệu_Quả_H.mp4 (0.49MB)
[2026-08-26 23:04:35] ✅   ✅ Video tạo xong: auto_20260826_230429_Ngừng_Đa_Nhiệm___Làm_Một_Việc_Hiệu_Quả_H.mp4
[2026-08-26 23:04:36] ✅ 
[3/5] 🌆 Chiều 18h — healing — Học Cách Nói KHÔNG Mà Không Cảm Thấy Áy Nấy
[2026-08-26 23:04:36] 🔵 BUILD: Học Cách Nói KHÔNG Mà Không Cảm Thấy Áy Nấy
[2026-08-26 23:04:36] ✅   Step 1: BG = bg_animation_style.jpg
[2026-08-26 23:04:36] ✅   Step 2: TTS (vi-VN-HoaiMyNeural)
[2026-08-26 23:04:37] ✅   Step 3: Audio EQ + Mix nhạc
[2026-08-26 23:04:38] ✅   Step 4: FFmpeg encode (11.4s)
[2026-08-26 23:04:42] ✅   ✅ OK: auto_20260826_230436_Học_Cách_Nói_KHÔNG_Mà_Không_Cảm_Thấy_Áy_.mp4 (0.88MB)
[2026-08-26 23:04:42] ✅   ✅ Video tạo xong: auto_20260826_230436_Học_Cách_Nói_KHÔNG_Mà_Không_Cảm_Thấy_Áy_.mp4
[2026-08-26 23:04:43] ✅ 
[4/5] 🌙 Tối 20h — discipline — Tại Sao Kỷ Luật Quan Trọng Hơn Cảm Hứng 100 Lần
[2026-08-26 23:04:43] 🔵 BUILD: Tại Sao Kỷ Luật Quan Trọng Hơn Cảm Hứng 100 Lần
[2026-08-26 23:04:43] ✅   Step 1: BG = bg_phat1.jpg
[2026-08-26 23:04:43] ✅   Step 2: TTS (vi-VN-NamMinhNeural)
[2026-08-26 23:04:44] ✅   Step 3: Audio EQ + Mix nhạc
[2026-08-26 23:04:45] ✅   Step 4: FFmpeg encode (12.4s)
[2026-08-26 23:04:50] ✅   ✅ OK: auto_20260826_230443_Tại_Sao_Kỷ_Luật_Quan_Trọng_Hơn_Cảm_Hứng_.mp4 (0.70MB)
[2026-08-26 23:04:50] ✅   ✅ Video tạo xong: auto_20260826_230443_Tại_Sao_Kỷ_Luật_Quan_Trọng_Hơn_Cảm_Hứng_.mp4
[2026-08-26 23:04:51] ✅ 
[5/5] ⭐ Đêm 21h30 — life_skills — Nghệ Thuật Lắng Nghe Chủ Động — Kỹ Năng Hiếm Người Có
[2026-08-26 23:04:51] 🔵 BUILD: Nghệ Thuật Lắng Nghe Chủ Động — Kỹ Năng Hiếm Người Có
[2026-08-26 23:04:51] ✅   Step 1: BG = bg_phat3.jpg
[2026-08-26 23:04:51] ✅   Step 2: TTS (vi-VN-HoaiMyNeural)
[2026-08-26 23:04:53] ✅   Step 3: Audio EQ + Mix nhạc
[2026-08-26 23:04:53] ✅   Step 4: FFmpeg encode (12.7s)
[2026-08-26 23:04:59] ✅   ✅ OK: auto_20260826_230451_Nghệ_Thuật_Lắng_Nghe_Chủ_Động___Kỹ_Năng_.mp4 (0.48MB)
[2026-08-26 23:04:59] ✅   ✅ Video tạo xong: auto_20260826_230451_Nghệ_Thuật_Lắng_Nghe_Chủ_Động___Kỹ_Năng_.mp4
[2026-08-26 23:05:00] ✅ 
=== Ngày 2026-09-25: Tạo 5/5 video thành công ===
[2026-08-26 23:05:00] ✅   📂 Xem video tại: /Users/abc/.gemini/antigravity/scratch/1995lido_youtube_management/output_manual
[2026-08-26 23:05:00] ✅   🌐 Review tại: http://localhost:8098
[2026-08-26 23:05:00] ✅   Nghỉ 10 giây trước khi tạo ngày tiếp...
[2026-08-26 23:05:10] ✅ === Bắt đầu tạo 5 video cho ngày 2026-09-26 ===
[2026-08-26 23:05:10] ✅ 
[1/5] 🌅 Sáng 8h — nikaya — Kinh Nikaya: Thắng Bản Thân Là Chiến Thắng Vĩ Đại Nhất
[2026-08-26 23:05:10] 🔵 BUILD: Kinh Nikaya: Thắng Bản Thân Là Chiến Thắng Vĩ Đại Nhất
[2026-08-26 23:05:10] ✅   Step 1: BG = bg_healing_noon.jpg
[2026-08-26 23:05:10] ✅   Step 2: TTS (vi-VN-HoaiMyNeural)
[2026-08-26 23:05:12] ✅   Step 3: Audio EQ + Mix nhạc
[2026-08-26 23:05:12] ✅   Step 4: FFmpeg encode (17.0s)
[2026-08-26 23:05:20] ✅   ✅ OK: auto_20260826_230510_Kinh_Nikaya__Thắng_Bản_Thân_Là_Chiến_Thắ.mp4 (1.35MB)
[2026-08-26 23:05:20] ✅   ✅ Video tạo xong: auto_20260826_230510_Kinh_Nikaya__Thắng_Bản_Thân_Là_Chiến_Thắ.mp4
[2026-08-26 23:05:21] ✅ 
[2/5] ☀️ Trưa 11h — deep_work — Ngừng Đa Nhiệm — Làm Một Việc Hiệu Quả Hơn 5 Việc Cùng 
[2026-08-26 23:05:21] 🔵 BUILD: Ngừng Đa Nhiệm — Làm Một Việc Hiệu Quả Hơn 5 Việc Cùng Lúc
[2026-08-26 23:05:21] ✅   Step 1: BG = bg_Zen1.jpg
[2026-08-26 23:05:21] ✅   Step 2: TTS (vi-VN-NamMinhNeural)
[2026-08-26 23:05:24] ✅   Step 3: Audio EQ + Mix nhạc
[2026-08-26 23:05:24] ✅   Step 4: FFmpeg encode (11.7s)
[2026-08-26 23:05:30] ✅   ✅ OK: auto_20260826_230521_Ngừng_Đa_Nhiệm___Làm_Một_Việc_Hiệu_Quả_H.mp4 (0.49MB)
[2026-08-26 23:05:30] ✅   ✅ Video tạo xong: auto_20260826_230521_Ngừng_Đa_Nhiệm___Làm_Một_Việc_Hiệu_Quả_H.mp4
[2026-08-26 23:05:31] ✅ 
[3/5] 🌆 Chiều 18h — healing — 5 Dấu Hiệu Bạn Đang Burnout — Nhận Ra Trước Khi Quá Muộ
[2026-08-26 23:05:31] 🔵 BUILD: 5 Dấu Hiệu Bạn Đang Burnout — Nhận Ra Trước Khi Quá Muộn
[2026-08-26 23:05:31] ✅   Step 1: BG = bg_phat1.jpg
[2026-08-26 23:05:31] ✅   Step 2: TTS (vi-VN-HoaiMyNeural)
[2026-08-26 23:05:32] ✅   Step 3: Audio EQ + Mix nhạc
[2026-08-26 23:05:33] ✅   Step 4: FFmpeg encode (14.0s)
[2026-08-26 23:05:38] ✅   ✅ OK: auto_20260826_230531_5_Dấu_Hiệu_Bạn_Đang_Burnout___Nhận_Ra_Tr.mp4 (0.72MB)
[2026-08-26 23:05:38] ✅   ✅ Video tạo xong: auto_20260826_230531_5_Dấu_Hiệu_Bạn_Đang_Burnout___Nhận_Ra_Tr.mp4
[2026-08-26 23:05:39] ✅ 
[4/5] 🌙 Tối 20h — discipline — Cách Xây Dựng Buổi Sáng 30 Phút Thay Đổi Cả Đời
[2026-08-26 23:05:39] 🔵 BUILD: Cách Xây Dựng Buổi Sáng 30 Phút Thay Đổi Cả Đời
[2026-08-26 23:05:39] ✅   Step 1: BG = bg_zen_evening.jpg
[2026-08-26 23:05:39] ✅   Step 2: TTS (vi-VN-NamMinhNeural)
[2026-08-26 23:05:40] ✅   Step 3: Audio EQ + Mix nhạc
[2026-08-26 23:05:41] ✅   Step 4: FFmpeg encode (13.1s)
[2026-08-26 23:05:47] ✅   ✅ OK: auto_20260826_230539_Cách_Xây_Dựng_Buổi_Sáng_30_Phút_Thay_Đổi.mp4 (0.91MB)
[2026-08-26 23:05:47] ✅   ✅ Video tạo xong: auto_20260826_230539_Cách_Xây_Dựng_Buổi_Sáng_30_Phút_Thay_Đổi.mp4
[2026-08-26 23:05:48] ✅ 
[5/5] ⭐ Đêm 21h30 — life_skills — Tại Sao Người Ít Nói Lại Thường Được Tin Tưởng Hơn
[2026-08-26 23:05:48] 🔵 BUILD: Tại Sao Người Ít Nói Lại Thường Được Tin Tưởng Hơn
[2026-08-26 23:05:48] ✅   Step 1: BG = bg_phat2.jpg
[2026-08-26 23:05:48] ✅   Step 2: TTS (vi-VN-HoaiMyNeural)
[2026-08-26 23:05:49] ✅   Step 3: Audio EQ + Mix nhạc
[2026-08-26 23:05:50] ✅   Step 4: FFmpeg encode (12.5s)
[2026-08-26 23:05:56] ✅   ✅ OK: auto_20260826_230548_Tại_Sao_Người_Ít_Nói_Lại_Thường_Được_Tin.mp4 (0.64MB)
[2026-08-26 23:05:56] ✅   ✅ Video tạo xong: auto_20260826_230548_Tại_Sao_Người_Ít_Nói_Lại_Thường_Được_Tin.mp4
[2026-08-26 23:05:57] ✅ 
=== Ngày 2026-09-26: Tạo 5/5 video thành công ===
[2026-08-26 23:05:57] ✅   📂 Xem video tại: /Users/abc/.gemini/antigravity/scratch/1995lido_youtube_management/output_manual
[2026-08-26 23:05:57] ✅   🌐 Review tại: http://localhost:8098
[2026-08-26 23:05:57] ✅   Nghỉ 10 giây trước khi tạo ngày tiếp...
[2026-08-26 23:06:07] ✅ === Bắt đầu tạo 5 video cho ngày 2026-09-27 ===
[2026-08-26 23:06:07] ✅ 
[1/5] 🌅 Sáng 8h — nikaya — Kinh Nikaya: Giữ Vững Chánh Định (SAMMA SAMADHI) Trước 
[2026-08-26 23:06:07] 🔵 BUILD: Kinh Nikaya: Giữ Vững Chánh Định (SAMMA SAMADHI) Trước Mọi C
[2026-08-26 23:06:07] ✅   Step 1: BG = bg_animation_style.jpg
[2026-08-26 23:06:07] ✅   Step 2: TTS (vi-VN-HoaiMyNeural)
[2026-08-26 23:06:09] ✅   Step 3: Audio EQ + Mix nhạc
[2026-08-26 23:06:09] ✅   Step 4: FFmpeg encode (18.1s)
[2026-08-26 23:06:17] ✅   ✅ OK: auto_20260826_230607_Kinh_Nikaya__Giữ_Vững_Chánh_Định__SAMMA_.mp4 (1.38MB)
[2026-08-26 23:06:17] ✅   ✅ Video tạo xong: auto_20260826_230607_Kinh_Nikaya__Giữ_Vững_Chánh_Định__SAMMA_.mp4
[2026-08-26 23:06:18] ✅ 
[2/5] ☀️ Trưa 11h — deep_work — 5 Phút Sáng Quyết Định Năng Suất Cả Ngày Của Bạn
[2026-08-26 23:06:18] 🔵 BUILD: 5 Phút Sáng Quyết Định Năng Suất Cả Ngày Của Bạn
[2026-08-26 23:06:18] ✅   Step 1: BG = bg_phat1.jpg
[2026-08-26 23:06:18] ✅   Step 2: TTS (vi-VN-NamMinhNeural)
[2026-08-26 23:06:20] ✅   Step 3: Audio EQ + Mix nhạc
[2026-08-26 23:06:20] ✅   Step 4: FFmpeg encode (11.9s)
[2026-08-26 23:06:28] ✅   ✅ OK: auto_20260826_230618_5_Phút_Sáng_Quyết_Định_Năng_Suất_Cả_Ngày.mp4 (0.70MB)
[2026-08-26 23:06:28] ✅   ✅ Video tạo xong: auto_20260826_230618_5_Phút_Sáng_Quyết_Định_Năng_Suất_Cả_Ngày.mp4
[2026-08-26 23:06:29] ✅ 
[3/5] 🌆 Chiều 18h — healing — Kỹ Thuật 5-4-3-2-1 Chặn Cơn Lo Âu Trong 60 Giây
[2026-08-26 23:06:29] 🔵 BUILD: Kỹ Thuật 5-4-3-2-1 Chặn Cơn Lo Âu Trong 60 Giây
[2026-08-26 23:06:29] ✅   Step 1: BG = bg_morning_deepwork.jpg
[2026-08-26 23:06:29] ✅   Step 2: TTS (vi-VN-HoaiMyNeural)
[2026-08-26 23:06:31] ✅   Step 3: Audio EQ + Mix nhạc
[2026-08-26 23:06:31] ✅   Step 4: FFmpeg encode (13.8s)
[2026-08-26 23:06:40] ✅   ✅ OK: auto_20260826_230629_Kỹ_Thuật_5_4_3_2_1_Chặn_Cơn_Lo_Âu_Trong_.mp4 (0.67MB)
[2026-08-26 23:06:40] ✅   ✅ Video tạo xong: auto_20260826_230629_Kỹ_Thuật_5_4_3_2_1_Chặn_Cơn_Lo_Âu_Trong_.mp4
[2026-08-26 23:06:41] ✅ 
[4/5] 🌙 Tối 20h — discipline — Habit Stacking — Ghép Thói Quen Mới Vào Thói Quen Cũ
[2026-08-26 23:06:41] 🔵 BUILD: Habit Stacking — Ghép Thói Quen Mới Vào Thói Quen Cũ
[2026-08-26 23:06:41] ✅   Step 1: BG = bg_phat3.jpg
[2026-08-26 23:06:41] ✅   Step 2: TTS (vi-VN-NamMinhNeural)
[2026-08-26 23:06:42] ✅   Step 3: Audio EQ + Mix nhạc
[2026-08-26 23:06:43] ✅   Step 4: FFmpeg encode (14.1s)
[2026-08-26 23:06:50] ✅   ✅ OK: auto_20260826_230641_Habit_Stacking___Ghép_Thói_Quen_Mới_Vào_.mp4 (0.50MB)
[2026-08-26 23:06:50] ✅   ✅ Video tạo xong: auto_20260826_230641_Habit_Stacking___Ghép_Thói_Quen_Mới_Vào_.mp4
[2026-08-26 23:06:51] ✅ 
[5/5] ⭐ Đêm 21h30 — life_skills — Tại Sao Người Ít Nói Lại Thường Được Tin Tưởng Hơn
[2026-08-26 23:06:51] 🔵 BUILD: Tại Sao Người Ít Nói Lại Thường Được Tin Tưởng Hơn
[2026-08-26 23:06:51] ✅   Step 1: BG = bg_zen_evening.jpg
[2026-08-26 23:06:51] ✅   Step 2: TTS (vi-VN-HoaiMyNeural)
[2026-08-26 23:06:53] ✅   Step 3: Audio EQ + Mix nhạc
[2026-08-26 23:06:53] ✅   Step 4: FFmpeg encode (12.5s)
[2026-08-26 23:07:02] ✅   ✅ OK: auto_20260826_230651_Tại_Sao_Người_Ít_Nói_Lại_Thường_Được_Tin.mp4 (0.89MB)
[2026-08-26 23:07:02] ✅   ✅ Video tạo xong: auto_20260826_230651_Tại_Sao_Người_Ít_Nói_Lại_Thường_Được_Tin.mp4
[2026-08-26 23:07:03] ✅ 
=== Ngày 2026-09-27: Tạo 5/5 video thành công ===
[2026-08-26 23:07:03] ✅   📂 Xem video tại: /Users/abc/.gemini/antigravity/scratch/1995lido_youtube_management/output_manual
[2026-08-26 23:07:03] ✅   🌐 Review tại: http://localhost:8098
[2026-08-26 23:07:03] ✅   Nghỉ 10 giây trước khi tạo ngày tiếp...
[2026-08-26 23:07:13] ✅ === Bắt đầu tạo 5 video cho ngày 2026-09-28 ===
[2026-08-26 23:07:13] ✅ 
[1/5] 🌅 Sáng 8h — nikaya — Kinh Nikaya: Quán Thân Trên Thân (KAYANUPASSANA) - Giải
[2026-08-26 23:07:13] 🔵 BUILD: Kinh Nikaya: Quán Thân Trên Thân (KAYANUPASSANA) - Giải Tỏa 
[2026-08-26 23:07:13] ✅   Step 1: BG = bg_phat1.jpg
[2026-08-26 23:07:13] ✅   Step 2: TTS (vi-VN-HoaiMyNeural)
[2026-08-26 23:07:15] ✅   Step 3: Audio EQ + Mix nhạc
[2026-08-26 23:07:15] ✅   Step 4: FFmpeg encode (18.6s)
[2026-08-26 23:07:24] ✅   ✅ OK: auto_20260826_230713_Kinh_Nikaya__Quán_Thân_Trên_Thân__KAYANU.mp4 (1.09MB)
[2026-08-26 23:07:24] ✅   ✅ Video tạo xong: auto_20260826_230713_Kinh_Nikaya__Quán_Thân_Trên_Thân__KAYANU.mp4
[2026-08-26 23:07:25] ✅ 
[2/5] ☀️ Trưa 11h — deep_work — 5 Phút Sáng Quyết Định Năng Suất Cả Ngày Của Bạn
[2026-08-26 23:07:25] 🔵 BUILD: 5 Phút Sáng Quyết Định Năng Suất Cả Ngày Của Bạn
[2026-08-26 23:07:25] ✅   Step 1: BG = bg_morning_deepwork.jpg
[2026-08-26 23:07:25] ✅   Step 2: TTS (vi-VN-NamMinhNeural)
[2026-08-26 23:07:27] ✅   Step 3: Audio EQ + Mix nhạc
[2026-08-26 23:07:28] ✅   Step 4: FFmpeg encode (11.9s)
[2026-08-26 23:07:36] ✅   ✅ OK: auto_20260826_230725_5_Phút_Sáng_Quyết_Định_Năng_Suất_Cả_Ngày.mp4 (0.65MB)
[2026-08-26 23:07:36] ✅   ✅ Video tạo xong: auto_20260826_230725_5_Phút_Sáng_Quyết_Định_Năng_Suất_Cả_Ngày.mp4
[2026-08-26 23:07:37] ✅ 
[3/5] 🌆 Chiều 18h — healing — 5 Dấu Hiệu Bạn Đang Burnout — Nhận Ra Trước Khi Quá Muộ
[2026-08-26 23:07:37] 🔵 BUILD: 5 Dấu Hiệu Bạn Đang Burnout — Nhận Ra Trước Khi Quá Muộn
[2026-08-26 23:07:37] ✅   Step 1: BG = bg_phat2.jpg
[2026-08-26 23:07:37] ✅   Step 2: TTS (vi-VN-HoaiMyNeural)
[2026-08-26 23:07:39] ✅   Step 3: Audio EQ + Mix nhạc
[2026-08-26 23:07:39] ✅   Step 4: FFmpeg encode (14.0s)
[2026-08-26 23:07:47] ✅   ✅ OK: auto_20260826_230737_5_Dấu_Hiệu_Bạn_Đang_Burnout___Nhận_Ra_Tr.mp4 (0.66MB)
[2026-08-26 23:07:47] ✅   ✅ Video tạo xong: auto_20260826_230737_5_Dấu_Hiệu_Bạn_Đang_Burnout___Nhận_Ra_Tr.mp4
[2026-08-26 23:07:48] ✅ 
[4/5] 🌙 Tối 20h — discipline — Tại Sao Kỷ Luật Quan Trọng Hơn Cảm Hứng 100 Lần
[2026-08-26 23:07:48] 🔵 BUILD: Tại Sao Kỷ Luật Quan Trọng Hơn Cảm Hứng 100 Lần
[2026-08-26 23:07:48] ✅   Step 1: BG = bg_zen_evening.jpg
[2026-08-26 23:07:48] ✅   Step 2: TTS (vi-VN-NamMinhNeural)
[2026-08-26 23:07:50] ✅   Step 3: Audio EQ + Mix nhạc
[2026-08-26 23:07:50] ✅   Step 4: FFmpeg encode (12.4s)
[2026-08-26 23:07:57] ✅   ✅ OK: auto_20260826_230748_Tại_Sao_Kỷ_Luật_Quan_Trọng_Hơn_Cảm_Hứng_.mp4 (0.89MB)
[2026-08-26 23:07:57] ✅   ✅ Video tạo xong: auto_20260826_230748_Tại_Sao_Kỷ_Luật_Quan_Trọng_Hơn_Cảm_Hứng_.mp4
[2026-08-26 23:07:58] ✅ 
[5/5] ⭐ Đêm 21h30 — life_skills — Nghệ Thuật Lắng Nghe Chủ Động — Kỹ Năng Hiếm Người Có
[2026-08-26 23:07:58] 🔵 BUILD: Nghệ Thuật Lắng Nghe Chủ Động — Kỹ Năng Hiếm Người Có
[2026-08-26 23:07:58] ✅   Step 1: BG = bg_Zen1.jpg
[2026-08-26 23:07:59] ✅   Step 2: TTS (vi-VN-HoaiMyNeural)
[2026-08-26 23:08:00] ✅   Step 3: Audio EQ + Mix nhạc
[2026-08-26 23:08:01] ✅   Step 4: FFmpeg encode (12.7s)
[2026-08-26 23:08:07] ✅   ✅ OK: auto_20260826_230758_Nghệ_Thuật_Lắng_Nghe_Chủ_Động___Kỹ_Năng_.mp4 (0.50MB)
[2026-08-26 23:08:07] ✅   ✅ Video tạo xong: auto_20260826_230758_Nghệ_Thuật_Lắng_Nghe_Chủ_Động___Kỹ_Năng_.mp4
[2026-08-26 23:08:08] ✅ 
=== Ngày 2026-09-28: Tạo 5/5 video thành công ===
[2026-08-26 23:08:08] ✅   📂 Xem video tại: /Users/abc/.gemini/antigravity/scratch/1995lido_youtube_management/output_manual
[2026-08-26 23:08:08] ✅   🌐 Review tại: http://localhost:8098
[2026-08-26 23:08:08] ✅   Nghỉ 10 giây trước khi tạo ngày tiếp...
[2026-08-26 23:08:18] ✅ === Bắt đầu tạo 5 video cho ngày 2026-09-29 ===
[2026-08-26 23:08:18] ✅ 
[1/5] 🌅 Sáng 8h — nikaya — Kinh Nikaya: Bí Quyết Vượt Qua Nỗi Sợ Thất Bại & Biến C
[2026-08-26 23:08:18] 🔵 BUILD: Kinh Nikaya: Bí Quyết Vượt Qua Nỗi Sợ Thất Bại & Biến Cố Cuộ
[2026-08-26 23:08:18] ✅   Step 1: BG = bg_phat2.jpg
[2026-08-26 23:08:18] ✅   Step 2: TTS (vi-VN-HoaiMyNeural)
[2026-08-26 23:08:19] ✅   Step 3: Audio EQ + Mix nhạc
[2026-08-26 23:08:20] ✅   Step 4: FFmpeg encode (16.9s)
[2026-08-26 23:08:25] ✅   ✅ OK: auto_20260826_230818_Kinh_Nikaya__Bí_Quyết_Vượt_Qua_Nỗi_Sợ_Th.mp4 (0.97MB)
[2026-08-26 23:08:25] ✅   ✅ Video tạo xong: auto_20260826_230818_Kinh_Nikaya__Bí_Quyết_Vượt_Qua_Nỗi_Sợ_Th.mp4
[2026-08-26 23:08:26] ✅ 
[2/5] ☀️ Trưa 11h — deep_work — Phương Pháp Deep Work Của Cal Newport — 1 Giờ Bằng 4 Gi
[2026-08-26 23:08:26] 🔵 BUILD: Phương Pháp Deep Work Của Cal Newport — 1 Giờ Bằng 4 Giờ
[2026-08-26 23:08:26] ✅   Step 1: BG = bg_phat1.jpg
[2026-08-26 23:08:26] ✅   Step 2: TTS (vi-VN-NamMinhNeural)
[2026-08-26 23:08:28] ✅   Step 3: Audio EQ + Mix nhạc
[2026-08-26 23:08:28] ✅   Step 4: FFmpeg encode (12.6s)
[2026-08-26 23:08:32] ✅   ✅ OK: auto_20260826_230826_Phương_Pháp_Deep_Work_Của_Cal_Newport___.mp4 (0.72MB)
[2026-08-26 23:08:32] ✅   ✅ Video tạo xong: auto_20260826_230826_Phương_Pháp_Deep_Work_Của_Cal_Newport___.mp4
[2026-08-26 23:08:33] ✅ 
[3/5] 🌆 Chiều 18h — healing — Kỹ Thuật 5-4-3-2-1 Chặn Cơn Lo Âu Trong 60 Giây
[2026-08-26 23:08:33] 🔵 BUILD: Kỹ Thuật 5-4-3-2-1 Chặn Cơn Lo Âu Trong 60 Giây
[2026-08-26 23:08:33] ✅   Step 1: BG = bg_morning_deepwork.jpg
[2026-08-26 23:08:33] ✅   Step 2: TTS (vi-VN-HoaiMyNeural)
[2026-08-26 23:08:34] ✅   Step 3: Audio EQ + Mix nhạc
[2026-08-26 23:08:34] ✅   Step 4: FFmpeg encode (13.8s)
[2026-08-26 23:08:39] ✅   ✅ OK: auto_20260826_230833_Kỹ_Thuật_5_4_3_2_1_Chặn_Cơn_Lo_Âu_Trong_.mp4 (0.67MB)
[2026-08-26 23:08:39] ✅   ✅ Video tạo xong: auto_20260826_230833_Kỹ_Thuật_5_4_3_2_1_Chặn_Cơn_Lo_Âu_Trong_.mp4
[2026-08-26 23:08:40] ✅ 
[4/5] 🌙 Tối 20h — discipline — Tại Sao Kỷ Luật Quan Trọng Hơn Cảm Hứng 100 Lần
[2026-08-26 23:08:40] 🔵 BUILD: Tại Sao Kỷ Luật Quan Trọng Hơn Cảm Hứng 100 Lần
[2026-08-26 23:08:40] ✅   Step 1: BG = bg_zen_evening.jpg
[2026-08-26 23:08:40] ✅   Step 2: TTS (vi-VN-NamMinhNeural)
[2026-08-26 23:08:41] ✅   Step 3: Audio EQ + Mix nhạc
[2026-08-26 23:08:41] ✅   Step 4: FFmpeg encode (12.4s)
[2026-08-26 23:08:45] ✅   ✅ OK: auto_20260826_230840_Tại_Sao_Kỷ_Luật_Quan_Trọng_Hơn_Cảm_Hứng_.mp4 (0.90MB)
[2026-08-26 23:08:45] ✅   ✅ Video tạo xong: auto_20260826_230840_Tại_Sao_Kỷ_Luật_Quan_Trọng_Hơn_Cảm_Hứng_.mp4
[2026-08-26 23:08:46] ✅ 
[5/5] ⭐ Đêm 21h30 — life_skills — First Impression — 7 Giây Đầu Quyết Định Mọi Thứ
[2026-08-26 23:08:46] 🔵 BUILD: First Impression — 7 Giây Đầu Quyết Định Mọi Thứ
[2026-08-26 23:08:46] ✅   Step 1: BG = bg_phat3.jpg
[2026-08-26 23:08:46] ✅   Step 2: TTS (vi-VN-HoaiMyNeural)
[2026-08-26 23:08:47] ✅   Step 3: Audio EQ + Mix nhạc
[2026-08-26 23:08:48] ✅   Step 4: FFmpeg encode (12.8s)
[2026-08-26 23:08:51] ✅   ✅ OK: auto_20260826_230846_First_Impression___7_Giây_Đầu_Quyết_Định.mp4 (0.48MB)
[2026-08-26 23:08:51] ✅   ✅ Video tạo xong: auto_20260826_230846_First_Impression___7_Giây_Đầu_Quyết_Định.mp4
[2026-08-26 23:08:52] ✅ 
=== Ngày 2026-09-29: Tạo 5/5 video thành công ===
[2026-08-26 23:08:52] ✅   📂 Xem video tại: /Users/abc/.gemini/antigravity/scratch/1995lido_youtube_management/output_manual
[2026-08-26 23:08:52] ✅   🌐 Review tại: http://localhost:8098
[2026-08-26 23:08:52] ✅   Nghỉ 10 giây trước khi tạo ngày tiếp...
[2026-08-26 23:09:02] ✅ 
✅ Tổng kết: 145 video đã tạo cho ngày 31-60
[2026-08-27 07:53:25] ✅ ============================================================
[2026-08-27 07:53:25] ✅ Auto Create Daily Videos — @1995lido — 2026-08-27 07:53:25
[2026-08-27 07:53:25] ✅ ============================================================
[2026-08-27 08:07:18] ✅ ============================================================
[2026-08-27 08:07:18] ✅ Auto Create Daily Videos — @1995lido — 2026-08-27 08:07:18
[2026-08-27 08:07:18] ✅ ============================================================
[2026-08-27 08:07:59] ✅ ============================================================
[2026-08-27 08:07:59] ✅ Auto Create Daily Videos — @1995lido — 2026-08-27 08:07:59
[2026-08-27 08:07:59] ✅ ============================================================
[2026-08-28 15:46:59] 🔵 BUILD: Kinh Nikaya: Lối Sống Biết Đủ (SANTUTTHI) - Mở Khóa Bình An 
[2026-08-28 15:46:59] ✅   Step 1: BG = bg_Zen1.jpg
[2026-08-28 15:46:59] ✅   Step 2: TTS (vi-VN-HoaiMyNeural)
[2026-08-28 15:47:35] ⚠️    TTS attempt 1 thất bại
[2026-08-28 15:48:01] ✅   Step 3: Audio EQ + Mix nhạc
[2026-08-28 15:48:01] ✅   Step 4: FFmpeg encode (22.6s)
[2026-08-28 15:48:08] ✅   ✅ OK: auto_20260828_154659_Kinh_Nikaya__Lối_Sống_Biết_Đủ__SANTUTTHI.mp4 (0.88MB)
[2026-08-28 15:48:08] 🔵 BUILD: Kinh Nikaya: Sức Mạnh Của Nhẫn Nại (KHANTI) - Thắng Cơn Giận
[2026-08-28 15:48:08] ✅   Step 1: BG = bg_animation_style.jpg
[2026-08-28 15:48:08] ✅   Step 2: TTS (vi-VN-NamMinhNeural)
[2026-08-28 15:48:34] ✅   Step 3: Audio EQ + Mix nhạc
[2026-08-28 15:48:35] ✅   Step 4: FFmpeg encode (21.6s)
[2026-08-28 15:48:42] ✅   ✅ OK: auto_20260828_154808_Kinh_Nikaya__Sức_Mạnh_Của_Nhẫn_Nại__KHAN.mp4 (1.44MB)
[2026-08-28 15:48:42] 🔵 BUILD: Kinh Nikaya: Chánh Niệm Hơi Thở (ANAPANASATI) - Trở Về Hiện 
[2026-08-28 15:48:42] ✅   Step 1: BG = bg_healing_noon.jpg
[2026-08-28 15:48:43] ✅   Step 2: TTS (vi-VN-HoaiMyNeural)
[2026-08-28 15:48:49] ✅   Step 3: Audio EQ + Mix nhạc
[2026-08-28 15:48:50] ✅   Step 4: FFmpeg encode (21.8s)
[2026-08-28 15:48:57] ✅   ✅ OK: auto_20260828_154842_Kinh_Nikaya__Chánh_Niệm_Hơi_Thở__ANAPANA.mp4 (1.42MB)
[2026-08-28 15:48:57] 🔵 BUILD: Kinh Nikaya: Luật Nhân Quả (KAMA) - Bạn Là Chủ Nhân Số Phận 
[2026-08-28 15:48:57] ✅   Step 1: BG = bg_morning_deepwork.jpg
[2026-08-28 15:48:57] ✅   Step 2: TTS (vi-VN-NamMinhNeural)
[2026-08-28 15:49:25] ✅   Step 3: Audio EQ + Mix nhạc
[2026-08-28 15:49:25] ✅   Step 4: FFmpeg encode (19.2s)
[2026-08-28 15:49:32] ✅   ✅ OK: auto_20260828_154857_Kinh_Nikaya__Luật_Nhân_Quả__KAMA____Bạn_.mp4 (1.03MB)
[2026-08-28 15:49:32] 🔵 BUILD: Kinh Nikaya: Tâm Từ Vô Lượng (METTA) - Hóa Giải Oán Hận Bằng
[2026-08-28 15:49:32] ✅   Step 1: BG = bg_phat1.jpg
[2026-08-28 15:49:32] ✅   Step 2: TTS (vi-VN-HoaiMyNeural)
[2026-08-28 15:49:52] ✅   Step 3: Audio EQ + Mix nhạc
[2026-08-28 15:49:52] ✅   Step 4: FFmpeg encode (21.6s)
[2026-08-28 15:49:59] ✅   ✅ OK: auto_20260828_154932_Kinh_Nikaya__Tâm_Từ_Vô_Lượng__METTA____H.mp4 (1.12MB)
[2026-08-28 15:49:59] 🔵 BUILD: Kinh Nikaya: Định Luật Vô Thường (ANICCA) - Mọi Mệt Mỏi Rồi 
[2026-08-28 15:49:59] ✅   Step 1: BG = bg_phat2.jpg
[2026-08-28 15:49:59] ✅   Step 2: TTS (vi-VN-NamMinhNeural)
[2026-08-28 15:50:20] ✅   Step 3: Audio EQ + Mix nhạc
[2026-08-28 15:50:20] ✅   Step 4: FFmpeg encode (19.2s)
[2026-08-28 15:50:26] ✅   ✅ OK: auto_20260828_154959_Kinh_Nikaya__Định_Luật_Vô_Thường__ANICCA.mp4 (1.01MB)
[2026-08-28 15:50:26] 🔵 BUILD: Kinh Nikaya: 8 Ngọn Gió Đời (BÁT THẾT PHÁP) - Bình Thản Trướ
[2026-08-28 15:50:26] ✅   Step 1: BG = bg_phat3.jpg
[2026-08-28 15:50:26] ✅   Step 2: TTS (vi-VN-HoaiMyNeural)
[2026-08-28 15:50:54] ✅   Step 3: Audio EQ + Mix nhạc
[2026-08-28 15:50:54] ✅   Step 4: FFmpeg encode (17.9s)
[2026-08-28 15:51:00] ✅   ✅ OK: auto_20260828_155026_Kinh_Nikaya__8_Ngọn_Gió_Đời__BÁT_THẾT_PH.mp4 (0.73MB)
[2026-08-28 15:51:00] 🔵 BUILD: Kinh Nikaya: Chánh Ngữ (SAMMA VACA) - Lời Nói Nhẹ Nhàng Xoa 
[2026-08-28 15:51:00] ✅   Step 1: BG = bg_zen_evening.jpg
[2026-08-28 15:51:00] ✅   Step 2: TTS (vi-VN-NamMinhNeural)
[2026-08-28 15:51:16] ✅   Step 3: Audio EQ + Mix nhạc
[2026-08-28 15:51:16] ✅   Step 4: FFmpeg encode (18.1s)
[2026-08-28 15:51:22] ✅   ✅ OK: auto_20260828_155100_Kinh_Nikaya__Chánh_Ngữ__SAMMA_VACA____Lờ.mp4 (1.39MB)
[2026-08-28 15:51:22] 🔵 BUILD: Kinh Nikaya: Tự Mình Là Hải Đăng (ATTADIPA) - Nương Tựa Vào 
[2026-08-28 15:51:22] ✅   Step 1: BG = bg_Zen1.jpg
[2026-08-28 15:51:22] ✅   Step 2: TTS (vi-VN-HoaiMyNeural)
[2026-08-28 15:51:40] ✅   Step 3: Audio EQ + Mix nhạc
[2026-08-28 15:51:40] ✅   Step 4: FFmpeg encode (17.8s)
[2026-08-28 15:51:46] ✅   ✅ OK: auto_20260828_155122_Kinh_Nikaya__Tự_Mình_Là_Hải_Đăng__ATTADI.mp4 (0.74MB)
[2026-08-28 15:51:46] 🔵 BUILD: Kinh Nikaya: Trừ Bỏ 5 Màn Mây Che Mờ Tâm Trí (NIVARANA)
[2026-08-28 15:51:46] ✅   Step 1: BG = bg_animation_style.jpg
[2026-08-28 15:51:46] ✅   Step 2: TTS (vi-VN-NamMinhNeural)
[2026-08-28 15:52:12] ✅   Step 3: Audio EQ + Mix nhạc
[2026-08-28 15:52:12] ✅   Step 4: FFmpeg encode (19.6s)
[2026-08-28 15:52:18] ✅   ✅ OK: auto_20260828_155146_Kinh_Nikaya__Trừ_Bỏ_5_Màn_Mây_Che_Mờ_Tâm.mp4 (1.39MB)
[2026-08-28 15:52:18] 🔵 BUILD: Kinh Nikaya: Lời Phật Dạy Về Nghệ Thuật Lắng Nghe & Quản Trị
[2026-08-28 15:52:18] ✅   Step 1: BG = bg_healing_noon.jpg
[2026-08-28 15:52:18] ✅   Step 2: TTS (vi-VN-HoaiMyNeural)
[2026-08-28 15:52:54] ⚠️    TTS attempt 1 thất bại
[2026-08-28 15:53:39] ⚠️    TTS attempt 2 thất bại
[2026-08-28 15:53:59] ✅   Step 3: Audio EQ + Mix nhạc
[2026-08-28 15:53:59] ✅   Step 4: FFmpeg encode (17.3s)
[2026-08-28 15:54:05] ✅   ✅ OK: auto_20260828_155218_Kinh_Nikaya__Lời_Phật_Dạy_Về_Nghệ_Thuật_.mp4 (1.37MB)
[2026-08-28 15:54:05] 🔵 BUILD: Kinh Nikaya: Quán Thân Trên Thân (KAYANUPASSANA) - Giải Tỏa 
[2026-08-28 15:54:05] ✅   Step 1: BG = bg_morning_deepwork.jpg
[2026-08-28 15:54:05] ✅   Step 2: TTS (vi-VN-NamMinhNeural)
[2026-08-28 15:54:47] ⚠️    TTS attempt 1 thất bại
[2026-08-28 15:55:06] ✅   Step 3: Audio EQ + Mix nhạc
[2026-08-28 15:55:06] ✅   Step 4: FFmpeg encode (18.5s)
[2026-08-28 15:55:13] ✅   ✅ OK: auto_20260828_155405_Kinh_Nikaya__Quán_Thân_Trên_Thân__KAYANU.mp4 (1.02MB)
[2026-08-28 15:55:13] 🔵 BUILD: Kinh Nikaya: Bí Quyết Vượt Qua Nỗi Sợ Thất Bại & Biến Cố Cuộ
[2026-08-28 15:55:13] ✅   Step 1: BG = bg_phat1.jpg
[2026-08-28 15:55:13] ✅   Step 2: TTS (vi-VN-HoaiMyNeural)
[2026-08-28 15:55:55] ⚠️    TTS attempt 1 thất bại
[2026-08-28 15:56:33] ⚠️    TTS attempt 2 thất bại
[2026-08-28 15:57:12] ⚠️    TTS attempt 3 thất bại
[2026-08-28 15:57:15] 🔵 BUILD: Kinh Nikaya: Ý Thức Về Sự Sống Sắp Hết - Trân Trọng Từng Phú
[2026-08-28 15:57:15] ✅   Step 1: BG = bg_phat2.jpg
[2026-08-28 15:57:15] ✅   Step 2: TTS (vi-VN-NamMinhNeural)
[2026-08-28 15:57:34] ✅   Step 3: Audio EQ + Mix nhạc
[2026-08-28 15:57:34] ✅   Step 4: FFmpeg encode (16.8s)
[2026-08-28 15:57:41] ✅   ✅ OK: auto_20260828_155715_Kinh_Nikaya__Ý_Thức_Về_Sự_Sống_Sắp_Hết__.mp4 (0.97MB)
[2026-08-28 15:57:41] 🔵 BUILD: Kinh Nikaya: Nghệ Thuật Chọn Bạn Mà Chơi (THIỆN HỮU TRI KỶ)
[2026-08-28 15:57:41] ✅   Step 1: BG = bg_phat3.jpg
[2026-08-28 15:57:41] ✅   Step 2: TTS (vi-VN-HoaiMyNeural)
[2026-08-28 15:58:09] ✅   Step 3: Audio EQ + Mix nhạc
[2026-08-28 15:58:10] ✅   Step 4: FFmpeg encode (18.7s)
[2026-08-28 15:58:15] ✅   ✅ OK: auto_20260828_155741_Kinh_Nikaya__Nghệ_Thuật_Chọn_Bạn_Mà_Chơi.mp4 (0.73MB)
[2026-08-28 15:58:15] 🔵 BUILD: Kinh Nikaya: Học Cách Dừng Lại (SAMATHA) Khi Tâm Trí Quá Tải
[2026-08-28 15:58:15] ✅   Step 1: BG = bg_zen_evening.jpg
[2026-08-28 15:58:15] ✅   Step 2: TTS (vi-VN-NamMinhNeural)
[2026-08-28 15:58:35] ✅   Step 3: Audio EQ + Mix nhạc
[2026-08-28 15:58:35] ✅   Step 4: FFmpeg encode (17.6s)
[2026-08-28 15:58:42] ✅   ✅ OK: auto_20260828_155815_Kinh_Nikaya__Học_Cách_Dừng_Lại__SAMATHA_.mp4 (1.36MB)
[2026-08-28 15:58:42] 🔵 BUILD: Kinh Nikaya: Chữ 'Tâm' Trong Sạch - Nguồn Gốc Của Mọi Bình A
[2026-08-28 15:58:42] ✅   Step 1: BG = bg_Zen1.jpg
[2026-08-28 15:58:42] ✅   Step 2: TTS (vi-VN-HoaiMyNeural)
[2026-08-28 15:59:18] ⚠️    TTS attempt 1 thất bại
[2026-08-28 16:03:09] ⚠️    TTS attempt 2 thất bại
[2026-08-28 16:03:13] ⚠️    TTS attempt 3 thất bại
[2026-08-28 16:03:16] 🔵 BUILD: Kinh Nikaya: Buông Bỏ Lòng Tham Dục (LOBHA) Để Nhẹ Nhõm Tâm 
[2026-08-28 16:03:16] ✅   Step 1: BG = bg_animation_style.jpg
[2026-08-28 16:03:17] ✅   Step 2: TTS (vi-VN-NamMinhNeural)
[2026-08-28 16:03:18] ⚠️    TTS attempt 1 thất bại
[2026-08-28 16:03:23] ⚠️    TTS attempt 2 thất bại
[2026-08-28 16:03:27] ⚠️    TTS attempt 3 thất bại
[2026-08-28 16:03:30] 🔵 BUILD: Kinh Nikaya: Sự Tự Do Khỏi Định Kiến & Khái Niệm Phân Biệt
[2026-08-28 16:03:30] ✅   Step 1: BG = bg_healing_noon.jpg
[2026-08-28 16:03:30] ✅   Step 2: TTS (vi-VN-HoaiMyNeural)
[2026-08-28 16:03:32] ⚠️    TTS attempt 1 thất bại
[2026-08-28 16:03:36] ⚠️    TTS attempt 2 thất bại
[2026-08-28 16:03:40] ⚠️    TTS attempt 3 thất bại
[2026-08-28 16:03:43] 🔵 BUILD: Kinh Nikaya: Tâm Hỷ Vô Lượng (MUDITA) - Vui Với Thắng Lợi Củ
[2026-08-28 16:03:43] ✅   Step 1: BG = bg_morning_deepwork.jpg
[2026-08-28 16:03:44] ✅   Step 2: TTS (vi-VN-NamMinhNeural)
[2026-08-28 16:03:45] ⚠️    TTS attempt 1 thất bại
[2026-08-28 16:31:37] ⚠️    TTS attempt 2 thất bại
[2026-08-28 16:31:41] ⚠️    TTS attempt 3 thất bại
[2026-08-28 16:31:44] 🔵 BUILD: Kinh Nikaya: Tâm Xả Vô Lượng (UPEKKHA) - Đứng Vững Trước Són
[2026-08-28 16:31:44] ✅   Step 1: BG = bg_phat1.jpg
[2026-08-28 16:31:44] ✅   Step 2: TTS (vi-VN-HoaiMyNeural)
[2026-08-28 16:31:44] ⚠️    TTS attempt 1 thất bại
[2026-08-28 16:32:04] ✅   Step 3: Audio EQ + Mix nhạc
[2026-08-28 16:32:06] ✅   Step 4: FFmpeg encode (17.6s)
[2026-08-28 16:38:57] ✅   ✅ OK: auto_20260828_163144_Kinh_Nikaya__Tâm_Xả_Vô_Lượng__UPEKKHA___.mp4 (1.07MB)
[2026-08-28 16:38:57] 🔵 BUILD: Kinh Nikaya: Nghệ Thuật Hiếu Kính Cha Mẹ Trọn Vẹn
[2026-08-28 16:38:57] ✅   Step 1: BG = bg_phat2.jpg
[2026-08-28 16:38:57] ✅   Step 2: TTS (vi-VN-NamMinhNeural)
[2026-08-28 16:39:34] ⚠️    TTS attempt 1 thất bại
[2026-08-28 16:39:55] ✅   Step 3: Audio EQ + Mix nhạc
[2026-08-28 16:39:55] ✅   Step 4: FFmpeg encode (18.8s)
[2026-08-28 16:40:02] ✅   ✅ OK: auto_20260828_163857_Kinh_Nikaya__Nghệ_Thuật_Hiếu_Kính_Cha_Mẹ.mp4 (0.98MB)
[2026-08-28 16:40:02] 🔵 BUILD: Kinh Nikaya: Thắng Bản Thân Là Chiến Thắng Vĩ Đại Nhất
[2026-08-28 16:40:02] ✅   Step 1: BG = bg_phat3.jpg
[2026-08-28 16:40:02] ✅   Step 2: TTS (vi-VN-HoaiMyNeural)
[2026-08-28 16:40:24] ✅   Step 3: Audio EQ + Mix nhạc
[2026-08-28 16:40:25] ✅   Step 4: FFmpeg encode (17.0s)
[2026-08-28 16:40:31] ✅   ✅ OK: auto_20260828_164002_Kinh_Nikaya__Thắng_Bản_Thân_Là_Chiến_Thắ.mp4 (0.70MB)
[2026-08-28 16:40:31] 🔵 BUILD: Kinh Nikaya: Giữ Vững Sức Mạnh Chánh Mạng (SAMMA AJIVA)
[2026-08-28 16:40:31] ✅   Step 1: BG = bg_zen_evening.jpg
[2026-08-28 16:40:31] ✅   Step 2: TTS (vi-VN-NamMinhNeural)
[2026-08-28 16:41:07] ⚠️    TTS attempt 1 thất bại
[2026-08-28 16:41:28] ✅   Step 3: Audio EQ + Mix nhạc
[2026-08-28 16:41:28] ✅   Step 4: FFmpeg encode (17.6s)
[2026-08-28 16:41:34] ✅   ✅ OK: auto_20260828_164031_Kinh_Nikaya__Giữ_Vững_Sức_Mạnh_Chánh_Mạn.mp4 (1.37MB)
[2026-08-28 16:41:34] 🔵 BUILD: Kinh Nikaya: Chánh Tinh Tấn (SAMMA VAYAMA) - Nỗ Lực Đúng Hướ
[2026-08-28 16:41:34] ✅   Step 1: BG = bg_Zen1.jpg
[2026-08-28 16:41:34] ✅   Step 2: TTS (vi-VN-HoaiMyNeural)
[2026-08-28 16:41:46] ✅   Step 3: Audio EQ + Mix nhạc
[2026-08-28 16:41:46] ✅   Step 4: FFmpeg encode (16.9s)
[2026-08-28 16:41:51] ✅   ✅ OK: auto_20260828_164134_Kinh_Nikaya__Chánh_Tinh_Tấn__SAMMA_VAYAM.mp4 (0.73MB)
[2026-08-28 16:41:51] 🔵 BUILD: Kinh Nikaya: Trí Tuệ Quán Thấu Bản Chất Của Nỗi Đau (DUKKA)
[2026-08-28 16:41:51] ✅   Step 1: BG = bg_animation_style.jpg
[2026-08-28 16:41:51] ✅   Step 2: TTS (vi-VN-NamMinhNeural)
[2026-08-28 16:42:11] ✅   Step 3: Audio EQ + Mix nhạc
[2026-08-28 16:42:11] ✅   Step 4: FFmpeg encode (18.5s)
[2026-08-28 16:42:17] ✅   ✅ OK: auto_20260828_164151_Kinh_Nikaya__Trí_Tuệ_Quán_Thấu_Bản_Chất_.mp4 (1.38MB)
[2026-08-28 16:42:17] 🔵 BUILD: Kinh Nikaya: Con Đường Tứ Diệu Đế - 4 Sự Thật Cao Quý
[2026-08-28 16:42:17] ✅   Step 1: BG = bg_healing_noon.jpg
[2026-08-28 16:42:18] ✅   Step 2: TTS (vi-VN-HoaiMyNeural)
[2026-08-28 16:42:34] ✅   Step 3: Audio EQ + Mix nhạc
[2026-08-28 16:42:34] ✅   Step 4: FFmpeg encode (16.9s)
[2026-08-28 16:42:40] ✅   ✅ OK: auto_20260828_164217_Kinh_Nikaya__Con_Đường_Tứ_Diệu_Đế___4_Sự.mp4 (1.35MB)
[2026-08-28 16:42:40] 🔵 BUILD: Kinh Nikaya: Sức Mạnh Của Lòng Biết Ơn (KATANNYU)
[2026-08-28 16:42:40] ✅   Step 1: BG = bg_morning_deepwork.jpg
[2026-08-28 16:42:40] ✅   Step 2: TTS (vi-VN-NamMinhNeural)
[2026-08-28 16:42:54] ✅   Step 3: Audio EQ + Mix nhạc
[2026-08-28 16:42:54] ✅   Step 4: FFmpeg encode (16.6s)
[2026-08-28 16:43:00] ✅   ✅ OK: auto_20260828_164240_Kinh_Nikaya__Sức_Mạnh_Của_Lòng_Biết_Ơn__.mp4 (0.98MB)
[2026-08-28 16:43:00] 🔵 BUILD: Kinh Nikaya: Giữ Vững Chánh Định (SAMMA SAMADHI) Trước Mọi C
[2026-08-28 16:43:00] ✅   Step 1: BG = bg_phat1.jpg
[2026-08-28 16:43:00] ✅   Step 2: TTS (vi-VN-HoaiMyNeural)
[2026-08-28 16:43:17] ✅   Step 3: Audio EQ + Mix nhạc
[2026-08-28 16:43:18] ✅   Step 4: FFmpeg encode (18.1s)
[2026-08-28 16:43:23] ✅   ✅ OK: auto_20260828_164300_Kinh_Nikaya__Giữ_Vững_Chánh_Định__SAMMA_.mp4 (1.09MB)
[2026-08-28 16:43:23] 🔵 BUILD: Kinh Nikaya: Niết Bàn Ngay Trong Hiện Tại (DITTHADHAMMA NIBB
[2026-08-28 16:43:23] ✅   Step 1: BG = bg_phat2.jpg
[2026-08-28 16:43:24] ✅   Step 2: TTS (vi-VN-NamMinhNeural)
[2026-08-28 16:43:51] ✅   Step 3: Audio EQ + Mix nhạc
[2026-08-28 16:43:52] ✅   Step 4: FFmpeg encode (16.8s)
[2026-08-28 16:43:58] ✅   ✅ OK: auto_20260828_164323_Kinh_Nikaya__Niết_Bàn_Ngay_Trong_Hiện_Tạ.mp4 (0.96MB)
[2026-08-28 16:43:58] 🔵 BUILD: Tứ Diệu Đế #1 - Khổ Đế: Tại Sao Phật Dạy Đời Là Khổ Và Đây K
[2026-08-28 16:43:58] ✅   Step 1: BG = bg_phat3.jpg
[2026-08-28 16:43:58] ✅   Step 2: TTS (vi-VN-HoaiMyNeural)
[2026-08-28 16:44:34] ⚠️    TTS attempt 1 thất bại
[2026-08-28 16:45:20] ✅   Step 3: Audio EQ + Mix nhạc
[2026-08-28 16:45:20] ✅   Step 4: FFmpeg encode (25.9s)
[2026-08-28 16:45:28] ✅   ✅ OK: auto_20260828_164358_Tứ_Diệu_Đế__1___Khổ_Đế__Tại_Sao_Phật_Dạy.mp4 (1.01MB)
[2026-08-28 16:45:28] 🔵 BUILD: Tứ Diệu Đế #2 - Tập Đế: Khám Phá Nguồn Gốc Tham Sân Si Làm K
[2026-08-28 16:45:28] ✅   Step 1: BG = bg_zen_evening.jpg
[2026-08-28 16:45:28] ✅   Step 2: TTS (vi-VN-NamMinhNeural)
[2026-08-28 16:46:13] ✅   Step 3: Audio EQ + Mix nhạc
[2026-08-28 16:46:13] ✅   Step 4: FFmpeg encode (25.4s)
[2026-08-28 16:46:25] ✅   ✅ OK: auto_20260828_164528_Tứ_Diệu_Đế__2___Tập_Đế__Khám_Phá_Nguồn_G.mp4 (1.89MB)
[2026-08-28 16:46:25] 🔵 BUILD: Tứ Diệu Đế #3 - Diệt Đế: Niết Bàn Là Trạng Thái Hạnh Phúc Ca
[2026-08-28 16:46:25] ✅   Step 1: BG = bg_Zen1.jpg
[2026-08-28 16:46:25] ✅   Step 2: TTS (vi-VN-HoaiMyNeural)
[2026-08-28 16:47:01] ⚠️    TTS attempt 1 thất bại
[2026-08-28 16:47:40] ⚠️    TTS attempt 2 thất bại
[2026-08-28 16:48:13] ✅   Step 3: Audio EQ + Mix nhạc
[2026-08-28 16:48:13] ✅   Step 4: FFmpeg encode (26.3s)
[2026-08-28 16:48:23] ✅   ✅ OK: auto_20260828_164625_Tứ_Diệu_Đế__3___Diệt_Đế__Niết_Bàn_Là_Trạ.mp4 (1.05MB)
[2026-08-28 16:48:23] 🔵 BUILD: Tứ Diệu Đế #4 - Đạo Đế: Bát Chánh Đạo 8 Bước Thực Hành Thoát
[2026-08-28 16:48:23] ✅   Step 1: BG = bg_animation_style.jpg
[2026-08-28 16:48:23] ✅   Step 2: TTS (vi-VN-NamMinhNeural)
[2026-08-28 16:48:32] ✅   Step 3: Audio EQ + Mix nhạc
[2026-08-28 16:48:32] ✅   Step 4: FFmpeg encode (26.8s)
[2026-08-28 16:48:40] ✅   ✅ OK: auto_20260828_164823_Tứ_Diệu_Đế__4___Đạo_Đế__Bát_Chánh_Đạo_8_.mp4 (1.90MB)
[2026-08-28 16:48:40] 🔵 BUILD: Chánh Kiến (Samma Ditthi): Cách Nhìn Đời Không Méo Mó - Nền 
[2026-08-28 16:48:40] ✅   Step 1: BG = bg_healing_noon.jpg
[2026-08-28 16:48:40] ✅   Step 2: TTS (vi-VN-HoaiMyNeural)
[2026-08-28 16:49:16] ✅   Step 3: Audio EQ + Mix nhạc
[2026-08-28 16:49:17] ✅   Step 4: FFmpeg encode (26.2s)
[2026-08-28 16:49:25] ✅   ✅ OK: auto_20260828_164840_Chánh_Kiến__Samma_Ditthi___Cách_Nhìn_Đời.mp4 (1.88MB)
[2026-08-28 16:49:25] 🔵 BUILD: Chánh Tư Duy (Samma Sankappa): Dọn Sạch Rác Trong Đầu - Tư D
[2026-08-28 16:49:25] ✅   Step 1: BG = bg_morning_deepwork.jpg
[2026-08-28 16:49:25] ✅   Step 2: TTS (vi-VN-NamMinhNeural)
[2026-08-28 16:49:50] ✅   Step 3: Audio EQ + Mix nhạc
[2026-08-28 16:49:51] ✅   Step 4: FFmpeg encode (25.5s)
[2026-08-28 16:49:58] ✅   ✅ OK: auto_20260828_164925_Chánh_Tư_Duy__Samma_Sankappa___Dọn_Sạch_.mp4 (1.39MB)
[2026-08-28 16:49:58] 🔵 BUILD: Chánh Ngữ (Samma Vaca): 5 Tiêu Chí Lời Nói Chữa Lành Theo Ph
[2026-08-28 16:49:58] ✅   Step 1: BG = bg_phat1.jpg
[2026-08-28 16:49:59] ✅   Step 2: TTS (vi-VN-HoaiMyNeural)
[2026-08-28 16:50:28] ✅   Step 3: Audio EQ + Mix nhạc
[2026-08-28 16:50:29] ✅   Step 4: FFmpeg encode (25.8s)
[2026-08-28 16:50:37] ✅   ✅ OK: auto_20260828_164958_Chánh_Ngữ__Samma_Vaca___5_Tiêu_Chí_Lời_N.mp4 (1.47MB)
[2026-08-28 16:50:37] 🔵 BUILD: Chánh Nghiệp (Samma Kammanta): Hành Động Tạo Nghiệp Lành - Ứ
[2026-08-28 16:50:37] ✅   Step 1: BG = bg_phat2.jpg
[2026-08-28 16:50:37] ✅   Step 2: TTS (vi-VN-NamMinhNeural)
[2026-08-28 16:51:02] ✅   Step 3: Audio EQ + Mix nhạc
[2026-08-28 16:51:02] ✅   Step 4: FFmpeg encode (25.4s)
[2026-08-28 16:51:12] ✅   ✅ OK: auto_20260828_165037_Chánh_Nghiệp__Samma_Kammanta___Hành_Động.mp4 (1.34MB)
[2026-08-28 16:51:12] 🔵 BUILD: Chánh Mạng (Samma Ajiva): Hướng Dẫn Kiếm Tiền Có Đạo Đức Và 
[2026-08-28 16:51:12] ✅   Step 1: BG = bg_phat3.jpg
[2026-08-28 16:51:12] ✅   Step 2: TTS (vi-VN-HoaiMyNeural)
[2026-08-28 16:51:48] ⚠️    TTS attempt 1 thất bại
[2026-08-28 16:52:13] ✅   Step 3: Audio EQ + Mix nhạc
[2026-08-28 16:52:14] ✅   Step 4: FFmpeg encode (25.7s)
[2026-08-28 16:52:21] ✅   ✅ OK: auto_20260828_165112_Chánh_Mạng__Samma_Ajiva___Hướng_Dẫn_Kiếm.mp4 (1.00MB)
[2026-08-28 16:52:21] 🔵 BUILD: Chánh Tinh Tấn (Samma Vayama): Khác Biệt Giữa Nỗ Lực Thông M
[2026-08-28 16:52:21] ✅   Step 1: BG = bg_zen_evening.jpg
[2026-08-28 16:52:21] ✅   Step 2: TTS (vi-VN-NamMinhNeural)
[2026-08-28 16:52:47] ✅   Step 3: Audio EQ + Mix nhạc
[2026-08-28 16:52:48] ✅   Step 4: FFmpeg encode (25.9s)
[2026-08-28 16:52:57] ✅   ✅ OK: auto_20260828_165221_Chánh_Tinh_Tấn__Samma_Vayama___Khác_Biệt.mp4 (1.88MB)
[2026-08-28 16:52:57] 🔵 BUILD: Chánh Niệm (Samma Sati): Hướng Dẫn Sống Tỉnh Thức 24/7 Không
[2026-08-28 16:52:57] ✅   Step 1: BG = bg_Zen1.jpg
[2026-08-28 16:52:57] ✅   Step 2: TTS (vi-VN-HoaiMyNeural)
[2026-08-28 16:53:33] ⚠️    TTS attempt 1 thất bại
[2026-08-28 16:54:12] ⚠️    TTS attempt 2 thất bại
[2026-08-28 16:54:42] ✅   Step 3: Audio EQ + Mix nhạc
[2026-08-28 16:54:42] ✅   Step 4: FFmpeg encode (27.2s)
[2026-08-28 16:54:51] ✅   ✅ OK: auto_20260828_165257_Chánh_Niệm__Samma_Sati___Hướng_Dẫn_Sống_.mp4 (1.07MB)
[2026-08-28 16:54:51] 🔵 BUILD: Chánh Định (Samma Samadhi): 4 Tầng Jhana Thiền Định Và Cách 
[2026-08-28 16:54:51] ✅   Step 1: BG = bg_animation_style.jpg
[2026-08-28 16:54:51] ✅   Step 2: TTS (vi-VN-NamMinhNeural)
[2026-08-28 16:55:27] ⚠️    TTS attempt 1 thất bại
[2026-08-28 16:56:05] ✅   Step 3: Audio EQ + Mix nhạc
[2026-08-28 16:56:05] ✅   Step 4: FFmpeg encode (26.6s)
[2026-08-28 16:56:17] ✅   ✅ OK: auto_20260828_165451_Chánh_Định__Samma_Samadhi___4_Tầng_Jhana.mp4 (1.90MB)
[2026-08-28 16:56:17] 🔵 BUILD: Phật Dạy Cách Trị Lo Âu: 5 Kỹ Thuật Tâm Lý Từ Kinh Nikaya Ch
[2026-08-28 16:56:17] ✅   Step 1: BG = bg_healing_noon.jpg
[2026-08-28 16:56:18] ✅   Step 2: TTS (vi-VN-HoaiMyNeural)
[2026-08-28 16:56:53] ✅   Step 3: Audio EQ + Mix nhạc
[2026-08-28 16:56:53] ✅   Step 4: FFmpeg encode (27.3s)
[2026-08-28 16:57:02] ✅   ✅ OK: auto_20260828_165617_Phật_Dạy_Cách_Trị_Lo_Âu__5_Kỹ_Thuật_Tâm_.mp4 (1.89MB)
[2026-08-28 16:57:02] 🔵 BUILD: Vượt Qua Trầm Cảm Với Trí Tuệ Nikaya: Khi Khoa Học Tâm Lý Hi
[2026-08-28 16:57:02] ✅   Step 1: BG = bg_morning_deepwork.jpg
[2026-08-28 16:57:02] ✅   Step 2: TTS (vi-VN-NamMinhNeural)
[2026-08-28 16:57:25] ✅   Step 3: Audio EQ + Mix nhạc
[2026-08-28 16:57:25] ✅   Step 4: FFmpeg encode (25.8s)
[2026-08-28 16:57:33] ✅   ✅ OK: auto_20260828_165702_Vượt_Qua_Trầm_Cảm_Với_Trí_Tuệ_Nikaya__Kh.mp4 (1.39MB)
[2026-08-28 16:57:33] 🔵 BUILD: Mất Ngủ Theo Phật Dạy: Thiền Định Và 5 Thực Hành Tối Giúp Ru
[2026-08-28 16:57:33] ✅   Step 1: BG = bg_phat1.jpg
[2026-08-28 16:57:33] ✅   Step 2: TTS (vi-VN-HoaiMyNeural)
[2026-08-28 18:58:55] 🔵 BUILD: Xây Dựng Gia Đình Hạnh Phúc Theo Kinh Sigalovada: Phật Dạy C
[2026-08-28 18:58:55] ✅   Step 1: BG = bg_phat2.jpg
[2026-08-28 18:58:55] ✅   Step 2: TTS (vi-VN-NamMinhNeural)
[2026-08-28 19:14:32] 🔵 BUILD: Thiện Tri Thức: Tiêu Chí Chọn Bạn Đúng Đắn Và Xây Dựng Tình 
[2026-08-28 19:14:32] ✅   Step 1: BG = bg_phat3.jpg
[2026-08-28 19:14:32] ✅   Step 2: TTS (vi-VN-HoaiMyNeural)
[2026-08-28 19:15:09] ✅   Step 3: Audio EQ + Mix nhạc
[2026-08-28 19:15:10] ✅   Step 4: FFmpeg encode (26.5s)
[2026-08-28 19:15:16] ✅   ✅ OK: auto_20260828_191432_Thiện_Tri_Thức__Tiêu_Chí_Chọn_Bạn_Đúng_Đ.mp4 (1.01MB)
[2026-08-28 19:15:16] 🔵 BUILD: Phật Dạy Về Tình Yêu Và Hôn Nhân: Kinh Pháp Cú Và Những Nguy
[2026-08-28 19:15:16] ✅   Step 1: BG = bg_zen_evening.jpg
[2026-08-28 19:15:16] ✅   Step 2: TTS (vi-VN-NamMinhNeural)
[2026-08-28 19:15:45] ✅   Step 3: Audio EQ + Mix nhạc
[2026-08-28 19:15:45] ✅   Step 4: FFmpeg encode (26.4s)
[2026-08-28 19:15:52] ✅   ✅ OK: auto_20260828_191516_Phật_Dạy_Về_Tình_Yêu_Và_Hôn_Nhân__Kinh_P.mp4 (1.90MB)
[2026-08-28 19:15:52] 🔵 BUILD: Nghệ Thuật Nuôi Dạy Con Theo Triết Lý Phật Giáo: Trồng Cây Đ
[2026-08-28 19:15:52] ✅   Step 1: BG = bg_Zen1.jpg
[2026-08-28 19:15:52] ✅   Step 2: TTS (vi-VN-HoaiMyNeural)
[2026-08-28 19:16:22] ✅   Step 3: Audio EQ + Mix nhạc
[2026-08-28 19:16:22] ✅   Step 4: FFmpeg encode (24.7s)
[2026-08-28 19:16:28] ✅   ✅ OK: auto_20260828_191552_Nghệ_Thuật_Nuôi_Dạy_Con_Theo_Triết_Lý_Ph.mp4 (1.02MB)
[2026-08-28 19:16:28] 🔵 BUILD: Làm Thế Nào Khi Làm Việc Với Người Khó Chịu? Nikaya Có 5 Các
[2026-08-28 19:16:28] ✅   Step 1: BG = bg_animation_style.jpg
[2026-08-28 19:16:28] ✅   Step 2: TTS (vi-VN-NamMinhNeural)
[2026-08-28 19:16:48] ✅   Step 3: Audio EQ + Mix nhạc
[2026-08-28 19:16:48] ✅   Step 4: FFmpeg encode (26.2s)
[2026-08-28 19:16:55] ✅   ✅ OK: auto_20260828_191628_Làm_Thế_Nào_Khi_Làm_Việc_Với_Người_Khó_C.mp4 (1.90MB)
[2026-08-28 19:16:55] 🔵 BUILD: Khoa Học Của Sự Tha Thứ: Tại Sao Phật Dạy Tha Thứ Là Quà Tặn
[2026-08-28 19:16:55] ✅   Step 1: BG = bg_healing_noon.jpg
[2026-08-28 19:16:56] ✅   Step 2: TTS (vi-VN-HoaiMyNeural)
[2026-08-28 19:17:20] ✅   Step 3: Audio EQ + Mix nhạc
[2026-08-28 19:17:20] ✅   Step 4: FFmpeg encode (26.2s)
[2026-08-28 19:17:29] ✅   ✅ OK: auto_20260828_191655_Khoa_Học_Của_Sự_Tha_Thứ__Tại_Sao_Phật_Dạ.mp4 (1.89MB)
[2026-08-28 19:17:29] 🔵 BUILD: Quy Y Tam Bảo Trong Thế Giới Hiện Đại: Phật Pháp Tăng Là Gì 
[2026-08-28 19:17:29] ✅   Step 1: BG = bg_morning_deepwork.jpg
[2026-08-28 19:17:29] ✅   Step 2: TTS (vi-VN-NamMinhNeural)
[2026-08-28 19:17:55] ✅   Step 3: Audio EQ + Mix nhạc
[2026-08-28 19:17:55] ✅   Step 4: FFmpeg encode (25.6s)
[2026-08-28 19:18:03] ✅   ✅ OK: auto_20260828_191729_Quy_Y_Tam_Bảo_Trong_Thế_Giới_Hiện_Đại__P.mp4 (1.38MB)
[2026-08-28 19:18:03] 🔵 BUILD: Luật Nhân Quả Trong Phật Giáo: Không Phải Mê Tín Mà Là Khoa 
[2026-08-28 19:18:03] ✅   Step 1: BG = bg_phat1.jpg
[2026-08-28 19:18:03] ✅   Step 2: TTS (vi-VN-HoaiMyNeural)
[2026-08-28 19:18:39] ✅   Step 3: Audio EQ + Mix nhạc
[2026-08-28 19:18:39] ✅   Step 4: FFmpeg encode (26.5s)
[2026-08-28 19:18:47] ✅   ✅ OK: auto_20260828_191803_Luật_Nhân_Quả_Trong_Phật_Giáo__Không_Phả.mp4 (1.49MB)
[2026-08-28 19:18:47] 🔵 BUILD: Tái Sinh Trong Phật Giáo Nikaya: Chứng Cứ, Ý Nghĩa Và Cách S
[2026-08-28 19:18:47] ✅   Step 1: BG = bg_phat2.jpg
[2026-08-28 19:18:48] ✅   Step 2: TTS (vi-VN-NamMinhNeural)
[2026-08-28 19:19:07] ✅   Step 3: Audio EQ + Mix nhạc
[2026-08-28 19:19:07] ✅   Step 4: FFmpeg encode (25.8s)
[2026-08-28 19:19:17] ✅   ✅ OK: auto_20260828_191847_Tái_Sinh_Trong_Phật_Giáo_Nikaya__Chứng_C.mp4 (1.36MB)
[2026-08-28 19:19:17] 🔵 BUILD: 5 Giới Phật Dạy Áp Dụng Thế Nào Trong Thế Giới Hiện Đại? Hướ
[2026-08-28 19:19:17] ✅   Step 1: BG = bg_phat3.jpg
[2026-08-28 19:19:17] ✅   Step 2: TTS (vi-VN-HoaiMyNeural)
[2026-08-28 19:19:40] ✅   Step 3: Audio EQ + Mix nhạc
[2026-08-28 19:19:40] ✅   Step 4: FFmpeg encode (26.5s)
[2026-08-28 19:19:48] ✅   ✅ OK: auto_20260828_191917_5_Giới_Phật_Dạy_Áp_Dụng_Thế_Nào_Trong_Th.mp4 (1.01MB)
[2026-08-28 19:19:48] 🔵 BUILD: Kinh Pháp Cú (Dhammapada): 50 Câu Kệ Tinh Hoa Nhất Và Ý Nghĩ
[2026-08-28 19:19:48] ✅   Step 1: BG = bg_zen_evening.jpg
[2026-08-28 19:19:48] ✅   Step 2: TTS (vi-VN-NamMinhNeural)
[2026-08-28 19:20:06] ✅   Step 3: Audio EQ + Mix nhạc
[2026-08-28 19:20:06] ✅   Step 4: FFmpeg encode (26.3s)
[2026-08-28 19:20:16] ✅   ✅ OK: auto_20260828_191948_Kinh_Pháp_Cú__Dhammapada___50_Câu_Kệ_Tin.mp4 (1.89MB)
[2026-08-28 19:20:16] 🔵 BUILD: Những Bài Giảng Nổi Tiếng Nhất Trong Trung Bộ Kinh: Từ Kinh 
[2026-08-28 19:20:16] ✅   Step 1: BG = bg_Zen1.jpg
[2026-08-28 19:20:16] ✅   Step 2: TTS (vi-VN-HoaiMyNeural)
[2026-08-28 19:20:42] ✅   Step 3: Audio EQ + Mix nhạc
[2026-08-28 19:20:43] ✅   Step 4: FFmpeg encode (26.4s)
[2026-08-28 19:20:50] ✅   ✅ OK: auto_20260828_192016_Những_Bài_Giảng_Nổi_Tiếng_Nhất_Trong_Tru.mp4 (1.04MB)
[2026-08-28 19:20:50] 🔵 BUILD: Tương Ưng Bộ Kinh: Giải Mã Bộ Kinh Có Hệ Thống Chủ Đề Hoàn C
[2026-08-28 19:20:50] ✅   Step 1: BG = bg_animation_style.jpg
[2026-08-28 19:20:50] ✅   Step 2: TTS (vi-VN-NamMinhNeural)
[2026-08-28 19:21:16] ✅   Step 3: Audio EQ + Mix nhạc
[2026-08-28 19:21:16] ✅   Step 4: FFmpeg encode (25.2s)
[2026-08-28 19:21:24] ✅   ✅ OK: auto_20260828_192050_Tương_Ưng_Bộ_Kinh__Giải_Mã_Bộ_Kinh_Có_Hệ.mp4 (1.88MB)
[2026-08-28 19:21:24] 🔵 BUILD: Tăng Chi Bộ Kinh: Tại Sao Phật Dạy Theo Con Số 1, 2, 3... Và
[2026-08-28 19:21:24] ✅   Step 1: BG = bg_healing_noon.jpg
[2026-08-28 19:21:24] ✅   Step 2: TTS (vi-VN-HoaiMyNeural)
[2026-08-28 19:21:52] ✅   Step 3: Audio EQ + Mix nhạc
[2026-08-28 19:21:53] ✅   Step 4: FFmpeg encode (25.6s)
[2026-08-28 19:22:00] ✅   ✅ OK: auto_20260828_192124_Tăng_Chi_Bộ_Kinh__Tại_Sao_Phật_Dạy_Theo_.mp4 (1.87MB)
[2026-08-28 19:22:00] 🔵 BUILD: Trường Bộ Kinh: Khám Phá 34 Bài Kinh Dài Và Sâu Sắc Nhất Tro
[2026-08-28 19:22:00] ✅   Step 1: BG = bg_morning_deepwork.jpg
[2026-08-28 19:22:00] ✅   Step 2: TTS (vi-VN-NamMinhNeural)
[2026-08-28 19:22:25] ✅   Step 3: Audio EQ + Mix nhạc
[2026-08-28 19:22:25] ✅   Step 4: FFmpeg encode (25.0s)
[2026-08-28 19:22:33] ✅   ✅ OK: auto_20260828_192200_Trường_Bộ_Kinh__Khám_Phá_34_Bài_Kinh_Dài.mp4 (1.37MB)
[2026-08-28 19:22:33] 🔵 BUILD: Tiểu Bộ Kinh: Từ Pháp Cú Đến Trưởng Lão Tăng Kệ - Bản Đồ Kho
[2026-08-28 19:22:33] ✅   Step 1: BG = bg_phat1.jpg
[2026-08-28 19:22:33] ✅   Step 2: TTS (vi-VN-HoaiMyNeural)
[2026-08-28 19:23:00] ✅   Step 3: Audio EQ + Mix nhạc
[2026-08-28 19:23:01] ✅   Step 4: FFmpeg encode (25.9s)
[2026-08-28 19:23:09] ✅   ✅ OK: auto_20260828_192233_Tiểu_Bộ_Kinh__Từ_Pháp_Cú_Đến_Trưởng_Lão_.mp4 (1.47MB)
[2026-08-28 19:23:09] 🔵 BUILD: Thiền Định 10 Phút Cho Người Không Có Thời Gian: Phương Pháp
[2026-08-28 19:23:09] ✅   Step 1: BG = bg_phat2.jpg
[2026-08-28 19:23:09] ✅   Step 2: TTS (vi-VN-NamMinhNeural)
[2026-08-28 19:23:35] ✅   Step 3: Audio EQ + Mix nhạc
[2026-08-28 19:23:35] ✅   Step 4: FFmpeg encode (26.5s)
[2026-08-28 19:23:43] ✅   ✅ OK: auto_20260828_192309_Thiền_Định_10_Phút_Cho_Người_Không_Có_Th.mp4 (1.35MB)
[2026-08-28 19:23:43] 🔵 BUILD: Mindfulness Trong Công Việc: 7 Kỹ Thuật Từ Nikaya Giúp Làm V
[2026-08-28 19:23:43] ✅   Step 1: BG = bg_phat3.jpg
[2026-08-28 19:23:43] ✅   Step 2: TTS (vi-VN-HoaiMyNeural)
[2026-08-28 19:24:19] ⚠️    TTS attempt 1 thất bại
[2026-08-28 19:24:48] ✅   Step 3: Audio EQ + Mix nhạc
[2026-08-28 19:24:48] ✅   Step 4: FFmpeg encode (26.2s)
[2026-08-28 19:24:57] ✅   ✅ OK: auto_20260828_192343_Mindfulness_Trong_Công_Việc__7_Kỹ_Thuật_.mp4 (1.01MB)
[2026-08-28 19:24:57] 🔵 BUILD: Phật Dạy Gì Về Quản Lý Thời Gian? Bài Học Từ Vô Thường Giúp 
[2026-08-28 19:24:57] ✅   Step 1: BG = bg_zen_evening.jpg
[2026-08-28 19:24:57] ✅   Step 2: TTS (vi-VN-NamMinhNeural)
[2026-08-28 19:25:16] ✅   Step 3: Audio EQ + Mix nhạc
[2026-08-28 19:25:16] ✅   Step 4: FFmpeg encode (25.8s)
[2026-08-28 19:25:25] ✅   ✅ OK: auto_20260828_192457_Phật_Dạy_Gì_Về_Quản_Lý_Thời_Gian__Bài_Họ.mp4 (1.89MB)
[2026-08-28 19:25:25] 🔵 BUILD: 8 Bước Giảm Stress Theo Chương Trình MBSR: Khi Y Học Hiện Đạ
[2026-08-28 19:25:25] ✅   Step 1: BG = bg_Zen1.jpg
[2026-08-28 19:25:26] ✅   Step 2: TTS (vi-VN-HoaiMyNeural)
[2026-08-28 19:25:48] ✅   Step 3: Audio EQ + Mix nhạc
[2026-08-28 19:25:49] ✅   Step 4: FFmpeg encode (27.3s)
[2026-08-28 19:25:56] ✅   ✅ OK: auto_20260828_192525_8_Bước_Giảm_Stress_Theo_Chương_Trình_MBS.mp4 (1.06MB)
[2026-08-28 19:25:56] 🔵 BUILD: Yoga Phật Giáo Và Thiền Đi Kinh Hành: Khi Cơ Thể Và Tâm Trí 
[2026-08-28 19:25:56] ✅   Step 1: BG = bg_animation_style.jpg
[2026-08-28 19:25:56] ✅   Step 2: TTS (vi-VN-NamMinhNeural)
[2026-08-28 19:26:26] ✅   Step 3: Audio EQ + Mix nhạc
[2026-08-28 19:26:26] ✅   Step 4: FFmpeg encode (26.3s)
[2026-08-28 19:26:35] ✅   ✅ OK: auto_20260828_192556_Yoga_Phật_Giáo_Và_Thiền_Đi_Kinh_Hành__Kh.mp4 (1.89MB)
[2026-08-28 19:26:35] 🔵 BUILD: Ăn Uống Như Người Tu Tập: Phương Pháp Chánh Niệm Khi Ăn Từ N
[2026-08-28 19:26:35] ✅   Step 1: BG = bg_healing_noon.jpg
[2026-08-28 19:26:35] ✅   Step 2: TTS (vi-VN-HoaiMyNeural)
[2026-08-28 19:26:58] ✅   Step 3: Audio EQ + Mix nhạc
[2026-08-28 19:26:59] ✅   Step 4: FFmpeg encode (26.1s)
[2026-08-28 19:27:07] ✅   ✅ OK: auto_20260828_192635_Ăn_Uống_Như_Người_Tu_Tập__Phương_Pháp_Ch.mp4 (1.87MB)
[2026-08-28 19:27:07] 🔵 BUILD: 4 Nguyên Tắc Giao Tiếp Phi Bạo Lực Theo Nikaya: Khi Nói Chuy
[2026-08-28 19:27:07] ✅   Step 1: BG = bg_morning_deepwork.jpg
[2026-08-28 19:27:07] ✅   Step 2: TTS (vi-VN-NamMinhNeural)
[2026-08-28 19:27:34] ✅   Step 3: Audio EQ + Mix nhạc
[2026-08-28 19:27:35] ✅   Step 4: FFmpeg encode (26.9s)
[2026-08-28 19:27:43] ✅   ✅ OK: auto_20260828_192707_4_Nguyên_Tắc_Giao_Tiếp_Phi_Bạo_Lực_Theo_.mp4 (1.40MB)
[2026-08-28 19:27:43] 🔵 BUILD: Lãnh Đạo Với Trái Tim Rộng Lượng: 7 Phẩm Chất Lãnh Đạo Theo 
[2026-08-28 19:27:43] ✅   Step 1: BG = bg_phat1.jpg
[2026-08-28 19:27:43] ✅   Step 2: TTS (vi-VN-HoaiMyNeural)
[2026-08-28 19:28:04] ✅   Step 3: Audio EQ + Mix nhạc
[2026-08-28 19:28:04] ✅   Step 4: FFmpeg encode (26.5s)
[2026-08-28 19:28:14] ✅   ✅ OK: auto_20260828_192743_Lãnh_Đạo_Với_Trái_Tim_Rộng_Lượng__7_Phẩm.mp4 (1.49MB)
[2026-08-28 19:28:14] 🔵 BUILD: Mối Liên Hệ Giữa Thiền Định Và Sáng Tạo: Tại Sao Nhiều Nhà S
[2026-08-28 19:28:14] ✅   Step 1: BG = bg_phat2.jpg
[2026-08-28 19:28:14] ✅   Step 2: TTS (vi-VN-NamMinhNeural)
[2026-08-28 19:28:40] ✅   Step 3: Audio EQ + Mix nhạc
[2026-08-28 19:28:40] ✅   Step 4: FFmpeg encode (28.4s)
[2026-08-28 19:28:51] ✅   ✅ OK: auto_20260828_192814_Mối_Liên_Hệ_Giữa_Thiền_Định_Và_Sáng_Tạo_.mp4 (1.38MB)
[2026-08-28 19:28:51] 🔵 BUILD: Học Như Người Tu Tập: Chánh Tinh Tấn Và 5 Nguyên Tắc Học Tập
[2026-08-28 19:28:51] ✅   Step 1: BG = bg_phat3.jpg
[2026-08-28 19:28:51] ✅   Step 2: TTS (vi-VN-HoaiMyNeural)
[2026-08-28 19:29:17] ✅   Step 3: Audio EQ + Mix nhạc
[2026-08-28 19:29:17] ✅   Step 4: FFmpeg encode (26.4s)
[2026-08-28 19:29:25] ✅   ✅ OK: auto_20260828_192851_Học_Như_Người_Tu_Tập__Chánh_Tinh_Tấn_Và_.mp4 (1.01MB)
[2026-08-28 19:29:25] 🔵 BUILD: Ngũ Uẩn (Pañcakkhandha): Phật Phân Tích Con Người Thành 5 Th
[2026-08-28 19:29:25] ✅   Step 1: BG = bg_zen_evening.jpg
[2026-08-28 19:29:25] ✅   Step 2: TTS (vi-VN-NamMinhNeural)
[2026-08-28 19:29:38] ✅   Step 3: Audio EQ + Mix nhạc
[2026-08-28 19:29:39] ✅   Step 4: FFmpeg encode (25.4s)
[2026-08-28 19:29:49] ✅   ✅ OK: auto_20260828_192925_Ngũ_Uẩn__Pañcakkhandha___Phật_Phân_Tích_.mp4 (1.87MB)
[2026-08-28 19:29:49] 🔵 BUILD: 12 Nhân Duyên (Paticca-samuppada): Vòng Tròn Sinh Tử Và Cách
[2026-08-28 19:29:49] ✅   Step 1: BG = bg_Zen1.jpg
[2026-08-28 19:29:49] ✅   Step 2: TTS (vi-VN-HoaiMyNeural)
[2026-08-28 19:30:11] ✅   Step 3: Audio EQ + Mix nhạc
[2026-08-28 19:30:11] ✅   Step 4: FFmpeg encode (26.3s)
[2026-08-28 19:30:19] ✅   ✅ OK: auto_20260828_192949_12_Nhân_Duyên__Paticca_samuppada___Vòng_.mp4 (1.04MB)
[2026-08-28 19:30:19] 🔵 BUILD: 7 Yếu Tố Giác Ngộ (Bojjhanga): Con Đường Phát Triển Tâm Linh
[2026-08-28 19:30:19] ✅   Step 1: BG = bg_animation_style.jpg
[2026-08-28 19:30:19] ✅   Step 2: TTS (vi-VN-NamMinhNeural)
[2026-08-28 19:30:54] ✅   Step 3: Audio EQ + Mix nhạc
[2026-08-28 19:30:54] ✅   Step 4: FFmpeg encode (25.3s)
[2026-08-28 19:31:04] ✅   ✅ OK: auto_20260828_193019_7_Yếu_Tố_Giác_Ngộ__Bojjhanga___Con_Đường.mp4 (1.89MB)
[2026-08-28 19:31:04] 🔵 BUILD: Tứ Niệm Xứ: Hướng Dẫn Thực Hành Đầy Đủ 4 Nền Tảng Chánh Niệm
[2026-08-28 19:31:04] ✅   Step 1: BG = bg_healing_noon.jpg
[2026-08-28 19:31:04] ✅   Step 2: TTS (vi-VN-HoaiMyNeural)
[2026-08-28 19:31:32] ✅   Step 3: Audio EQ + Mix nhạc
[2026-08-28 19:31:33] ✅   Step 4: FFmpeg encode (27.2s)
[2026-08-28 19:31:42] ✅   ✅ OK: auto_20260828_193104_Tứ_Niệm_Xứ__Hướng_Dẫn_Thực_Hành_Đầy_Đủ_4.mp4 (1.89MB)
[2026-08-28 19:31:42] 🔵 BUILD: 4 Nền Tảng Thành Công Theo Nikaya: Tứ Như Ý Túc Giúp Bạn Đạt
[2026-08-28 19:31:42] ✅   Step 1: BG = bg_morning_deepwork.jpg
[2026-08-28 19:31:43] ✅   Step 2: TTS (vi-VN-NamMinhNeural)
[2026-08-28 19:32:08] ✅   Step 3: Audio EQ + Mix nhạc
[2026-08-28 19:32:08] ✅   Step 4: FFmpeg encode (26.4s)
[2026-08-28 19:32:17] ✅   ✅ OK: auto_20260828_193142_4_Nền_Tảng_Thành_Công_Theo_Nikaya__Tứ_Nh.mp4 (1.39MB)
[2026-08-28 19:32:17] 🔵 BUILD: 5 Năng Lực Tâm Linh (Pañcindriya): Cách Phát Triển Tín Tấn N
[2026-08-28 19:32:17] ✅   Step 1: BG = bg_phat1.jpg
[2026-08-28 19:32:17] ✅   Step 2: TTS (vi-VN-HoaiMyNeural)
[2026-08-28 19:32:25] ✅   Step 3: Audio EQ + Mix nhạc
[2026-08-28 19:32:26] ✅   Step 4: FFmpeg encode (26.7s)
[2026-08-28 19:32:38] ✅   ✅ OK: auto_20260828_193217_5_Năng_Lực_Tâm_Linh__Pañcindriya___Cách_.mp4 (1.49MB)
[2026-08-28 19:32:38] 🔵 BUILD: 5 Sức Mạnh Tâm Linh (Pañcabala): Khi Năng Lực Tu Tập Trở Thà
[2026-08-28 19:32:38] ✅   Step 1: BG = bg_phat2.jpg
[2026-08-28 19:32:38] ✅   Step 2: TTS (vi-VN-NamMinhNeural)
[2026-08-28 19:32:54] ✅   Step 3: Audio EQ + Mix nhạc
[2026-08-28 19:32:54] ✅   Step 4: FFmpeg encode (24.0s)
[2026-08-28 19:33:03] ✅   ✅ OK: auto_20260828_193238_5_Sức_Mạnh_Tâm_Linh__Pañcabala___Khi_Năn.mp4 (1.31MB)
[2026-08-28 19:33:03] 🔵 BUILD: 7 Loại Của Cải Thật Sự Theo Phật Dạy: Những Gì Không Ai Có T
[2026-08-28 19:33:03] ✅   Step 1: BG = bg_phat3.jpg
[2026-08-28 19:33:03] ✅   Step 2: TTS (vi-VN-HoaiMyNeural)
[2026-08-28 19:33:34] ✅   Step 3: Audio EQ + Mix nhạc
[2026-08-28 19:33:35] ✅   Step 4: FFmpeg encode (26.9s)
[2026-08-28 19:33:43] ✅   ✅ OK: auto_20260828_193303_7_Loại_Của_Cải_Thật_Sự_Theo_Phật_Dạy__Nh.mp4 (1.02MB)
[2026-08-28 19:33:43] 🔵 BUILD: Thiền Tứ Vô Lượng Tâm: Hướng Dẫn Thực Hành Từ Bi Hỷ Xả 4 Tuầ
[2026-08-28 19:33:43] ✅   Step 1: BG = bg_zen_evening.jpg
[2026-08-28 19:33:43] ✅   Step 2: TTS (vi-VN-NamMinhNeural)
[2026-08-28 19:34:02] ✅   Step 3: Audio EQ + Mix nhạc
[2026-08-28 19:34:02] ✅   Step 4: FFmpeg encode (25.5s)
[2026-08-28 19:34:11] ✅   ✅ OK: auto_20260828_193343_Thiền_Tứ_Vô_Lượng_Tâm__Hướng_Dẫn_Thực_Hà.mp4 (1.88MB)
[2026-08-28 19:34:11] 🔵 BUILD: Thiền Mettā Bhāvanā: Khoa Học Đằng Sau Thực Hành Tâm Từ Và C
[2026-08-28 19:34:11] ✅   Step 1: BG = bg_Zen1.jpg
[2026-08-28 19:34:11] ✅   Step 2: TTS (vi-VN-HoaiMyNeural)
[2026-08-28 19:34:30] ✅   Step 3: Audio EQ + Mix nhạc
[2026-08-28 19:34:30] ✅   Step 4: FFmpeg encode (28.3s)
[2026-08-28 19:34:40] ✅   ✅ OK: auto_20260828_193411_Thiền_Mettā_Bhāvanā__Khoa_Học_Đằng_Sau_T.mp4 (1.08MB)
[2026-08-28 19:34:40] 🔵 BUILD: Câu Chuyện Kisagotami: Bài Học Về Vô Thường Và Cách Vượt Qua
[2026-08-28 19:34:40] ✅   Step 1: BG = bg_animation_style.jpg
[2026-08-28 19:34:40] ✅   Step 2: TTS (vi-VN-NamMinhNeural)
[2026-08-28 19:35:01] ✅   Step 3: Audio EQ + Mix nhạc
[2026-08-28 19:35:01] ✅   Step 4: FFmpeg encode (26.2s)
[2026-08-28 19:35:10] ✅   ✅ OK: auto_20260828_193440_Câu_Chuyện_Kisagotami__Bài_Học_Về_Vô_Thư.mp4 (1.89MB)
[2026-08-28 19:35:10] 🔵 BUILD: Angulimala - Kẻ Sát Nhân Trở Thành Thánh Nhân: Bài Học Về Sứ
[2026-08-28 19:35:10] ✅   Step 1: BG = bg_healing_noon.jpg
[2026-08-28 19:35:10] ✅   Step 2: TTS (vi-VN-HoaiMyNeural)
[2026-08-28 19:35:33] ✅   Step 3: Audio EQ + Mix nhạc
[2026-08-28 19:35:34] ✅   Step 4: FFmpeg encode (29.2s)
[2026-08-28 19:35:45] ✅   ✅ OK: auto_20260828_193510_Angulimala___Kẻ_Sát_Nhân_Trở_Thành_Thánh.mp4 (1.92MB)
[2026-08-28 19:35:45] 🔵 BUILD: Ambapali - Kỹ Nữ Trở Thành A La Hán: Bài Học Vô Thường Từ Ng
[2026-08-28 19:35:45] ✅   Step 1: BG = bg_morning_deepwork.jpg
[2026-08-28 19:35:45] ✅   Step 2: TTS (vi-VN-NamMinhNeural)
[2026-08-28 19:36:09] ✅   Step 3: Audio EQ + Mix nhạc
[2026-08-28 19:36:10] ✅   Step 4: FFmpeg encode (27.3s)
[2026-08-28 19:36:18] ✅   ✅ OK: auto_20260828_193545_Ambapali___Kỹ_Nữ_Trở_Thành_A_La_Hán__Bài.mp4 (1.41MB)
[2026-08-28 19:36:18] 🔵 BUILD: Trưởng Lão Nandaka Dạy Nữ Tu: Bài Học Về Sư Phạm Tâm Linh Và
[2026-08-28 19:36:18] ✅   Step 1: BG = bg_phat1.jpg
[2026-08-28 19:36:18] ✅   Step 2: TTS (vi-VN-HoaiMyNeural)
[2026-08-28 19:36:37] ✅   Step 3: Audio EQ + Mix nhạc
[2026-08-28 19:36:38] ✅   Step 4: FFmpeg encode (26.8s)
[2026-08-28 19:36:46] ✅   ✅ OK: auto_20260828_193618_Trưởng_Lão_Nandaka_Dạy_Nữ_Tu__Bài_Học_Về.mp4 (1.50MB)
[2026-08-28 19:36:46] 🔵 BUILD: Bahiya - Người Giác Ngộ Nhanh Nhất Trong Lịch Sử Phật Giáo: 
[2026-08-28 19:36:46] ✅   Step 1: BG = bg_phat2.jpg
[2026-08-28 19:36:46] ✅   Step 2: TTS (vi-VN-NamMinhNeural)
[2026-08-28 19:37:08] ✅   Step 3: Audio EQ + Mix nhạc
[2026-08-28 19:37:08] ✅   Step 4: FFmpeg encode (27.2s)
[2026-08-28 19:37:16] ✅   ✅ OK: auto_20260828_193646_Bahiya___Người_Giác_Ngộ_Nhanh_Nhất_Trong.mp4 (1.37MB)
[2026-08-28 19:37:16] 🔵 BUILD: Ratthapala - Chàng Trai Giàu Từ Bỏ Tất Cả: Đối Thoại Sâu Sắc
[2026-08-28 19:37:16] ✅   Step 1: BG = bg_phat3.jpg
[2026-08-28 19:37:16] ✅   Step 2: TTS (vi-VN-HoaiMyNeural)
[2026-08-28 19:37:42] ✅   Step 3: Audio EQ + Mix nhạc
[2026-08-28 19:37:43] ✅   Step 4: FFmpeg encode (26.7s)
[2026-08-28 19:37:50] ✅   ✅ OK: auto_20260828_193716_Ratthapala___Chàng_Trai_Giàu_Từ_Bỏ_Tất_C.mp4 (1.02MB)
[2026-08-28 19:37:50] 🔵 BUILD: Dhaniya Và Phật - Đối Thoại Giữa Hai Lối Sống: Bài Học Về Tự
[2026-08-28 19:37:50] ✅   Step 1: BG = bg_zen_evening.jpg
[2026-08-28 19:37:50] ✅   Step 2: TTS (vi-VN-NamMinhNeural)
[2026-08-28 19:38:16] ✅   Step 3: Audio EQ + Mix nhạc
[2026-08-28 19:38:16] ✅   Step 4: FFmpeg encode (25.8s)
[2026-08-28 19:38:25] ✅   ✅ OK: auto_20260828_193750_Dhaniya_Và_Phật___Đối_Thoại_Giữa_Hai_Lối.mp4 (1.89MB)
[2026-08-28 19:38:25] 🔵 BUILD: Malunkyaputta Và Những Câu Hỏi Siêu Hình: Tại Sao Phật Từ Ch
[2026-08-28 19:38:25] ✅   Step 1: BG = bg_Zen1.jpg
[2026-08-28 19:38:25] ✅   Step 2: TTS (vi-VN-HoaiMyNeural)
[2026-08-28 19:38:49] ✅   Step 3: Audio EQ + Mix nhạc
[2026-08-28 19:38:49] ✅   Step 4: FFmpeg encode (26.7s)
[2026-08-28 19:38:57] ✅   ✅ OK: auto_20260828_193825_Malunkyaputta_Và_Những_Câu_Hỏi_Siêu_Hình.mp4 (1.05MB)
[2026-08-28 19:38:57] 🔵 BUILD: Sona Và Bài Học Dây Đàn: Triết Lý Trung Đạo Qua Câu Chuyện N
[2026-08-28 19:38:57] ✅   Step 1: BG = bg_animation_style.jpg
[2026-08-28 19:38:57] ✅   Step 2: TTS (vi-VN-NamMinhNeural)
[2026-08-28 19:39:28] ✅   Step 3: Audio EQ + Mix nhạc
[2026-08-28 19:39:29] ✅   Step 4: FFmpeg encode (25.9s)
[2026-08-28 19:39:38] ✅   ✅ OK: auto_20260828_193857_Sona_Và_Bài_Học_Dây_Đàn__Triết_Lý_Trung_.mp4 (1.91MB)
[2026-09-02 14:56:35] 🔵 BUILD: Ambapali - Kỹ Nữ Trở Thành A La Hán: Bài Học Vô Thường Từ Ng
[2026-09-02 14:56:35] ✅   Step 1: BG = bg_Zen1.jpg
[2026-09-02 14:56:35] ✅   Step 2: TTS (vi-VN-HoaiMyNeural)
[2026-09-02 14:56:55] ✅   Step 3: Audio EQ + Mix nhạc
[2026-09-02 14:56:55] ✅   Step 4: FFmpeg encode (25.9s)
[2026-09-02 14:57:03] ✅   ✅ OK: auto_20260902_145635_Ambapali___Kỹ_Nữ_Trở_Thành_A_La_Hán__Bài.mp4 (1.03MB)
[2026-09-02 14:57:03] 🔵 BUILD: Trưởng Lão Nandaka Dạy Nữ Tu: Bài Học Về Sư Phạm Tâm Linh Và
[2026-09-02 14:57:03] ✅   Step 1: BG = bg_animation_style.jpg
[2026-09-02 14:57:03] ✅   Step 2: TTS (vi-VN-NamMinhNeural)
[2026-09-02 14:57:29] ✅   Step 3: Audio EQ + Mix nhạc
[2026-09-02 14:57:29] ✅   Step 4: FFmpeg encode (25.0s)
[2026-09-02 14:57:37] ✅   ✅ OK: auto_20260902_145703_Trưởng_Lão_Nandaka_Dạy_Nữ_Tu__Bài_Học_Về.mp4 (1.88MB)
[2026-09-02 14:57:37] 🔵 BUILD: Bahiya - Người Giác Ngộ Nhanh Nhất Trong Lịch Sử Phật Giáo: 
[2026-09-02 14:57:37] ✅   Step 1: BG = bg_healing_noon.jpg
[2026-09-02 14:57:37] ✅   Step 2: TTS (vi-VN-HoaiMyNeural)
[2026-09-02 14:57:53] ✅   Step 3: Audio EQ + Mix nhạc
[2026-09-02 14:57:54] ✅   Step 4: FFmpeg encode (26.5s)
[2026-09-02 14:58:01] ✅   ✅ OK: auto_20260902_145737_Bahiya___Người_Giác_Ngộ_Nhanh_Nhất_Trong.mp4 (1.89MB)
[2026-09-02 14:58:01] 🔵 BUILD: Ratthapala - Chàng Trai Giàu Từ Bỏ Tất Cả: Đối Thoại Sâu Sắc
[2026-09-02 14:58:01] ✅   Step 1: BG = bg_morning_deepwork.jpg
[2026-09-02 14:58:02] ✅   Step 2: TTS (vi-VN-NamMinhNeural)
[2026-09-02 14:58:22] ✅   Step 3: Audio EQ + Mix nhạc
[2026-09-02 14:58:23] ✅   Step 4: FFmpeg encode (24.5s)
[2026-09-02 14:58:31] ✅   ✅ OK: auto_20260902_145801_Ratthapala___Chàng_Trai_Giàu_Từ_Bỏ_Tất_C.mp4 (1.37MB)
[2026-09-02 14:58:31] 🔵 BUILD: Dhaniya Và Phật - Đối Thoại Giữa Hai Lối Sống: Bài Học Về Tự
[2026-09-02 14:58:31] ✅   Step 1: BG = bg_phat1.jpg
[2026-09-02 14:58:31] ✅   Step 2: TTS (vi-VN-HoaiMyNeural)
[2026-09-02 14:58:47] ✅   Step 3: Audio EQ + Mix nhạc
[2026-09-02 14:58:48] ✅   Step 4: FFmpeg encode (24.5s)
[2026-09-02 14:58:55] ✅   ✅ OK: auto_20260902_145831_Dhaniya_Và_Phật___Đối_Thoại_Giữa_Hai_Lối.mp4 (1.47MB)
[2026-09-02 14:58:55] 🔵 BUILD: Malunkyaputta Và Những Câu Hỏi Siêu Hình: Tại Sao Phật Từ Ch
[2026-09-02 14:58:55] ✅   Step 1: BG = bg_phat2.jpg
[2026-09-02 14:58:55] ✅   Step 2: TTS (vi-VN-NamMinhNeural)
[2026-09-02 14:59:21] ✅   Step 3: Audio EQ + Mix nhạc
[2026-09-02 14:59:21] ✅   Step 4: FFmpeg encode (23.9s)
[2026-09-02 14:59:28] ✅   ✅ OK: auto_20260902_145855_Malunkyaputta_Và_Những_Câu_Hỏi_Siêu_Hình.mp4 (1.31MB)
[2026-09-02 14:59:28] 🔵 BUILD: Sona Và Bài Học Dây Đàn: Triết Lý Trung Đạo Qua Câu Chuyện N
[2026-09-02 14:59:28] ✅   Step 1: BG = bg_phat3.jpg
[2026-09-02 14:59:28] ✅   Step 2: TTS (vi-VN-HoaiMyNeural)
[2026-09-02 14:59:53] ✅   Step 3: Audio EQ + Mix nhạc
[2026-09-02 14:59:53] ✅   Step 4: FFmpeg encode (24.9s)
[2026-09-02 15:00:00] ✅   ✅ OK: auto_20260902_145928_Sona_Và_Bài_Học_Dây_Đàn__Triết_Lý_Trung_.mp4 (0.99MB)
[2026-09-02 15:00:00] 🔵 BUILD: 80 Tuổi Phật Tổng Kết Cuộc Đời: Bài Kệ Về Thân Già Và Trí Tu
[2026-09-02 15:00:00] ✅   Step 1: BG = bg_zen_evening.jpg
[2026-09-02 15:00:00] ✅   Step 2: TTS (vi-VN-NamMinhNeural)
[2026-09-02 15:00:28] ✅   Step 3: Audio EQ + Mix nhạc
[2026-09-02 15:00:28] ✅   Step 4: FFmpeg encode (23.5s)
[2026-09-02 15:00:35] ✅   ✅ OK: auto_20260902_150000_80_Tuổi_Phật_Tổng_Kết_Cuộc_Đời__Bài_Kệ_V.mp4 (1.85MB)
[2026-09-02 15:00:35] 🔵 BUILD: Những Giờ Cuối Cùng Của Đức Phật: Kinh Mahaparinibbana Và Nh
[2026-09-02 15:00:35] ✅   Step 1: BG = bg_Zen1.jpg
[2026-09-02 15:00:35] ✅   Step 2: TTS (vi-VN-HoaiMyNeural)
[2026-09-02 15:01:01] ✅   Step 3: Audio EQ + Mix nhạc
[2026-09-02 15:01:01] ✅   Step 4: FFmpeg encode (25.0s)
[2026-09-02 15:01:08] ✅   ✅ OK: auto_20260902_150035_Những_Giờ_Cuối_Cùng_Của_Đức_Phật__Kinh_M.mp4 (1.03MB)
[2026-09-02 15:01:08] 🔵 BUILD: Khi Khoa Học Gặp Phật Pháp: 10 Điều Phật Dạy 2600 Năm Trước 
[2026-09-02 15:01:08] ✅   Step 1: BG = bg_animation_style.jpg
[2026-09-02 15:01:08] ✅   Step 2: TTS (vi-VN-NamMinhNeural)
[2026-09-02 15:01:26] ✅   Step 3: Audio EQ + Mix nhạc
[2026-09-02 15:01:27] ✅   Step 4: FFmpeg encode (25.6s)
[2026-09-02 15:01:35] ✅   ✅ OK: auto_20260902_150108_Khi_Khoa_Học_Gặp_Phật_Pháp__10_Điều_Phật.mp4 (1.88MB)
[2026-09-02 15:01:35] 🔵 BUILD: Theravada vs Mahayana: Sự Khác Biệt Và Điểm Chung Của Hai Tr
[2026-09-02 15:01:35] ✅   Step 1: BG = bg_healing_noon.jpg
[2026-09-02 15:01:35] ✅   Step 2: TTS (vi-VN-HoaiMyNeural)
[2026-09-02 15:02:06] ✅   Step 3: Audio EQ + Mix nhạc
[2026-09-02 15:02:06] ✅   Step 4: FFmpeg encode (24.9s)
[2026-09-02 15:02:14] ✅   ✅ OK: auto_20260902_150135_Theravada_vs_Mahayana__Sự_Khác_Biệt_Và_Đ.mp4 (1.87MB)
[2026-09-02 15:02:14] 🔵 BUILD: Lịch Sử 2600 Năm Thiền Định: Từ Bodh Gaya Đến Phong Trào Min
[2026-09-02 15:02:14] ✅   Step 1: BG = bg_morning_deepwork.jpg
[2026-09-02 15:02:14] ✅   Step 2: TTS (vi-VN-NamMinhNeural)
[2026-09-02 15:02:42] ✅   Step 3: Audio EQ + Mix nhạc
[2026-09-02 15:02:42] ✅   Step 4: FFmpeg encode (25.4s)
[2026-09-02 15:02:50] ✅   ✅ OK: auto_20260902_150214_Lịch_Sử_2600_Năm_Thiền_Định__Từ_Bodh_Gay.mp4 (1.38MB)
[2026-09-02 15:02:50] 🔵 BUILD: Phật Giáo Và Biến Đổi Khí Hậu: Triết Lý Tôn Trọng Thiên Nhiê
[2026-09-02 15:02:50] ✅   Step 1: BG = bg_phat1.jpg
[2026-09-02 15:02:50] ✅   Step 2: TTS (vi-VN-HoaiMyNeural)
[2026-09-02 15:03:10] ✅   Step 3: Audio EQ + Mix nhạc
[2026-09-02 15:03:11] ✅   Step 4: FFmpeg encode (25.0s)
[2026-09-02 15:03:18] ✅   ✅ OK: auto_20260902_150250_Phật_Giáo_Và_Biến_Đổi_Khí_Hậu__Triết_Lý_.mp4 (1.47MB)
[2026-09-02 15:03:18] 🔵 BUILD: Tỳ Khưu Ni Và Bình Đẳng Giới Trong Phật Giáo Nguyên Thủy: Sự
[2026-09-02 15:03:18] ✅   Step 1: BG = bg_phat2.jpg
[2026-09-02 15:03:18] ✅   Step 2: TTS (vi-VN-NamMinhNeural)
[2026-09-02 15:03:54] ⚠️    TTS attempt 1 thất bại
[2026-09-02 15:04:19] ✅   Step 3: Audio EQ + Mix nhạc
[2026-09-02 15:04:20] ✅   Step 4: FFmpeg encode (24.1s)
[2026-09-02 15:04:27] ✅   ✅ OK: auto_20260902_150318_Tỳ_Khưu_Ni_Và_Bình_Đẳng_Giới_Trong_Phật_.mp4 (1.32MB)
[2026-09-02 15:04:27] 🔵 BUILD: Từ Nikaya Đến Cuộc Sống Hiện Đại: Tổng Kết Hành Trình Khám P
[2026-09-02 15:04:27] ✅   Step 1: BG = bg_phat3.jpg
[2026-09-02 15:04:27] ✅   Step 2: TTS (vi-VN-HoaiMyNeural)
[2026-09-02 15:05:03] ⚠️    TTS attempt 1 thất bại
[2026-09-02 15:05:21] ✅   Step 3: Audio EQ + Mix nhạc
[2026-09-02 15:05:22] ✅   Step 4: FFmpeg encode (24.6s)
[2026-09-02 15:05:28] ✅   ✅ OK: auto_20260902_150427_Từ_Nikaya_Đến_Cuộc_Sống_Hiện_Đại__Tổng_K.mp4 (0.99MB)
[2026-09-02 15:05:28] 🔵 BUILD: Hướng Dẫn Toàn Diện Cho Người Mới: Bắt Đầu Tu Tập Phật Pháp 
[2026-09-02 15:05:28] ✅   Step 1: BG = bg_zen_evening.jpg
[2026-09-02 15:05:28] ✅   Step 2: TTS (vi-VN-NamMinhNeural)
[2026-09-02 15:05:52] ✅   Step 3: Audio EQ + Mix nhạc
[2026-09-02 15:05:53] ✅   Step 4: FFmpeg encode (22.9s)
[2026-09-02 15:06:00] ✅   ✅ OK: auto_20260902_150528_Hướng_Dẫn_Toàn_Diện_Cho_Người_Mới__Bắt_Đ.mp4 (1.63MB)
[2026-09-02 15:06:00] 🔵 BUILD: Kho Tài Nguyên Học Phật Pháp: Sách, App, Podcast, Website Uy
[2026-09-02 15:06:00] ✅   Step 1: BG = bg_Zen1.jpg
[2026-09-02 15:06:00] ✅   Step 2: TTS (vi-VN-HoaiMyNeural)
[2026-09-02 15:06:21] ✅   Step 3: Audio EQ + Mix nhạc
[2026-09-02 15:06:22] ✅   Step 4: FFmpeg encode (24.5s)
[2026-09-02 15:06:29] ✅   ✅ OK: auto_20260902_150600_Kho_Tài_Nguyên_Học_Phật_Pháp__Sách__App_.mp4 (1.02MB)
[2026-09-02 15:06:29] 🔵 BUILD: Các Thiện Pháp Căn Bản Cần Học Trước Khi Tu Thiền: Nền Tảng 
[2026-09-02 15:06:29] ✅   Step 1: BG = bg_animation_style.jpg
[2026-09-02 15:06:29] ✅   Step 2: TTS (vi-VN-NamMinhNeural)
[2026-09-02 15:06:53] ✅   Step 3: Audio EQ + Mix nhạc
[2026-09-02 15:06:54] ✅   Step 4: FFmpeg encode (19.5s)
[2026-09-02 15:07:02] ✅   ✅ OK: auto_20260902_150629_Các_Thiện_Pháp_Căn_Bản_Cần_Học_Trước_Khi.mp4 (1.41MB)
[2026-09-02 15:07:02] 🔵 BUILD: Những Bất Thiện Pháp Phật Liệt Kê Trong Nikaya: Nhận Diện Để
[2026-09-02 15:07:02] ✅   Step 1: BG = bg_healing_noon.jpg
[2026-09-02 15:07:02] ✅   Step 2: TTS (vi-VN-HoaiMyNeural)
[2026-09-02 15:07:22] ✅   Step 3: Audio EQ + Mix nhạc
[2026-09-02 15:07:23] ✅   Step 4: FFmpeg encode (19.1s)
[2026-09-02 15:07:31] ✅   ✅ OK: auto_20260902_150702_Những_Bất_Thiện_Pháp_Phật_Liệt_Kê_Trong_.mp4 (1.40MB)
[2026-09-02 15:07:31] 🔵 BUILD: Ý Chí Giác Ngộ Trong Phật Giáo Nguyên Thủy: Từ Cá Nhân Đến L
[2026-09-02 15:07:31] ✅   Step 1: BG = bg_morning_deepwork.jpg
[2026-09-02 15:07:31] ✅   Step 2: TTS (vi-VN-NamMinhNeural)
[2026-09-02 15:07:51] ✅   Step 3: Audio EQ + Mix nhạc
[2026-09-02 15:07:51] ✅   Step 4: FFmpeg encode (19.2s)
[2026-09-02 15:07:59] ✅   ✅ OK: auto_20260902_150731_Ý_Chí_Giác_Ngộ_Trong_Phật_Giáo_Nguyên_Th.mp4 (1.04MB)
[2026-09-02 15:07:59] 🔵 BUILD: Bài Kinh Đầu Tiên Phật Thuyết: Dhammacakkappavattana Sutta V
[2026-09-02 15:07:59] ✅   Step 1: BG = bg_phat1.jpg
[2026-09-02 15:07:59] ✅   Step 2: TTS (vi-VN-HoaiMyNeural)
[2026-09-02 15:08:19] ✅   Step 3: Audio EQ + Mix nhạc
[2026-09-02 15:08:19] ✅   Step 4: FFmpeg encode (19.1s)
[2026-09-02 15:08:25] ✅   ✅ OK: auto_20260902_150759_Bài_Kinh_Đầu_Tiên_Phật_Thuyết__Dhammacak.mp4 (1.10MB)
[2026-09-02 15:08:25] 🔵 BUILD: Anattalakkhana Sutta: Bài Kinh Thứ Hai Phật Thuyết Về Vô Ngã
[2026-09-02 15:08:25] ✅   Step 1: BG = bg_phat2.jpg
[2026-09-02 15:08:25] ✅   Step 2: TTS (vi-VN-NamMinhNeural)
[2026-09-02 15:08:42] ✅   Step 3: Audio EQ + Mix nhạc
[2026-09-02 15:08:42] ✅   Step 4: FFmpeg encode (18.8s)
[2026-09-02 15:08:47] ✅   ✅ OK: auto_20260902_150825_Anattalakkhana_Sutta__Bài_Kinh_Thứ_Hai_P.mp4 (1.00MB)
[2026-09-02 15:08:47] 🔵 BUILD: Aditta-pariyaya Sutta: Bài Kinh Đốt Lửa Nổi Tiếng Nhất Và 10
[2026-09-02 15:08:47] ✅   Step 1: BG = bg_phat3.jpg
[2026-09-02 15:08:47] ✅   Step 2: TTS (vi-VN-HoaiMyNeural)
[2026-09-02 15:09:02] ✅   Step 3: Audio EQ + Mix nhạc
[2026-09-02 15:09:03] ✅   Step 4: FFmpeg encode (20.0s)
[2026-09-02 15:09:08] ✅   ✅ OK: auto_20260902_150847_Aditta_pariyaya_Sutta__Bài_Kinh_Đốt_Lửa_.mp4 (0.76MB)
[2026-09-02 15:09:08] 🔵 BUILD: Ngủ Như Người Tu Tập: Phật Dạy Về Giấc Ngủ Chánh Niệm Và Tư 
[2026-09-02 15:09:08] ✅   Step 1: BG = bg_zen_evening.jpg
[2026-09-02 15:09:08] ✅   Step 2: TTS (vi-VN-NamMinhNeural)
[2026-09-02 15:09:34] ✅   Step 3: Audio EQ + Mix nhạc
[2026-09-02 15:09:34] ✅   Step 4: FFmpeg encode (19.1s)
[2026-09-02 15:09:40] ✅   ✅ OK: auto_20260902_150908_Ngủ_Như_Người_Tu_Tập__Phật_Dạy_Về_Giấc_N.mp4 (1.41MB)
[2026-09-02 15:09:40] 🔵 BUILD: Chánh Niệm Khi Ăn Từ Kinh Nikaya: Biết Vừa Đủ (Bhojanemattan
[2026-09-02 15:09:40] ✅   Step 1: BG = bg_Zen1.jpg
[2026-09-02 15:09:40] ✅   Step 2: TTS (vi-VN-HoaiMyNeural)
[2026-09-02 15:09:59] ✅   Step 3: Audio EQ + Mix nhạc
[2026-09-02 15:09:59] ✅   Step 4: FFmpeg encode (19.7s)
[2026-09-02 15:10:06] ✅   ✅ OK: auto_20260902_150940_Chánh_Niệm_Khi_Ăn_Từ_Kinh_Nikaya__Biết_V.mp4 (0.77MB)
[2026-09-02 15:10:06] 🔵 BUILD: Thiền Kinh Hành (Caṅkama): Phương Pháp Thiền Đi Từng Bước Tr
[2026-09-02 15:10:06] ✅   Step 1: BG = bg_animation_style.jpg
[2026-09-02 15:10:06] ✅   Step 2: TTS (vi-VN-NamMinhNeural)
[2026-09-02 15:10:31] ✅   Step 3: Audio EQ + Mix nhạc
[2026-09-02 15:10:32] ✅   Step 4: FFmpeg encode (19.1s)
[2026-09-02 15:10:38] ✅   ✅ OK: auto_20260902_151006_Thiền_Kinh_Hành__Caṅkama___Phương_Pháp_T.mp4 (1.40MB)
[2026-09-02 15:10:38] 🔵 BUILD: Sự Khác Nhau Giữa Học Pháp Và Hành Pháp: Tại Sao Chỉ Đọc Kin
[2026-09-02 15:10:38] ✅   Step 1: BG = bg_healing_noon.jpg
[2026-09-02 15:10:38] ✅   Step 2: TTS (vi-VN-HoaiMyNeural)
[2026-09-02 15:10:52] ✅   Step 3: Audio EQ + Mix nhạc
[2026-09-02 15:10:53] ✅   Step 4: FFmpeg encode (19.3s)
[2026-09-02 15:10:59] ✅   ✅ OK: auto_20260902_151038_Sự_Khác_Nhau_Giữa_Học_Pháp_Và_Hành_Pháp_.mp4 (1.40MB)
[2026-09-02 15:10:59] 🔵 BUILD: Tìm Và Duy Trì Bạn Đạo Lành: Xây Dựng Cộng Đồng Tu Tập Tích 
[2026-09-02 15:10:59] ✅   Step 1: BG = bg_morning_deepwork.jpg
[2026-09-02 15:10:59] ✅   Step 2: TTS (vi-VN-NamMinhNeural)
[2026-09-02 15:11:16] ✅   Step 3: Audio EQ + Mix nhạc
[2026-09-02 15:11:16] ✅   Step 4: FFmpeg encode (19.8s)
[2026-09-02 15:11:23] ✅   ✅ OK: auto_20260902_151059_Tìm_Và_Duy_Trì_Bạn_Đạo_Lành__Xây_Dựng_Cộ.mp4 (1.04MB)
[2026-09-02 15:11:23] 🔵 BUILD: Phật Dạy Cách Đối Diện Với Bệnh Tật: Bài Học Từ Những Lần Ph
[2026-09-02 15:11:23] ✅   Step 1: BG = bg_phat1.jpg
[2026-09-02 15:11:23] ✅   Step 2: TTS (vi-VN-HoaiMyNeural)
[2026-09-02 15:11:35] ✅   Step 3: Audio EQ + Mix nhạc
[2026-09-02 15:11:36] ✅   Step 4: FFmpeg encode (19.4s)
[2026-09-02 15:11:42] ✅   ✅ OK: auto_20260902_151123_Phật_Dạy_Cách_Đối_Diện_Với_Bệnh_Tật__Bài.mp4 (1.10MB)
[2026-09-02 15:11:42] 🔵 BUILD: Sẵn Sàng Cho Tuổi Già Và Cái Chết: Triết Lý Nikaya Giúp Đối 
[2026-09-02 15:11:42] ✅   Step 1: BG = bg_phat2.jpg
[2026-09-02 15:11:42] ✅   Step 2: TTS (vi-VN-NamMinhNeural)
[2026-09-02 15:12:02] ✅   Step 3: Audio EQ + Mix nhạc
[2026-09-02 15:12:02] ✅   Step 4: FFmpeg encode (19.3s)
[2026-09-02 15:12:09] ✅   ✅ OK: auto_20260902_151142_Sẵn_Sàng_Cho_Tuổi_Già_Và_Cái_Chết__Triết.mp4 (1.02MB)
[2026-09-02 15:12:09] 🔵 BUILD: Dạy Trẻ Triết Lý Phật Giáo Đúng Tuổi: Từ Khái Niệm Đơn Giản 
[2026-09-02 15:12:09] ✅   Step 1: BG = bg_phat3.jpg
[2026-09-02 15:12:09] ✅   Step 2: TTS (vi-VN-HoaiMyNeural)
[2026-09-02 15:12:26] ✅   Step 3: Audio EQ + Mix nhạc
[2026-09-02 15:12:26] ✅   Step 4: FFmpeg encode (19.2s)
[2026-09-02 15:12:32] ✅   ✅ OK: auto_20260902_151209_Dạy_Trẻ_Triết_Lý_Phật_Giáo_Đúng_Tuổi__Từ.mp4 (0.75MB)
[2026-09-02 15:12:32] 🔵 BUILD: Triết Lý Nikaya Giúp Học Sinh Sinh Viên Học Tốt Hơn: Từ Chán
[2026-09-02 15:12:32] ✅   Step 1: BG = bg_zen_evening.jpg
[2026-09-02 15:12:33] ✅   Step 2: TTS (vi-VN-NamMinhNeural)
[2026-09-02 15:12:46] ✅   Step 3: Audio EQ + Mix nhạc
[2026-09-02 15:12:46] ✅   Step 4: FFmpeg encode (20.3s)
[2026-09-02 15:13:02] ✅   ✅ OK: auto_20260902_151232_Triết_Lý_Nikaya_Giúp_Học_Sinh_Sinh_Viên_.mp4 (1.42MB)
[2026-09-02 15:13:02] 🔵 BUILD: Sáng Tạo Nghệ Thuật Trong Trạng Thái Thiền Định: Khi Phật Ph
[2026-09-02 15:13:02] ✅   Step 1: BG = bg_Zen1.jpg
[2026-09-02 15:13:02] ✅   Step 2: TTS (vi-VN-HoaiMyNeural)
[2026-09-02 15:13:21] ✅   Step 3: Audio EQ + Mix nhạc
[2026-09-02 15:13:25] ✅   Step 4: FFmpeg encode (19.3s)
[2026-09-02 15:13:51] ✅   ✅ OK: auto_20260902_151302_Sáng_Tạo_Nghệ_Thuật_Trong_Trạng_Thái_Thi.mp4 (0.78MB)
[2026-09-02 15:13:51] 🔵 BUILD: Einstein Đến Dalai Lama: Khi Các Nhà Khoa Học Lớn Tìm Thấy C
[2026-09-02 15:13:51] ✅   Step 1: BG = bg_animation_style.jpg
[2026-09-02 15:13:51] ✅   Step 2: TTS (vi-VN-NamMinhNeural)
[2026-09-02 15:14:03] ✅   Step 3: Audio EQ + Mix nhạc
[2026-09-02 15:14:04] ✅   Step 4: FFmpeg encode (19.3s)
[2026-09-02 15:14:20] ✅   ✅ OK: auto_20260902_151351_Einstein_Đến_Dalai_Lama__Khi_Các_Nhà_Kho.mp4 (1.40MB)
[2026-09-02 15:14:20] 🔵 BUILD: Phật Giáo Việt Nam: Từ Thời Đinh Lê Đến Hôm Nay - Bản Sắc Ri
[2026-09-02 15:14:20] ✅   Step 1: BG = bg_healing_noon.jpg
[2026-09-02 15:14:20] ✅   Step 2: TTS (vi-VN-HoaiMyNeural)
[2026-09-02 15:14:35] ✅   Step 3: Audio EQ + Mix nhạc
[2026-09-02 15:14:37] ✅   Step 4: FFmpeg encode (19.4s)
[2026-09-02 15:15:06] ✅   ✅ OK: auto_20260902_151420_Phật_Giáo_Việt_Nam__Từ_Thời_Đinh_Lê_Đến_.mp4 (1.40MB)
[2026-09-02 15:15:06] 🔵 BUILD: Vipassana: Phương Pháp Thiền Minh Sát 10 Ngày Im Lặng Và Nhữ
[2026-09-02 15:15:06] ✅   Step 1: BG = bg_morning_deepwork.jpg
[2026-09-02 15:15:07] ✅   Step 2: TTS (vi-VN-NamMinhNeural)
[2026-09-02 15:15:19] ✅   Step 3: Audio EQ + Mix nhạc
[2026-09-02 15:15:20] ✅   Step 4: FFmpeg encode (20.1s)
[2026-09-02 15:15:28] ✅   ✅ OK: auto_20260902_151506_Vipassana__Phương_Pháp_Thiền_Minh_Sát_10.mp4 (1.05MB)
[2026-09-02 15:15:28] 🔵 BUILD: Martin Seligman Và Phật Giáo: Khi Tâm Lý Học Tích Cực Phát H
[2026-09-02 15:15:28] ✅   Step 1: BG = bg_phat1.jpg
[2026-09-02 15:15:28] ✅   Step 2: TTS (vi-VN-HoaiMyNeural)
[2026-09-02 15:15:39] ✅   Step 3: Audio EQ + Mix nhạc
[2026-09-02 15:15:39] ✅   Step 4: FFmpeg encode (20.4s)
[2026-09-02 15:15:51] ✅   ✅ OK: auto_20260902_151528_Martin_Seligman_Và_Phật_Giáo__Khi_Tâm_Lý.mp4 (1.11MB)
[2026-09-02 15:15:51] 🔵 BUILD: Sống Chánh Niệm Trong Thời Đại Mạng Xã Hội: Phật Pháp Giúp B
[2026-09-02 15:15:51] ✅   Step 1: BG = bg_phat2.jpg
[2026-09-02 15:15:51] ✅   Step 2: TTS (vi-VN-NamMinhNeural)
[2026-09-02 15:16:08] ✅   Step 3: Audio EQ + Mix nhạc
[2026-09-02 15:16:09] ✅   Step 4: FFmpeg encode (19.1s)
[2026-09-02 15:16:40] ✅   ✅ OK: auto_20260902_151551_Sống_Chánh_Niệm_Trong_Thời_Đại_Mạng_Xã_H.mp4 (1.01MB)
[2026-09-02 15:16:40] 🔵 BUILD: Hỗ Trợ Tâm Lý Sau Sinh Từ Góc Nhìn Phật Giáo: Tâm Từ Bi Với 
[2026-09-02 15:16:40] ✅   Step 1: BG = bg_phat3.jpg
[2026-09-02 15:16:40] ✅   Step 2: TTS (vi-VN-HoaiMyNeural)
[2026-09-02 15:16:52] ✅   Step 3: Audio EQ + Mix nhạc
[2026-09-02 15:16:54] ✅   Step 4: FFmpeg encode (19.5s)
[2026-09-02 15:17:16] ✅   ✅ OK: auto_20260902_151640_Hỗ_Trợ_Tâm_Lý_Sau_Sinh_Từ_Góc_Nhìn_Phật_.mp4 (0.76MB)
[2026-09-02 15:17:17] 🔵 BUILD: Đối Mặt Với Ung Thư Bằng Phật Pháp: Câu Chuyện Thật Về Sức M
[2026-09-02 15:17:17] ✅   Step 1: BG = bg_zen_evening.jpg
[2026-09-02 15:17:17] ✅   Step 2: TTS (vi-VN-NamMinhNeural)
[2026-09-02 15:17:26] ✅   Step 3: Audio EQ + Mix nhạc
[2026-09-02 15:17:28] ✅   Step 4: FFmpeg encode (19.4s)
[2026-09-02 15:17:59] ✅   ✅ OK: auto_20260902_151717_Đối_Mặt_Với_Ung_Thư_Bằng_Phật_Pháp__Câu_.mp4 (1.41MB)
[2026-09-02 15:17:59] 🔵 BUILD: Thất Bại Không Phải Dấu Chấm Hết: Triết Lý Nikaya Giúp Đứng 
[2026-09-02 15:17:59] ✅   Step 1: BG = bg_Zen1.jpg
[2026-09-02 15:17:59] ✅   Step 2: TTS (vi-VN-HoaiMyNeural)
[2026-09-02 15:18:17] ✅   Step 3: Audio EQ + Mix nhạc
[2026-09-02 15:18:18] ✅   Step 4: FFmpeg encode (19.4s)
[2026-09-02 15:18:41] ✅   ✅ OK: auto_20260902_151759_Thất_Bại_Không_Phải_Dấu_Chấm_Hết__Triết_.mp4 (0.78MB)
[2026-09-02 15:18:41] 🔵 BUILD: Phật Dạy Sự Cân Bằng Giữa Tự Tin Và Khiêm Tốn: Mana Và Māna 
[2026-09-02 15:18:41] ✅   Step 1: BG = bg_animation_style.jpg
[2026-09-02 15:18:41] ✅   Step 2: TTS (vi-VN-NamMinhNeural)
[2026-09-02 15:18:52] ✅   Step 3: Audio EQ + Mix nhạc
[2026-09-02 15:18:53] ✅   Step 4: FFmpeg encode (19.5s)
[2026-09-02 15:19:16] ✅   ✅ OK: auto_20260902_151841_Phật_Dạy_Sự_Cân_Bằng_Giữa_Tự_Tin_Và_Khiê.mp4 (1.41MB)
[2026-09-02 15:19:16] 🔵 BUILD: Biến Đơn Thành Thiền Định: Cách Phật Pháp Biến Cô Đơn Thành 
[2026-09-02 15:19:16] ✅   Step 1: BG = bg_healing_noon.jpg
[2026-09-02 15:19:16] ✅   Step 2: TTS (vi-VN-HoaiMyNeural)
[2026-09-02 15:19:28] ✅   Step 3: Audio EQ + Mix nhạc
[2026-09-02 15:19:30] ✅   Step 4: FFmpeg encode (19.2s)
[2026-09-02 15:19:58] ✅   ✅ OK: auto_20260902_151916_Biến_Đơn_Thành_Thiền_Định__Cách_Phật_Phá.mp4 (1.39MB)
[2026-09-02 15:19:58] 🔵 BUILD: Yêu Có Chánh Niệm: Phật Dạy Gì Về Tình Yêu Đôi Lứa Và Cách D
[2026-09-02 15:19:58] ✅   Step 1: BG = bg_morning_deepwork.jpg
[2026-09-02 15:19:58] ✅   Step 2: TTS (vi-VN-NamMinhNeural)
[2026-09-02 15:20:08] ✅   Step 3: Audio EQ + Mix nhạc
[2026-09-02 15:20:08] ✅   Step 4: FFmpeg encode (19.5s)
[2026-09-02 15:20:22] ✅   ✅ OK: auto_20260902_151958_Yêu_Có_Chánh_Niệm__Phật_Dạy_Gì_Về_Tình_Y.mp4 (1.04MB)
[2026-09-02 15:20:22] 🔵 BUILD: Vượt Qua Đổ Vỡ Hôn Nhân: Triết Lý Vô Thường Và Tâm Từ Giúp C
[2026-09-02 15:20:22] ✅   Step 1: BG = bg_phat1.jpg
[2026-09-02 15:20:22] ✅   Step 2: TTS (vi-VN-HoaiMyNeural)
[2026-09-02 15:20:32] ✅   Step 3: Audio EQ + Mix nhạc
[2026-09-02 15:20:32] ✅   Step 4: FFmpeg encode (19.5s)
[2026-09-02 15:20:43] ✅   ✅ OK: auto_20260902_152022_Vượt_Qua_Đổ_Vỡ_Hôn_Nhân__Triết_Lý_Vô_Thư.mp4 (1.11MB)
[2026-09-02 15:20:43] 🔵 BUILD: Phụng Dưỡng Cha Mẹ Già Theo Phật Giáo: Hiếu Đạo Không Chỉ Là
[2026-09-02 15:20:43] ✅   Step 1: BG = bg_phat2.jpg
[2026-09-02 15:20:43] ✅   Step 2: TTS (vi-VN-NamMinhNeural)
[2026-09-02 15:20:52] ✅   Step 3: Audio EQ + Mix nhạc
[2026-09-02 15:20:52] ✅   Step 4: FFmpeg encode (19.3s)
[2026-09-02 15:21:10] ✅   ✅ OK: auto_20260902_152043_Phụng_Dưỡng_Cha_Mẹ_Già_Theo_Phật_Giáo__H.mp4 (1.01MB)
[2026-09-02 15:21:10] 🔵 BUILD: Digital Detox Theo Phật Giáo: Phương Pháp Chánh Niệm Giải Ph
[2026-09-02 15:21:10] ✅   Step 1: BG = bg_phat3.jpg
[2026-09-02 15:21:10] ✅   Step 2: TTS (vi-VN-HoaiMyNeural)
[2026-09-02 15:21:21] ✅   Step 3: Audio EQ + Mix nhạc
[2026-09-02 15:21:22] ✅   Step 4: FFmpeg encode (19.4s)
[2026-09-02 15:21:51] ✅   ✅ OK: auto_20260902_152110_Digital_Detox_Theo_Phật_Giáo__Phương_Phá.mp4 (0.75MB)
[2026-09-02 15:21:51] 🔵 BUILD: Kiểm Soát Cơn Giận Mãn Tính: 7 Phương Pháp Từ Nikaya Được Li
[2026-09-02 15:21:51] ✅   Step 1: BG = bg_zen_evening.jpg
[2026-09-02 15:21:52] ✅   Step 2: TTS (vi-VN-NamMinhNeural)
[2026-09-02 15:22:06] ✅   Step 3: Audio EQ + Mix nhạc
[2026-09-02 15:22:08] ✅   Step 4: FFmpeg encode (19.8s)
[2026-09-02 15:22:36] ✅   ✅ OK: auto_20260902_152151_Kiểm_Soát_Cơn_Giận_Mãn_Tính__7_Phương_Ph.mp4 (1.42MB)
[2026-09-02 15:22:36] 🔵 BUILD: Ghen Tuông Là Gì Theo Phật Giáo: Issā Và Cách Chữa Lành Từ G
[2026-09-02 15:22:36] ✅   Step 1: BG = bg_Zen1.jpg
[2026-09-02 15:22:36] ✅   Step 2: TTS (vi-VN-HoaiMyNeural)
[2026-09-02 15:22:44] ✅   Step 3: Audio EQ + Mix nhạc
[2026-09-02 15:22:45] ✅   Step 4: FFmpeg encode (19.3s)
[2026-09-02 15:23:04] ✅   ✅ OK: auto_20260902_152236_Ghen_Tuông_Là_Gì_Theo_Phật_Giáo__Issā_Và.mp4 (0.78MB)
[2026-09-02 15:23:04] 🔵 BUILD: Xây Dựng Lòng Tự Trọng Lành Mạnh Theo Phật Giáo: Không Tự Ti
[2026-09-02 15:23:04] ✅   Step 1: BG = bg_animation_style.jpg
[2026-09-02 15:23:04] ✅   Step 2: TTS (vi-VN-NamMinhNeural)
[2026-09-02 15:23:12] ✅   Step 3: Audio EQ + Mix nhạc
[2026-09-02 15:23:13] ✅   Step 4: FFmpeg encode (19.1s)
[2026-09-02 15:23:30] ✅   ✅ OK: auto_20260902_152304_Xây_Dựng_Lòng_Tự_Trọng_Lành_Mạnh_Theo_Ph.mp4 (1.41MB)
[2026-09-02 15:23:30] 🔵 BUILD: Phật Giáo Cho Người Hướng Nội Và Hướng Ngoại: Cách Thực Hành
[2026-09-02 15:23:30] ✅   Step 1: BG = bg_healing_noon.jpg
[2026-09-02 15:23:30] ✅   Step 2: TTS (vi-VN-HoaiMyNeural)
[2026-09-02 15:23:40] ✅   Step 3: Audio EQ + Mix nhạc
[2026-09-02 15:23:41] ✅   Step 4: FFmpeg encode (19.2s)
[2026-09-02 15:23:53] ✅   ✅ OK: auto_20260902_152330_Phật_Giáo_Cho_Người_Hướng_Nội_Và_Hướng_N.mp4 (1.40MB)
[2026-09-02 15:23:53] 🔵 BUILD: Neuroscience Of Meditation: Những Gì Khoa Học Phát Hiện Khi 
[2026-09-02 15:23:53] ✅   Step 1: BG = bg_morning_deepwork.jpg
[2026-09-02 15:23:53] ✅   Step 2: TTS (vi-VN-NamMinhNeural)
[2026-09-02 15:24:07] ✅   Step 3: Audio EQ + Mix nhạc
[2026-09-02 15:24:07] ✅   Step 4: FFmpeg encode (20.3s)
[2026-09-02 15:24:14] ✅   ✅ OK: auto_20260902_152353_Neuroscience_Of_Meditation__Những_Gì_Kho.mp4 (1.05MB)
[2026-09-02 15:24:14] 🔵 BUILD: Âm Nhạc Thiền Trong Phật Giáo: Từ Chuông Chùa Đến 432Hz - Kh
[2026-09-02 15:24:14] ✅   Step 1: BG = bg_phat1.jpg
[2026-09-02 15:24:14] ✅   Step 2: TTS (vi-VN-HoaiMyNeural)
[2026-09-02 15:24:30] ✅   Step 3: Audio EQ + Mix nhạc
[2026-09-02 15:24:31] ✅   Step 4: FFmpeg encode (20.2s)
[2026-09-02 15:24:37] ✅   ✅ OK: auto_20260902_152414_Âm_Nhạc_Thiền_Trong_Phật_Giáo__Từ_Chuông.mp4 (1.11MB)
[2026-09-02 15:24:37] 🔵 BUILD: Yoga Và Phật Giáo: Điểm Chung Và Khác Biệt - Cách Kết Hợp Ha
[2026-09-02 15:24:37] ✅   Step 1: BG = bg_phat2.jpg
[2026-09-02 15:24:37] ✅   Step 2: TTS (vi-VN-NamMinhNeural)
[2026-09-02 15:24:46] ✅   Step 3: Audio EQ + Mix nhạc
[2026-09-02 15:24:46] ✅   Step 4: FFmpeg encode (19.2s)
[2026-09-02 15:24:56] ✅   ✅ OK: auto_20260902_152437_Yoga_Và_Phật_Giáo__Điểm_Chung_Và_Khác_Bi.mp4 (1.01MB)
[2026-09-02 15:24:56] 🔵 BUILD: Ăn Chay Trong Phật Giáo: Nikaya Nói Gì Về Ăn Thịt Và Ăn Chay
[2026-09-02 15:24:56] ✅   Step 1: BG = bg_phat3.jpg
[2026-09-02 15:24:56] ✅   Step 2: TTS (vi-VN-HoaiMyNeural)
[2026-09-02 15:25:06] ✅   Step 3: Audio EQ + Mix nhạc
[2026-09-02 15:25:06] ✅   Step 4: FFmpeg encode (19.4s)
[2026-09-02 15:25:20] ✅   ✅ OK: auto_20260902_152456_Ăn_Chay_Trong_Phật_Giáo__Nikaya_Nói_Gì_V.mp4 (0.76MB)
[2026-09-02 15:25:20] 🔵 BUILD: Contemplative Neuroscience: Khi Khoa Học Thần Kinh Và Thiền 
[2026-09-02 15:25:20] ✅   Step 1: BG = bg_zen_evening.jpg
[2026-09-02 15:25:20] ✅   Step 2: TTS (vi-VN-NamMinhNeural)
[2026-09-02 15:25:33] ✅   Step 3: Audio EQ + Mix nhạc
[2026-09-02 15:25:35] ✅   Step 4: FFmpeg encode (19.5s)
[2026-09-02 15:26:08] ✅   ✅ OK: auto_20260902_152520_Contemplative_Neuroscience__Khi_Khoa_Học.mp4 (1.40MB)
[2026-09-02 15:26:08] 🔵 BUILD: Lịch Trình 24 Giờ Của Người Tu Tập Tại Gia: Từ Thức Dậy Đến 
[2026-09-02 15:26:08] ✅   Step 1: BG = bg_Zen1.jpg
[2026-09-02 15:26:08] ✅   Step 2: TTS (vi-VN-HoaiMyNeural)
[2026-09-02 15:26:24] ✅   Step 3: Audio EQ + Mix nhạc
[2026-09-02 15:26:24] ✅   Step 4: FFmpeg encode (19.5s)
[2026-09-02 15:26:38] ✅   ✅ OK: auto_20260902_152608_Lịch_Trình_24_Giờ_Của_Người_Tu_Tập_Tại_G.mp4 (0.78MB)
[2026-09-02 15:26:38] 🔵 BUILD: 30 Ngày Thách Thức Chánh Niệm: Từng Bước Xây Dựng Thói Quen 
[2026-09-02 15:26:38] ✅   Step 1: BG = bg_animation_style.jpg
[2026-09-02 15:26:38] ✅   Step 2: TTS (vi-VN-NamMinhNeural)
[2026-09-02 15:26:53] ✅   Step 3: Audio EQ + Mix nhạc
[2026-09-02 15:26:54] ✅   Step 4: FFmpeg encode (19.5s)
[2026-09-02 15:27:05] ✅   ✅ OK: auto_20260902_152638_30_Ngày_Thách_Thức_Chánh_Niệm__Từng_Bước.mp4 (1.41MB)
[2026-09-02 15:27:05] 🔵 BUILD: Khóa Tu Thiền Retreat: Những Gì Xảy Ra, Cần Chuẩn Bị Gì Và L
[2026-09-02 15:27:05] ✅   Step 1: BG = bg_healing_noon.jpg
[2026-09-02 15:27:05] ✅   Step 2: TTS (vi-VN-HoaiMyNeural)
[2026-09-02 15:27:20] ✅   Step 3: Audio EQ + Mix nhạc
[2026-09-02 15:27:21] ✅   Step 4: FFmpeg encode (19.8s)
[2026-09-02 15:27:29] ✅   ✅ OK: auto_20260902_152705_Khóa_Tu_Thiền_Retreat__Những_Gì_Xảy_Ra__.mp4 (1.40MB)
[2026-09-02 15:27:29] 🔵 BUILD: Làm Thế Nào Chia Sẻ Phật Pháp Với Gia Đình Không Tin Tưởng: 
[2026-09-02 15:27:29] ✅   Step 1: BG = bg_morning_deepwork.jpg
[2026-09-02 15:27:30] ✅   Step 2: TTS (vi-VN-NamMinhNeural)
[2026-09-02 15:27:47] ✅   Step 3: Audio EQ + Mix nhạc
[2026-09-02 15:27:48] ✅   Step 4: FFmpeg encode (19.8s)
[2026-09-02 15:27:55] ✅   ✅ OK: auto_20260902_152729_Làm_Thế_Nào_Chia_Sẻ_Phật_Pháp_Với_Gia_Đì.mp4 (1.04MB)
[2026-09-02 15:27:55] 🔵 BUILD: Phật Giáo Dấn Thân: Khi Thiền Định Gặp Hoạt Động Xã Hội Và C
[2026-09-02 15:27:55] ✅   Step 1: BG = bg_phat1.jpg
[2026-09-02 15:27:55] ✅   Step 2: TTS (vi-VN-HoaiMyNeural)
[2026-09-02 15:28:16] ✅   Step 3: Audio EQ + Mix nhạc
[2026-09-02 15:28:17] ✅   Step 4: FFmpeg encode (19.4s)
[2026-09-02 15:28:24] ✅   ✅ OK: auto_20260902_152755_Phật_Giáo_Dấn_Thân__Khi_Thiền_Định_Gặp_H.mp4 (1.10MB)
[2026-09-02 15:28:24] 🔵 BUILD: Eco-Buddhism: Phong Trào Phật Giáo Xanh Và Trách Nhiệm Với Đ
[2026-09-02 15:28:24] ✅   Step 1: BG = bg_phat2.jpg
[2026-09-02 15:28:24] ✅   Step 2: TTS (vi-VN-NamMinhNeural)
[2026-09-02 15:28:37] ✅   Step 3: Audio EQ + Mix nhạc
[2026-09-02 15:28:38] ✅   Step 4: FFmpeg encode (19.8s)
[2026-09-02 15:28:49] ✅   ✅ OK: auto_20260902_152824_Eco_Buddhism__Phong_Trào_Phật_Giáo_Xanh_.mp4 (1.02MB)
[2026-09-02 15:28:49] 🔵 BUILD: Sức Mạnh Của Tình Nguyện Từ Góc Nhìn Phật Giáo: Cho Đi Không
[2026-09-02 15:28:49] ✅   Step 1: BG = bg_phat3.jpg
[2026-09-02 15:28:49] ✅   Step 2: TTS (vi-VN-HoaiMyNeural)
[2026-09-02 15:29:10] ✅   Step 3: Audio EQ + Mix nhạc
[2026-09-02 15:29:11] ✅   Step 4: FFmpeg encode (19.5s)
[2026-09-02 15:29:18] ✅   ✅ OK: auto_20260902_152849_Sức_Mạnh_Của_Tình_Nguyện_Từ_Góc_Nhìn_Phậ.mp4 (0.76MB)
[2026-09-02 15:29:18] 🔵 BUILD: Toàn Bộ Hành Trình Khám Phá Nikaya: 230 Chủ Đề Và Con Đường 
[2026-09-02 15:29:18] ✅   Step 1: BG = bg_zen_evening.jpg
[2026-09-02 15:29:18] ✅   Step 2: TTS (vi-VN-NamMinhNeural)
[2026-09-02 15:29:34] ✅   Step 3: Audio EQ + Mix nhạc
[2026-09-02 15:29:35] ✅   Step 4: FFmpeg encode (19.7s)
[2026-09-02 15:29:42] ✅   ✅ OK: auto_20260902_152918_Toàn_Bộ_Hành_Trình_Khám_Phá_Nikaya__230_.mp4 (1.41MB)
[2026-09-02 15:29:42] 🔵 BUILD: Từ 0 Đến 1 Triệu View: Bài Học Phật Giáo Về Kiên Nhẫn, Tinh 
[2026-09-02 15:29:42] ✅   Step 1: BG = bg_Zen1.jpg
[2026-09-02 15:29:42] ✅   Step 2: TTS (vi-VN-HoaiMyNeural)
[2026-09-02 15:29:53] ✅   Step 3: Audio EQ + Mix nhạc
[2026-09-02 15:29:54] ✅   Step 4: FFmpeg encode (19.8s)
[2026-09-02 15:30:00] ✅   ✅ OK: auto_20260902_152942_Từ_0_Đến_1_Triệu_View__Bài_Học_Phật_Giáo.mp4 (0.78MB)
[2026-09-02 15:30:00] 🔵 BUILD: Tâm Thư Từ Thảo Dương TV: Cảm Ơn Và Hứa Hẹn Trên Con Đường L
[2026-09-02 15:30:00] ✅   Step 1: BG = bg_animation_style.jpg
[2026-09-02 15:30:00] ✅   Step 2: TTS (vi-VN-NamMinhNeural)
[2026-09-02 15:30:13] ✅   Step 3: Audio EQ + Mix nhạc
[2026-09-02 15:30:14] ✅   Step 4: FFmpeg encode (19.3s)
[2026-09-02 15:30:20] ✅   ✅ OK: auto_20260902_153000_Tâm_Thư_Từ_Thảo_Dương_TV__Cảm_Ơn_Và_Hứa_.mp4 (1.41MB)
[2026-09-02 15:30:20] 🔵 BUILD: 90 Ngày Biến Đổi Tâm Linh: Chương Trình Thực Hành Có Cấu Trú
[2026-09-02 15:30:20] ✅   Step 1: BG = bg_healing_noon.jpg
[2026-09-02 15:30:20] ✅   Step 2: TTS (vi-VN-HoaiMyNeural)
[2026-09-02 15:30:36] ✅   Step 3: Audio EQ + Mix nhạc
[2026-09-02 15:30:36] ✅   Step 4: FFmpeg encode (19.8s)
[2026-09-02 15:30:44] ✅   ✅ OK: auto_20260902_153020_90_Ngày_Biến_Đổi_Tâm_Linh__Chương_Trình_.mp4 (1.39MB)
[2026-09-02 15:30:44] 🔵 BUILD: Quyết Tâm Năm Mới Theo Phật Giáo: Pháp Nguyện Thay Cho Quyết
[2026-09-02 15:30:44] ✅   Step 1: BG = bg_morning_deepwork.jpg
[2026-09-02 15:30:45] ✅   Step 2: TTS (vi-VN-NamMinhNeural)
[2026-09-02 15:30:57] ✅   Step 3: Audio EQ + Mix nhạc
[2026-09-02 15:30:57] ✅   Step 4: FFmpeg encode (18.7s)
[2026-09-02 15:31:04] ✅   ✅ OK: auto_20260902_153044_Quyết_Tâm_Năm_Mới_Theo_Phật_Giáo__Pháp_N.mp4 (1.03MB)
[2026-09-02 15:31:04] 🔵 BUILD: Khi Phật Và Aristotle Đồng Ý: Những Điểm Gặp Nhau Giữa Triết
[2026-09-02 15:31:04] ✅   Step 1: BG = bg_phat1.jpg
[2026-09-02 15:31:04] ✅   Step 2: TTS (vi-VN-HoaiMyNeural)
[2026-09-02 15:31:21] ✅   Step 3: Audio EQ + Mix nhạc
[2026-09-02 15:31:21] ✅   Step 4: FFmpeg encode (19.0s)
[2026-09-02 15:31:28] ✅   ✅ OK: auto_20260902_153104_Khi_Phật_Và_Aristotle_Đồng_Ý__Những_Điểm.mp4 (1.09MB)
[2026-09-02 15:31:28] 🔵 BUILD: Chủ Nghĩa Khắc Kỷ Và Phật Giáo: Hai Triết Học Lớn Của Phương
[2026-09-02 15:31:28] ✅   Step 1: BG = bg_phat2.jpg
[2026-09-02 15:31:28] ✅   Step 2: TTS (vi-VN-NamMinhNeural)
[2026-09-02 15:31:42] ✅   Step 3: Audio EQ + Mix nhạc
[2026-09-02 15:31:42] ✅   Step 4: FFmpeg encode (19.0s)
[2026-09-02 15:31:48] ✅   ✅ OK: auto_20260902_153128_Chủ_Nghĩa_Khắc_Kỷ_Và_Phật_Giáo__Hai_Triế.mp4 (1.00MB)
[2026-09-02 15:31:48] 🔵 BUILD: Alfred Adler Và Phật Pháp: Sự Tương Đồng Về Quyền Bình Đẳng 
[2026-09-02 15:31:48] ✅   Step 1: BG = bg_phat3.jpg
[2026-09-02 15:31:49] ✅   Step 2: TTS (vi-VN-HoaiMyNeural)
[2026-09-02 15:32:03] ✅   Step 3: Audio EQ + Mix nhạc
[2026-09-02 15:32:03] ✅   Step 4: FFmpeg encode (20.1s)
[2026-09-02 15:32:09] ✅   ✅ OK: auto_20260902_153148_Alfred_Adler_Và_Phật_Pháp__Sự_Tương_Đồng.mp4 (0.77MB)
[2026-09-02 15:32:09] 🔵 BUILD: MBCT - Liệu Pháp Nhận Thức Dựa Trên Chánh Niệm: Kết Hợp Phật
[2026-09-02 15:32:09] ✅   Step 1: BG = bg_zen_evening.jpg
[2026-09-02 15:32:09] ✅   Step 2: TTS (vi-VN-NamMinhNeural)
[2026-09-02 15:32:32] ✅   Step 3: Audio EQ + Mix nhạc
[2026-09-02 15:32:33] ✅   Step 4: FFmpeg encode (20.6s)
[2026-09-02 15:32:40] ✅   ✅ OK: auto_20260902_153209_MBCT___Liệu_Pháp_Nhận_Thức_Dựa_Trên_Chán.mp4 (1.42MB)
[2026-09-02 15:32:40] 🔵 BUILD: ACT - Liệu Pháp Chấp Nhận Và Cam Kết: Khi Phật Giáo Trở Thàn
[2026-09-02 15:32:40] ✅   Step 1: BG = bg_Zen1.jpg
[2026-09-02 15:32:40] ✅   Step 2: TTS (vi-VN-HoaiMyNeural)
[2026-09-02 15:32:52] ✅   Step 3: Audio EQ + Mix nhạc
[2026-09-02 15:32:53] ✅   Step 4: FFmpeg encode (20.6s)
[2026-09-02 15:32:59] ✅   ✅ OK: auto_20260902_153240_ACT___Liệu_Pháp_Chấp_Nhận_Và_Cam_Kết__Kh.mp4 (0.79MB)
[2026-09-02 15:32:59] 🔵 BUILD: Âm Nhạc Thiền Việt Nam: Từ Nhạc Cụ Truyền Thống Đến Nhạc Thi
[2026-09-02 15:32:59] ✅   Step 1: BG = bg_animation_style.jpg
[2026-09-02 15:32:59] ✅   Step 2: TTS (vi-VN-NamMinhNeural)
[2026-09-02 15:33:10] ✅   Step 3: Audio EQ + Mix nhạc
[2026-09-02 15:33:10] ✅   Step 4: FFmpeg encode (18.6s)
[2026-09-02 15:33:19] ✅   ✅ OK: auto_20260902_153259_Âm_Nhạc_Thiền_Việt_Nam__Từ_Nhạc_Cụ_Truyề.mp4 (1.40MB)
[2026-09-02 15:33:19] 🔵 BUILD: Vật Lý Lượng Tử Và Phật Pháp: Khi Khoa Học Đỉnh Cao Xác Nhận
[2026-09-02 15:33:19] ✅   Step 1: BG = bg_healing_noon.jpg
[2026-09-02 15:33:19] ✅   Step 2: TTS (vi-VN-HoaiMyNeural)
[2026-09-02 15:33:33] ✅   Step 3: Audio EQ + Mix nhạc
[2026-09-02 15:33:35] ✅   Step 4: FFmpeg encode (19.8s)
[2026-09-02 15:35:13] ✅   ✅ OK: auto_20260902_153319_Vật_Lý_Lượng_Tử_Và_Phật_Pháp__Khi_Khoa_H.mp4 (1.41MB)
[2026-09-02 15:35:13] 🔵 BUILD: Vũ Trụ Học Phật Giáo: Từ Cõi Dục Đến Cõi Sắc Và Vô Sắc Trong
[2026-09-02 15:35:13] ✅   Step 1: BG = bg_morning_deepwork.jpg
[2026-09-02 15:35:13] ✅   Step 2: TTS (vi-VN-NamMinhNeural)
[2026-09-02 15:35:35] ✅   Step 3: Audio EQ + Mix nhạc
[2026-09-02 15:35:37] ✅   Step 4: FFmpeg encode (19.8s)
[2026-09-02 15:35:53] ✅   ✅ OK: auto_20260902_153513_Vũ_Trụ_Học_Phật_Giáo__Từ_Cõi_Dục_Đến_Cõi.mp4 (1.04MB)
[2026-09-02 15:35:53] 🔵 BUILD: Thiền Sư Ajahn Chah: Cuộc Đời, Giáo Pháp Và Những Bài Dạy Th
[2026-09-02 15:35:53] ✅   Step 1: BG = bg_phat1.jpg
[2026-09-02 15:35:53] ✅   Step 2: TTS (vi-VN-HoaiMyNeural)
[2026-09-02 15:36:14] ✅   Step 3: Audio EQ + Mix nhạc
[2026-09-02 15:36:15] ✅   Step 4: FFmpeg encode (19.4s)
[2026-09-02 15:36:27] ✅   ✅ OK: auto_20260902_153553_Thiền_Sư_Ajahn_Chah__Cuộc_Đời__Giáo_Pháp.mp4 (1.11MB)
[2026-09-02 15:36:27] 🔵 BUILD: Thiền Sư Thích Nhất Hạnh: Người Đưa Phật Giáo Dấn Thân Và Ch
[2026-09-02 15:36:27] ✅   Step 1: BG = bg_phat2.jpg
[2026-09-02 15:36:27] ✅   Step 2: TTS (vi-VN-NamMinhNeural)
[2026-09-02 15:37:03] ⚠️    TTS attempt 1 thất bại
[2026-09-02 15:37:20] ✅   Step 3: Audio EQ + Mix nhạc
[2026-09-02 15:37:21] ✅   Step 4: FFmpeg encode (18.6s)
[2026-09-02 15:37:27] ✅   ✅ OK: auto_20260902_153627_Thiền_Sư_Thích_Nhất_Hạnh__Người_Đưa_Phật.mp4 (1.00MB)
[2026-09-02 15:37:27] 🔵 BUILD: Bhikkhu Bodhi: Người Dịch Nikaya Hoàn Chỉnh Nhất Và Cống Hiế
[2026-09-02 15:37:27] ✅   Step 1: BG = bg_phat3.jpg
[2026-09-02 15:37:27] ✅   Step 2: TTS (vi-VN-HoaiMyNeural)
[2026-09-02 15:37:46] ✅   Step 3: Audio EQ + Mix nhạc
[2026-09-02 15:37:47] ✅   Step 4: FFmpeg encode (19.6s)
[2026-09-02 15:37:54] ✅   ✅ OK: auto_20260902_153727_Bhikkhu_Bodhi__Người_Dịch_Nikaya_Hoàn_Ch.mp4 (0.75MB)
[2026-09-02 15:37:54] 🔵 BUILD: Deep Work Và Thiền Định: Khi Cal Newport Và Phật Giáo Gặp Nh
[2026-09-02 15:37:54] ✅   Step 1: BG = bg_zen_evening.jpg
[2026-09-02 15:37:54] ✅   Step 2: TTS (vi-VN-NamMinhNeural)
