=== Studio started at Thu Aug 27 08:08:37 +07 2026 ===

================================================================
  🎬 Manual Video Studio — @1995lido
================================================================
  🌐 URL         : http://localhost:8098
  📚 Kho nội dung: 71 bài (6 thể loại)
     • 🌙 Kinh Nikaya (Phật giáo): 30 bài
     • 🌅 Tư Duy & Deep Work: 12 bài
     • 🌿 Chữa Lành & Tâm Lý: 12 bài
     • 💪 Kỷ Luật & Thói Quen: 8 bài
     • 💰 Tài Chính Cá Nhân: 4 bài
     • 🗣️ Kỹ Năng Sống: 5 bài
  📂 Hình nền    : /Users/abc/.gemini/antigravity/scratch/1995lido_youtube_management/studio_backgrounds
  🎵 Nhạc nền    : /Users/abc/.gemini/antigravity/scratch/1995lido_youtube_management/studio_music
  🎬 Output      : /Users/abc/.gemini/antigravity/scratch/1995lido_youtube_management/output_manual
  📋 Log file    : /Users/abc/.gemini/antigravity/scratch/1995lido_youtube_management/studio_server.log
  🕐 Khởi động   : 2026-08-27 08:08:37
================================================================
  📌 Nhấn Ctrl+C để dừng
================================================================

 * Serving Flask app 'manual_video_studio'
 * Debug mode: off
[36m[08:08:44] 🔍 DEBUG | → GET /[0m
[2026-08-27 08:08:44] DEBUG | → GET /
[32m[08:08:44] ✅ INFO  | UI page served[0m
[2026-08-27 08:08:44] INFO | UI page served
[36m[08:08:44] 🔍 DEBUG | ← ✅ 200 GET /[0m
[2026-08-27 08:08:44] DEBUG | ← ✅ 200 GET /
[36m[08:08:44] 🔍 DEBUG | → GET /[0m
[2026-08-27 08:08:44] DEBUG | → GET /
[32m[08:08:44] ✅ INFO  | UI page served[0m
[2026-08-27 08:08:44] INFO | UI page served
[36m[08:08:44] 🔍 DEBUG | ← ✅ 200 GET /[0m
[2026-08-27 08:08:44] DEBUG | ← ✅ 200 GET /
[36m[08:08:44] 🔍 DEBUG | → GET /api/backgrounds[0m
[2026-08-27 08:08:44] DEBUG | → GET /api/backgrounds
[36m[08:08:44] 🔍 DEBUG | → GET /api/categories[0m
[36m[08:08:44] 🔍 DEBUG | → GET /api/music[0m
[2026-08-27 08:08:44] DEBUG | → GET /api/categories
[36m[08:08:44] 🔍 DEBUG | ← ✅ 200 GET /api/categories[0m
[36m[08:08:44] 🔍 DEBUG | → GET /api/videos[0m
[2026-08-27 08:08:44] DEBUG | → GET /api/music
[36m[08:08:44] 🔍 DEBUG | → GET /api/history[0m
[2026-08-27 08:08:44] DEBUG | ← ✅ 200 GET /api/categories
[2026-08-27 08:08:44] DEBUG | → GET /api/videos
[2026-08-27 08:08:44] DEBUG | → GET /api/history
[36m[08:08:44] 🔍 DEBUG | ← ✅ 200 GET /api/videos[0m
[2026-08-27 08:08:44] DEBUG | ← ✅ 200 GET /api/videos
[36m[08:08:44] 🔍 DEBUG | ← ✅ 200 GET /api/history[0m
[2026-08-27 08:08:44] DEBUG | ← ✅ 200 GET /api/history
[32m[08:08:44] ✅ INFO  | Music list: 3 files[0m
[2026-08-27 08:08:44] INFO | Music list: 3 files
[36m[08:08:44] 🔍 DEBUG | ← ✅ 200 GET /api/music[0m
[2026-08-27 08:08:44] DEBUG | ← ✅ 200 GET /api/music
[32m[08:08:44] ✅ INFO  | BG list: 8 files[0m
[2026-08-27 08:08:44] INFO | BG list: 8 files
[36m[08:08:44] 🔍 DEBUG | ← ✅ 200 GET /api/backgrounds[0m
[2026-08-27 08:08:44] DEBUG | ← ✅ 200 GET /api/backgrounds
[36m[08:08:45] 🔍 DEBUG | → GET /favicon.ico[0m
[2026-08-27 08:08:45] DEBUG | → GET /favicon.ico
[36m[08:08:45] 🔍 DEBUG | ← ❌ 404 GET /favicon.ico[0m
[2026-08-27 08:08:45] DEBUG | ← ❌ 404 GET /favicon.ico
[36m[08:08:45] 🔍 DEBUG | → GET /api/video-file/auto_20260826_230846_First_Impression___7_Giây_Đầu_Quyết_Định.mp4[0m
[2026-08-27 08:08:45] DEBUG | → GET /api/video-file/auto_20260826_230846_First_Impression___7_Giây_Đầu_Quyết_Định.mp4
[36m[08:08:45] 🔍 DEBUG | → GET /api/video-file/auto_20260826_230840_Tại_Sao_Kỷ_Luật_Quan_Trọng_Hơn_Cảm_Hứng_.mp4[0m
[2026-08-27 08:08:45] DEBUG | → GET /api/video-file/auto_20260826_230840_Tại_Sao_Kỷ_Luật_Quan_Trọng_Hơn_Cảm_Hứng_.mp4
[36m[08:08:45] 🔍 DEBUG | → GET /api/video-file/auto_20260826_230833_Kỹ_Thuật_5_4_3_2_1_Chặn_Cơn_Lo_Âu_Trong_.mp4[0m
[2026-08-27 08:08:45] DEBUG | → GET /api/video-file/auto_20260826_230833_Kỹ_Thuật_5_4_3_2_1_Chặn_Cơn_Lo_Âu_Trong_.mp4
[36m[08:08:45] 🔍 DEBUG | → GET /api/video-file/auto_20260826_230826_Phương_Pháp_Deep_Work_Của_Cal_Newport___.mp4[0m
[2026-08-27 08:08:45] DEBUG | → GET /api/video-file/auto_20260826_230826_Phương_Pháp_Deep_Work_Của_Cal_Newport___.mp4
[36m[08:08:45] 🔍 DEBUG | → GET /api/video-file/auto_20260826_230818_Kinh_Nikaya__Bí_Quyết_Vượt_Qua_Nỗi_Sợ_Th.mp4[0m
[2026-08-27 08:08:45] DEBUG | → GET /api/video-file/auto_20260826_230818_Kinh_Nikaya__Bí_Quyết_Vượt_Qua_Nỗi_Sợ_Th.mp4
[36m[08:08:45] 🔍 DEBUG | → GET /api/video-file/auto_20260826_230758_Nghệ_Thuật_Lắng_Nghe_Chủ_Động___Kỹ_Năng_.mp4[0m
[2026-08-27 08:08:45] DEBUG | → GET /api/video-file/auto_20260826_230758_Nghệ_Thuật_Lắng_Nghe_Chủ_Động___Kỹ_Năng_.mp4
[36m[08:08:45] 🔍 DEBUG | → GET /api/video-file/auto_20260826_230748_Tại_Sao_Kỷ_Luật_Quan_Trọng_Hơn_Cảm_Hứng_.mp4[0m
[2026-08-27 08:08:45] DEBUG | → GET /api/video-file/auto_20260826_230748_Tại_Sao_Kỷ_Luật_Quan_Trọng_Hơn_Cảm_Hứng_.mp4
[36m[08:08:45] 🔍 DEBUG | → GET /api/video-file/auto_20260826_230737_5_Dấu_Hiệu_Bạn_Đang_Burnout___Nhận_Ra_Tr.mp4[0m
[2026-08-27 08:08:45] DEBUG | → GET /api/video-file/auto_20260826_230737_5_Dấu_Hiệu_Bạn_Đang_Burnout___Nhận_Ra_Tr.mp4
[36m[08:08:45] 🔍 DEBUG | → GET /api/video-file/auto_20260826_230725_5_Phút_Sáng_Quyết_Định_Năng_Suất_Cả_Ngày.mp4[0m
[2026-08-27 08:08:45] DEBUG | → GET /api/video-file/auto_20260826_230725_5_Phút_Sáng_Quyết_Định_Năng_Suất_Cả_Ngày.mp4
[36m[08:08:45] 🔍 DEBUG | → GET /api/video-file/auto_20260826_230713_Kinh_Nikaya__Quán_Thân_Trên_Thân__KAYANU.mp4[0m
[2026-08-27 08:08:45] DEBUG | → GET /api/video-file/auto_20260826_230713_Kinh_Nikaya__Quán_Thân_Trên_Thân__KAYANU.mp4
[36m[08:08:45] 🔍 DEBUG | → GET /api/video-file/auto_20260826_230651_Tại_Sao_Người_Ít_Nói_Lại_Thường_Được_Tin.mp4[0m
[2026-08-27 08:08:45] DEBUG | → GET /api/video-file/auto_20260826_230651_Tại_Sao_Người_Ít_Nói_Lại_Thường_Được_Tin.mp4
[36m[08:08:45] 🔍 DEBUG | → GET /api/video-file/auto_20260826_230641_Habit_Stacking___Ghép_Thói_Quen_Mới_Vào_.mp4[0m
[2026-08-27 08:08:45] DEBUG | → GET /api/video-file/auto_20260826_230641_Habit_Stacking___Ghép_Thói_Quen_Mới_Vào_.mp4
[36m[08:08:45] 🔍 DEBUG | → GET /api/video-file/auto_20260826_230629_Kỹ_Thuật_5_4_3_2_1_Chặn_Cơn_Lo_Âu_Trong_.mp4[0m
[2026-08-27 08:08:45] DEBUG | → GET /api/video-file/auto_20260826_230629_Kỹ_Thuật_5_4_3_2_1_Chặn_Cơn_Lo_Âu_Trong_.mp4
[36m[08:08:45] 🔍 DEBUG | → GET /api/video-file/auto_20260826_230618_5_Phút_Sáng_Quyết_Định_Năng_Suất_Cả_Ngày.mp4[0m
[2026-08-27 08:08:45] DEBUG | → GET /api/video-file/auto_20260826_230618_5_Phút_Sáng_Quyết_Định_Năng_Suất_Cả_Ngày.mp4
[36m[08:08:45] 🔍 DEBUG | → GET /api/video-file/auto_20260826_230607_Kinh_Nikaya__Giữ_Vững_Chánh_Định__SAMMA_.mp4[0m
[2026-08-27 08:08:45] DEBUG | → GET /api/video-file/auto_20260826_230607_Kinh_Nikaya__Giữ_Vững_Chánh_Định__SAMMA_.mp4
[36m[08:08:45] 🔍 DEBUG | → GET /api/video-file/auto_20260826_230548_Tại_Sao_Người_Ít_Nói_Lại_Thường_Được_Tin.mp4[0m
[2026-08-27 08:08:45] DEBUG | → GET /api/video-file/auto_20260826_230548_Tại_Sao_Người_Ít_Nói_Lại_Thường_Được_Tin.mp4
[36m[08:08:45] 🔍 DEBUG | → GET /api/video-file/auto_20260826_230539_Cách_Xây_Dựng_Buổi_Sáng_30_Phút_Thay_Đổi.mp4[0m
[2026-08-27 08:08:45] DEBUG | → GET /api/video-file/auto_20260826_230539_Cách_Xây_Dựng_Buổi_Sáng_30_Phút_Thay_Đổi.mp4
[36m[08:08:45] 🔍 DEBUG | → GET /api/video-file/auto_20260826_230531_5_Dấu_Hiệu_Bạn_Đang_Burnout___Nhận_Ra_Tr.mp4[0m
[2026-08-27 08:08:45] DEBUG | → GET /api/video-file/auto_20260826_230531_5_Dấu_Hiệu_Bạn_Đang_Burnout___Nhận_Ra_Tr.mp4
[36m[08:08:45] 🔍 DEBUG | → GET /api/video-file/auto_20260826_230521_Ngừng_Đa_Nhiệm___Làm_Một_Việc_Hiệu_Quả_H.mp4[0m
[2026-08-27 08:08:45] DEBUG | → GET /api/video-file/auto_20260826_230521_Ngừng_Đa_Nhiệm___Làm_Một_Việc_Hiệu_Quả_H.mp4
[36m[08:08:45] 🔍 DEBUG | → GET /api/video-file/auto_20260826_230510_Kinh_Nikaya__Thắng_Bản_Thân_Là_Chiến_Thắ.mp4[0m
[2026-08-27 08:08:45] DEBUG | → GET /api/video-file/auto_20260826_230510_Kinh_Nikaya__Thắng_Bản_Thân_Là_Chiến_Thắ.mp4
[36m[08:08:45] 🔍 DEBUG | → GET /api/video-file/auto_20260826_230451_Nghệ_Thuật_Lắng_Nghe_Chủ_Động___Kỹ_Năng_.mp4[0m
[2026-08-27 08:08:45] DEBUG | → GET /api/video-file/auto_20260826_230451_Nghệ_Thuật_Lắng_Nghe_Chủ_Động___Kỹ_Năng_.mp4
[36m[08:08:45] 🔍 DEBUG | → GET /api/video-file/auto_20260826_230443_Tại_Sao_Kỷ_Luật_Quan_Trọng_Hơn_Cảm_Hứng_.mp4[0m
[2026-08-27 08:08:45] DEBUG | → GET /api/video-file/auto_20260826_230443_Tại_Sao_Kỷ_Luật_Quan_Trọng_Hơn_Cảm_Hứng_.mp4
[36m[08:08:45] 🔍 DEBUG | → GET /api/video-file/auto_20260826_230436_Học_Cách_Nói_KHÔNG_Mà_Không_Cảm_Thấy_Áy_.mp4[0m
[2026-08-27 08:08:45] DEBUG | → GET /api/video-file/auto_20260826_230436_Học_Cách_Nói_KHÔNG_Mà_Không_Cảm_Thấy_Áy_.mp4
[36m[08:08:45] 🔍 DEBUG | → GET /api/video-file/auto_20260826_230429_Ngừng_Đa_Nhiệm___Làm_Một_Việc_Hiệu_Quả_H.mp4[0m
[2026-08-27 08:08:45] DEBUG | → GET /api/video-file/auto_20260826_230429_Ngừng_Đa_Nhiệm___Làm_Một_Việc_Hiệu_Quả_H.mp4
[36m[08:08:45] 🔍 DEBUG | → GET /api/video-file/auto_20260826_230421_Kinh_Nikaya__Giữ_Vững_Chánh_Định__SAMMA_.mp4[0m
[2026-08-27 08:08:45] DEBUG | → GET /api/video-file/auto_20260826_230421_Kinh_Nikaya__Giữ_Vững_Chánh_Định__SAMMA_.mp4
[36m[08:08:45] 🔍 DEBUG | → GET /api/video-file/auto_20260826_230404_First_Impression___7_Giây_Đầu_Quyết_Định.mp4[0m
[2026-08-27 08:08:45] DEBUG | → GET /api/video-file/auto_20260826_230404_First_Impression___7_Giây_Đầu_Quyết_Định.mp4
[36m[08:08:45] 🔍 DEBUG | → GET /api/video-file/auto_20260826_230358_Sức_Mạnh_Của_Journaling___Viết_Nhật_Ký_1.mp4[0m
[2026-08-27 08:08:45] DEBUG | → GET /api/video-file/auto_20260826_230358_Sức_Mạnh_Của_Journaling___Viết_Nhật_Ký_1.mp4
[36m[08:08:45] 🔍 DEBUG | → GET /api/video-file/auto_20260826_230352_Làm_Sao_Để_Tha_Thứ_Cho_Người_Làm_Mình_Đa.mp4[0m
[2026-08-27 08:08:45] DEBUG | → GET /api/video-file/auto_20260826_230352_Làm_Sao_Để_Tha_Thứ_Cho_Người_Làm_Mình_Đa.mp4
[36m[08:08:45] 🔍 DEBUG | → GET /api/video-file/auto_20260826_230345_Ma_Trận_Eisenhower___Phân_Loại_Công_Việc.mp4[0m
[2026-08-27 08:08:45] DEBUG | → GET /api/video-file/auto_20260826_230345_Ma_Trận_Eisenhower___Phân_Loại_Công_Việc.mp4
[36m[08:08:45] 🔍 DEBUG | → GET /api/video-file/auto_20260826_230337_Kinh_Nikaya__Thắng_Bản_Thân_Là_Chiến_Thắ.mp4[0m
[2026-08-27 08:08:45] DEBUG | → GET /api/video-file/auto_20260826_230337_Kinh_Nikaya__Thắng_Bản_Thân_Là_Chiến_Thắ.mp4
[36m[08:08:45] 🔍 DEBUG | → GET /api/video-file/auto_20260826_230320_Nghệ_Thuật_Lắng_Nghe_Chủ_Động___Kỹ_Năng_.mp4[0m
[2026-08-27 08:08:45] DEBUG | → GET /api/video-file/auto_20260826_230320_Nghệ_Thuật_Lắng_Nghe_Chủ_Động___Kỹ_Năng_.mp4
[36m[08:08:45] 🔍 DEBUG | → GET /api/video-file/auto_20260826_230312_Cách_Xây_Dựng_Buổi_Sáng_30_Phút_Thay_Đổi.mp4[0m
[2026-08-27 08:08:45] DEBUG | → GET /api/video-file/auto_20260826_230312_Cách_Xây_Dựng_Buổi_Sáng_30_Phút_Thay_Đổi.mp4
[36m[08:08:45] 🔍 DEBUG | → GET /api/video-file/auto_20260826_230304_Khi_Sự_Nhiệt_Huyết_Biến_Mất___Vượt_Qua_T.mp4[0m
[2026-08-27 08:08:45] DEBUG | → GET /api/video-file/auto_20260826_230304_Khi_Sự_Nhiệt_Huyết_Biến_Mất___Vượt_Qua_T.mp4
[36m[08:08:45] 🔍 DEBUG | → GET /api/video-file/auto_20260826_230254_Quy_Tắc_2_Phút_Đánh_Bại_Sự_Trì_Hoãn_Ngay.mp4[0m
[2026-08-27 08:08:45] DEBUG | → GET /api/video-file/auto_20260826_230254_Quy_Tắc_2_Phút_Đánh_Bại_Sự_Trì_Hoãn_Ngay.mp4
[36m[08:08:45] 🔍 DEBUG | → GET /api/video-file/auto_20260826_230240_Kinh_Nikaya__Tâm_Xả_Vô_Lượng__UPEKKHA___.mp4[0m
[2026-08-27 08:08:45] DEBUG | → GET /api/video-file/auto_20260826_230240_Kinh_Nikaya__Tâm_Xả_Vô_Lượng__UPEKKHA___.mp4
[36m[08:08:45] 🔍 DEBUG | → GET /api/video-file/auto_20260826_230217_First_Impression___7_Giây_Đầu_Quyết_Định.mp4[0m
[2026-08-27 08:08:45] DEBUG | → GET /api/video-file/auto_20260826_230217_First_Impression___7_Giây_Đầu_Quyết_Định.mp4
[36m[08:08:45] 🔍 DEBUG | → GET /api/video-file/auto_20260826_230208_No_Zero_Day___Không_Ngày_Nào_Là_Ngày_Trố.mp4[0m
[2026-08-27 08:08:45] DEBUG | → GET /api/video-file/auto_20260826_230208_No_Zero_Day___Không_Ngày_Nào_Là_Ngày_Trố.mp4
[36m[08:08:45] 🔍 DEBUG | → GET /api/video-file/auto_20260826_230152_Tại_Sao_Bạn_Mệt_Dù_Không_Làm_Gì___Decisi.mp4[0m
[2026-08-27 08:08:45] DEBUG | → GET /api/video-file/auto_20260826_230152_Tại_Sao_Bạn_Mệt_Dù_Không_Làm_Gì___Decisi.mp4
[36m[08:08:45] 🔍 DEBUG | → GET /api/video-file/auto_20260826_230159_5_Dấu_Hiệu_Bạn_Đang_Burnout___Nhận_Ra_Tr.mp4[0m
[2026-08-27 08:08:45] DEBUG | → GET /api/video-file/auto_20260826_230159_5_Dấu_Hiệu_Bạn_Đang_Burnout___Nhận_Ra_Tr.mp4
[36m[08:08:45] 🔍 DEBUG | → GET /api/video-file/auto_20260826_230144_Kinh_Nikaya__Chánh_Tinh_Tấn__SAMMA_VAYAM.mp4[0m
[2026-08-27 08:08:45] DEBUG | → GET /api/video-file/auto_20260826_230144_Kinh_Nikaya__Chánh_Tinh_Tấn__SAMMA_VAYAM.mp4
[36m[08:08:45] 🔍 DEBUG | → GET /api/video-file/auto_20260826_230128_First_Impression___7_Giây_Đầu_Quyết_Định.mp4[0m
[2026-08-27 08:08:45] DEBUG | → GET /api/video-file/auto_20260826_230128_First_Impression___7_Giây_Đầu_Quyết_Định.mp4
[36m[08:08:45] 🔍 DEBUG | → GET /api/video-file/auto_20260826_230121_Sức_Mạnh_Của_Journaling___Viết_Nhật_Ký_1.mp4[0m
[2026-08-27 08:08:45] DEBUG | → GET /api/video-file/auto_20260826_230121_Sức_Mạnh_Của_Journaling___Viết_Nhật_Ký_1.mp4
[36m[08:08:45] 🔍 DEBUG | → GET /api/video-file/auto_20260826_230114_Nghệ_Thuật_Buông_Bỏ_Kỳ_Vọng___Giải_Tỏa_Á.mp4[0m
[2026-08-27 08:08:45] DEBUG | → GET /api/video-file/auto_20260826_230114_Nghệ_Thuật_Buông_Bỏ_Kỳ_Vọng___Giải_Tỏa_Á.mp4
[36m[08:08:45] 🔍 DEBUG | → GET /api/video-file/auto_20260826_230107_Kỹ_Thuật_Time_Boxing_Nâng_Cao___Làm_Chủ_.mp4[0m
[2026-08-27 08:08:45] DEBUG | → GET /api/video-file/auto_20260826_230107_Kỹ_Thuật_Time_Boxing_Nâng_Cao___Làm_Chủ_.mp4
[36m[08:08:45] 🔍 DEBUG | → GET /api/video-file/auto_20260826_230041_Kinh_Nikaya__Tâm_Từ_Vô_Lượng__METTA____H.mp4[0m
[2026-08-27 08:08:45] DEBUG | → GET /api/video-file/auto_20260826_230041_Kinh_Nikaya__Tâm_Từ_Vô_Lượng__METTA____H.mp4
[36m[08:08:45] 🔍 DEBUG | → GET /api/video-file/auto_20260826_230020_Tại_Sao_Người_Ít_Nói_Lại_Thường_Được_Tin.mp4[0m
[2026-08-27 08:08:45] DEBUG | → GET /api/video-file/auto_20260826_230020_Tại_Sao_Người_Ít_Nói_Lại_Thường_Được_Tin.mp4
[36m[08:08:45] 🔍 DEBUG | → GET /api/video-file/auto_20260826_230011_No_Zero_Day___Không_Ngày_Nào_Là_Ngày_Trố.mp4[0m
[2026-08-27 08:08:45] DEBUG | → GET /api/video-file/auto_20260826_230011_No_Zero_Day___Không_Ngày_Nào_Là_Ngày_Trố.mp4
[36m[08:08:45] 🔍 DEBUG | → GET /api/video-file/auto_20260826_230002_5_Dấu_Hiệu_Bạn_Đang_Burnout___Nhận_Ra_Tr.mp4[0m
[2026-08-27 08:08:45] DEBUG | → GET /api/video-file/auto_20260826_230002_5_Dấu_Hiệu_Bạn_Đang_Burnout___Nhận_Ra_Tr.mp4
[36m[08:08:45] 🔍 DEBUG | → GET /api/video-file/auto_20260826_225955_Ma_Trận_Eisenhower___Phân_Loại_Công_Việc.mp4[0m
[2026-08-27 08:08:45] DEBUG | → GET /api/video-file/auto_20260826_225955_Ma_Trận_Eisenhower___Phân_Loại_Công_Việc.mp4
[36m[08:08:45] 🔍 DEBUG | → GET /api/video-file/auto_20260826_225946_Kinh_Nikaya__Buông_Bỏ_Lòng_Tham_Dục__LOB.mp4[0m
[2026-08-27 08:08:45] DEBUG | → GET /api/video-file/auto_20260826_225946_Kinh_Nikaya__Buông_Bỏ_Lòng_Tham_Dục__LOB.mp4
[36m[08:08:45] 🔍 DEBUG | → GET /api/video-file/auto_20260826_225930_Tại_Sao_Người_Ít_Nói_Lại_Thường_Được_Tin.mp4[0m
[2026-08-27 08:08:45] DEBUG | → GET /api/video-file/auto_20260826_225930_Tại_Sao_Người_Ít_Nói_Lại_Thường_Được_Tin.mp4
[36m[08:08:45] 🔍 DEBUG | → GET /api/video-file/auto_20260826_225923_Habit_Stacking___Ghép_Thói_Quen_Mới_Vào_.mp4[0m
[2026-08-27 08:08:45] DEBUG | → GET /api/video-file/auto_20260826_225923_Habit_Stacking___Ghép_Thói_Quen_Mới_Vào_.mp4
[36m[08:08:45] 🔍 DEBUG | → GET /api/video-file/auto_20260826_225916_Học_Cách_Nói_KHÔNG_Mà_Không_Cảm_Thấy_Áy_.mp4[0m
[2026-08-27 08:08:45] DEBUG | → GET /api/video-file/auto_20260826_225916_Học_Cách_Nói_KHÔNG_Mà_Không_Cảm_Thấy_Áy_.mp4
[36m[08:08:45] 🔍 DEBUG | → GET /api/video-file/auto_20260826_225910_Tại_Sao_Người_Thành_Công_Thức_Dậy_Sớm_Hơ.mp4[0m
[2026-08-27 08:08:45] DEBUG | → GET /api/video-file/auto_20260826_225910_Tại_Sao_Người_Thành_Công_Thức_Dậy_Sớm_Hơ.mp4
[36m[08:08:45] 🔍 DEBUG | → GET /api/video-file/auto_20260826_225902_Kinh_Nikaya__Sức_Mạnh_Của_Nhẫn_Nại__KHAN.mp4[0m
[2026-08-27 08:08:45] DEBUG | → GET /api/video-file/auto_20260826_225902_Kinh_Nikaya__Sức_Mạnh_Của_Nhẫn_Nại__KHAN.mp4
[36m[08:08:45] 🔍 DEBUG | → GET /api/video-file/auto_20260826_225846_Nghệ_Thuật_Lắng_Nghe_Chủ_Động___Kỹ_Năng_.mp4[0m
[2026-08-27 08:08:45] DEBUG | → GET /api/video-file/auto_20260826_225846_Nghệ_Thuật_Lắng_Nghe_Chủ_Động___Kỹ_Năng_.mp4
[36m[08:08:46] 🔍 DEBUG | → GET /api/video-file/auto_20260826_225838_Habit_Stacking___Ghép_Thói_Quen_Mới_Vào_.mp4[0m
[2026-08-27 08:08:46] DEBUG | → GET /api/video-file/auto_20260826_225838_Habit_Stacking___Ghép_Thói_Quen_Mới_Vào_.mp4
[36m[08:08:46] 🔍 DEBUG | → GET /api/video-file/auto_20260826_225833_Làm_Sao_Để_Tha_Thứ_Cho_Người_Làm_Mình_Đa.mp4[0m
[2026-08-27 08:08:46] DEBUG | → GET /api/video-file/auto_20260826_225833_Làm_Sao_Để_Tha_Thứ_Cho_Người_Làm_Mình_Đa.mp4
[36m[08:08:46] 🔍 DEBUG | → GET /api/video-file/auto_20260826_225811_Ma_Trận_Eisenhower___Phân_Loại_Công_Việc.mp4[0m
[2026-08-27 08:08:46] DEBUG | → GET /api/video-file/auto_20260826_225811_Ma_Trận_Eisenhower___Phân_Loại_Công_Việc.mp4
[36m[08:08:46] 🔍 DEBUG | → GET /api/video-file/auto_20260826_225801_Kinh_Nikaya__Chánh_Ngữ__SAMMA_VACA____Lờ.mp4[0m
[2026-08-27 08:08:46] DEBUG | → GET /api/video-file/auto_20260826_225801_Kinh_Nikaya__Chánh_Ngữ__SAMMA_VACA____Lờ.mp4
[36m[08:08:46] 🔍 DEBUG | → GET /api/video-file/auto_20260826_225741_Nghệ_Thuật_Lắng_Nghe_Chủ_Động___Kỹ_Năng_.mp4[0m
[2026-08-27 08:08:46] DEBUG | → GET /api/video-file/auto_20260826_225741_Nghệ_Thuật_Lắng_Nghe_Chủ_Động___Kỹ_Năng_.mp4
[36m[08:08:46] 🔍 DEBUG | → GET /api/video-file/auto_20260826_225732_Sức_Mạnh_Của_Journaling___Viết_Nhật_Ký_1.mp4[0m
[2026-08-27 08:08:46] DEBUG | → GET /api/video-file/auto_20260826_225732_Sức_Mạnh_Của_Journaling___Viết_Nhật_Ký_1.mp4
[36m[08:08:46] 🔍 DEBUG | → GET /api/video-file/auto_20260826_225722_5_Dấu_Hiệu_Bạn_Đang_Burnout___Nhận_Ra_Tr.mp4[0m
[2026-08-27 08:08:46] DEBUG | → GET /api/video-file/auto_20260826_225722_5_Dấu_Hiệu_Bạn_Đang_Burnout___Nhận_Ra_Tr.mp4
[36m[08:08:46] 🔍 DEBUG | → GET /api/video-file/auto_20260826_225713_Tại_Sao_Người_Thành_Công_Thức_Dậy_Sớm_Hơ.mp4[0m
[2026-08-27 08:08:46] DEBUG | → GET /api/video-file/auto_20260826_225713_Tại_Sao_Người_Thành_Công_Thức_Dậy_Sớm_Hơ.mp4
[36m[08:08:46] 🔍 DEBUG | → GET /api/video-file/auto_20260826_225703_Kinh_Nikaya__Sự_Tự_Do_Khỏi_Định_Kiến___K.mp4[0m
[2026-08-27 08:08:46] DEBUG | → GET /api/video-file/auto_20260826_225703_Kinh_Nikaya__Sự_Tự_Do_Khỏi_Định_Kiến___K.mp4
[36m[08:08:46] 🔍 DEBUG | → GET /api/video-file/auto_20260826_225645_Nghệ_Thuật_Lắng_Nghe_Chủ_Động___Kỹ_Năng_.mp4[0m
[2026-08-27 08:08:46] DEBUG | → GET /api/video-file/auto_20260826_225645_Nghệ_Thuật_Lắng_Nghe_Chủ_Động___Kỹ_Năng_.mp4
[36m[08:08:46] 🔍 DEBUG | → GET /api/video-file/auto_20260826_225636_No_Zero_Day___Không_Ngày_Nào_Là_Ngày_Trố.mp4[0m
[2026-08-27 08:08:46] DEBUG | → GET /api/video-file/auto_20260826_225636_No_Zero_Day___Không_Ngày_Nào_Là_Ngày_Trố.mp4
[36m[08:08:46] 🔍 DEBUG | → GET /api/video-file/auto_20260826_225628_Học_Cách_Nói_KHÔNG_Mà_Không_Cảm_Thấy_Áy_.mp4[0m
[2026-08-27 08:08:46] DEBUG | → GET /api/video-file/auto_20260826_225628_Học_Cách_Nói_KHÔNG_Mà_Không_Cảm_Thấy_Áy_.mp4
[36m[08:08:46] 🔍 DEBUG | → GET /api/video-file/auto_20260826_225619_Tại_Sao_Bạn_Mệt_Dù_Không_Làm_Gì___Decisi.mp4[0m
[2026-08-27 08:08:46] DEBUG | → GET /api/video-file/auto_20260826_225619_Tại_Sao_Bạn_Mệt_Dù_Không_Làm_Gì___Decisi.mp4
[36m[08:08:46] 🔍 DEBUG | → GET /api/video-file/auto_20260826_225609_Kinh_Nikaya__Học_Cách_Dừng_Lại__SAMATHA_.mp4[0m
[2026-08-27 08:08:46] DEBUG | → GET /api/video-file/auto_20260826_225609_Kinh_Nikaya__Học_Cách_Dừng_Lại__SAMATHA_.mp4
[36m[08:08:46] 🔍 DEBUG | → GET /api/video-file/auto_20260826_225534_Atomic_Habits___Thay_Đổi_1__Mỗi_Ngày_Để_.mp4[0m
[2026-08-27 08:08:46] DEBUG | → GET /api/video-file/auto_20260826_225534_Atomic_Habits___Thay_Đổi_1__Mỗi_Ngày_Để_.mp4
[36m[08:08:46] 🔍 DEBUG | → GET /api/video-file/auto_20260826_225546_First_Impression___7_Giây_Đầu_Quyết_Định.mp4[0m
[2026-08-27 08:08:46] DEBUG | → GET /api/video-file/auto_20260826_225546_First_Impression___7_Giây_Đầu_Quyết_Định.mp4
[36m[08:08:46] 🔍 DEBUG | → GET /api/video-file/auto_20260826_225522_Khi_Sự_Nhiệt_Huyết_Biến_Mất___Vượt_Qua_T.mp4[0m
[2026-08-27 08:08:46] DEBUG | → GET /api/video-file/auto_20260826_225522_Khi_Sự_Nhiệt_Huyết_Biến_Mất___Vượt_Qua_T.mp4
[36m[08:08:46] 🔍 DEBUG | → GET /api/video-file/auto_20260826_225510_Ngừng_Đa_Nhiệm___Làm_Một_Việc_Hiệu_Quả_H.mp4[0m
[2026-08-27 08:08:46] DEBUG | → GET /api/video-file/auto_20260826_225510_Ngừng_Đa_Nhiệm___Làm_Một_Việc_Hiệu_Quả_H.mp4
[36m[08:08:46] 🔍 DEBUG | → GET /api/video-file/auto_20260826_225455_Kinh_Nikaya__Nghệ_Thuật_Chọn_Bạn_Mà_Chơi.mp4[0m
[2026-08-27 08:08:46] DEBUG | → GET /api/video-file/auto_20260826_225455_Kinh_Nikaya__Nghệ_Thuật_Chọn_Bạn_Mà_Chơi.mp4
[36m[08:08:46] 🔍 DEBUG | → GET /api/video-file/auto_20260826_225436_Tại_Sao_Người_Ít_Nói_Lại_Thường_Được_Tin.mp4[0m
[2026-08-27 08:08:46] DEBUG | → GET /api/video-file/auto_20260826_225436_Tại_Sao_Người_Ít_Nói_Lại_Thường_Được_Tin.mp4
[36m[08:08:46] 🔍 DEBUG | → GET /api/video-file/auto_20260826_225427_Cách_Xây_Dựng_Buổi_Sáng_30_Phút_Thay_Đổi.mp4[0m
[2026-08-27 08:08:46] DEBUG | → GET /api/video-file/auto_20260826_225427_Cách_Xây_Dựng_Buổi_Sáng_30_Phút_Thay_Đổi.mp4
[36m[08:08:46] 🔍 DEBUG | → GET /api/video-file/auto_20260826_225419_5_Dấu_Hiệu_Bạn_Đang_Burnout___Nhận_Ra_Tr.mp4[0m
[2026-08-27 08:08:46] DEBUG | → GET /api/video-file/auto_20260826_225419_5_Dấu_Hiệu_Bạn_Đang_Burnout___Nhận_Ra_Tr.mp4
[36m[08:08:46] 🔍 DEBUG | → GET /api/video-file/auto_20260826_225412_Phương_Pháp_Deep_Work_Của_Cal_Newport___.mp4[0m
[2026-08-27 08:08:46] DEBUG | → GET /api/video-file/auto_20260826_225412_Phương_Pháp_Deep_Work_Của_Cal_Newport___.mp4
[36m[08:08:46] 🔍 DEBUG | → GET /api/video-file/auto_20260826_225404_Kinh_Nikaya__8_Ngọn_Gió_Đời__BÁT_THẾT_PH.mp4[0m
[2026-08-27 08:08:46] DEBUG | → GET /api/video-file/auto_20260826_225404_Kinh_Nikaya__8_Ngọn_Gió_Đời__BÁT_THẾT_PH.mp4
[36m[08:08:46] 🔍 DEBUG | → GET /api/video-file/auto_20260826_225347_Tại_Sao_Người_Ít_Nói_Lại_Thường_Được_Tin.mp4[0m
[2026-08-27 08:08:46] DEBUG | → GET /api/video-file/auto_20260826_225347_Tại_Sao_Người_Ít_Nói_Lại_Thường_Được_Tin.mp4
[36m[08:08:46] 🔍 DEBUG | → GET /api/video-file/auto_20260826_225340_No_Zero_Day___Không_Ngày_Nào_Là_Ngày_Trố.mp4[0m
[2026-08-27 08:08:46] DEBUG | → GET /api/video-file/auto_20260826_225340_No_Zero_Day___Không_Ngày_Nào_Là_Ngày_Trố.mp4
[36m[08:08:46] 🔍 DEBUG | → GET /api/video-file/auto_20260826_225333_Học_Cách_Nói_KHÔNG_Mà_Không_Cảm_Thấy_Áy_.mp4[0m
[2026-08-27 08:08:46] DEBUG | → GET /api/video-file/auto_20260826_225333_Học_Cách_Nói_KHÔNG_Mà_Không_Cảm_Thấy_Áy_.mp4
[36m[08:08:46] 🔍 DEBUG | → GET /api/video-file/auto_20260826_225325_Ngừng_Đa_Nhiệm___Làm_Một_Việc_Hiệu_Quả_H.mp4[0m
[2026-08-27 08:08:46] DEBUG | → GET /api/video-file/auto_20260826_225325_Ngừng_Đa_Nhiệm___Làm_Một_Việc_Hiệu_Quả_H.mp4
[36m[08:08:46] 🔍 DEBUG | → GET /api/video-file/auto_20260826_225303_Kinh_Nikaya__Sức_Mạnh_Của_Lòng_Biết_Ơn__.mp4[0m
[2026-08-27 08:08:46] DEBUG | → GET /api/video-file/auto_20260826_225303_Kinh_Nikaya__Sức_Mạnh_Của_Lòng_Biết_Ơn__.mp4
[36m[08:08:46] 🔍 DEBUG | → GET /api/video-file/auto_20260826_225235_Nghệ_Thuật_Lắng_Nghe_Chủ_Động___Kỹ_Năng_.mp4[0m
[2026-08-27 08:08:46] DEBUG | → GET /api/video-file/auto_20260826_225235_Nghệ_Thuật_Lắng_Nghe_Chủ_Động___Kỹ_Năng_.mp4
[36m[08:08:46] 🔍 DEBUG | → GET /api/video-file/auto_20260826_225222_Atomic_Habits___Thay_Đổi_1__Mỗi_Ngày_Để_.mp4[0m
[2026-08-27 08:08:46] DEBUG | → GET /api/video-file/auto_20260826_225222_Atomic_Habits___Thay_Đổi_1__Mỗi_Ngày_Để_.mp4
[36m[08:08:46] 🔍 DEBUG | → GET /api/video-file/auto_20260826_225212_Tại_Sao_Người_Mạnh_Mẽ_Cũng_Cần_Được_Khóc.mp4[0m
[2026-08-27 08:08:46] DEBUG | → GET /api/video-file/auto_20260826_225212_Tại_Sao_Người_Mạnh_Mẽ_Cũng_Cần_Được_Khóc.mp4
[36m[08:08:46] 🔍 DEBUG | → GET /api/video-file/auto_20260826_225205_Tại_Sao_Người_Thành_Công_Thức_Dậy_Sớm_Hơ.mp4[0m
[2026-08-27 08:08:46] DEBUG | → GET /api/video-file/auto_20260826_225205_Tại_Sao_Người_Thành_Công_Thức_Dậy_Sớm_Hơ.mp4
[36m[08:08:46] 🔍 DEBUG | → GET /api/video-file/auto_20260826_225157_Kinh_Nikaya__Quán_Thân_Trên_Thân__KAYANU.mp4[0m
[2026-08-27 08:08:46] DEBUG | → GET /api/video-file/auto_20260826_225157_Kinh_Nikaya__Quán_Thân_Trên_Thân__KAYANU.mp4
[36m[08:08:46] 🔍 DEBUG | → GET /api/video-file/auto_20260826_225141_First_Impression___7_Giây_Đầu_Quyết_Định.mp4[0m
[2026-08-27 08:08:46] DEBUG | → GET /api/video-file/auto_20260826_225141_First_Impression___7_Giây_Đầu_Quyết_Định.mp4
[36m[08:08:46] 🔍 DEBUG | → GET /api/video-file/auto_20260826_225134_Atomic_Habits___Thay_Đổi_1__Mỗi_Ngày_Để_.mp4[0m
[2026-08-27 08:08:46] DEBUG | → GET /api/video-file/auto_20260826_225134_Atomic_Habits___Thay_Đổi_1__Mỗi_Ngày_Để_.mp4
[36m[08:08:46] 🔍 DEBUG | → GET /api/video-file/auto_20260826_225120_Ma_Trận_Eisenhower___Phân_Loại_Công_Việc.mp4[0m
[2026-08-27 08:08:46] DEBUG | → GET /api/video-file/auto_20260826_225120_Ma_Trận_Eisenhower___Phân_Loại_Công_Việc.mp4
[36m[08:08:46] 🔍 DEBUG | → GET /api/video-file/auto_20260826_225111_Kinh_Nikaya__Lối_Sống_Biết_Đủ__SANTUTTHI.mp4[0m
[2026-08-27 08:08:46] DEBUG | → GET /api/video-file/auto_20260826_225111_Kinh_Nikaya__Lối_Sống_Biết_Đủ__SANTUTTHI.mp4
[36m[08:08:46] 🔍 DEBUG | → GET /api/video-file/auto_20260826_225127_Tại_Sao_Người_Mạnh_Mẽ_Cũng_Cần_Được_Khóc.mp4[0m
[36m[08:08:46] 🔍 DEBUG | → GET /api/video-file/auto_20260826_225054_Tại_Sao_Người_Ít_Nói_Lại_Thường_Được_Tin.mp4[0m
[2026-08-27 08:08:46] DEBUG | → GET /api/video-file/auto_20260826_225127_Tại_Sao_Người_Mạnh_Mẽ_Cũng_Cần_Được_Khóc.mp4
[2026-08-27 08:08:46] DEBUG | → GET /api/video-file/auto_20260826_225054_Tại_Sao_Người_Ít_Nói_Lại_Thường_Được_Tin.mp4
[36m[08:08:46] 🔍 DEBUG | → GET /api/video-file/auto_20260826_225044_No_Zero_Day___Không_Ngày_Nào_Là_Ngày_Trố.mp4[0m
[2026-08-27 08:08:46] DEBUG | → GET /api/video-file/auto_20260826_225044_No_Zero_Day___Không_Ngày_Nào_Là_Ngày_Trố.mp4
[36m[08:08:46] 🔍 DEBUG | → GET /api/video-file/auto_20260826_225030_5_Dấu_Hiệu_Bạn_Đang_Burnout___Nhận_Ra_Tr.mp4[0m
[2026-08-27 08:08:46] DEBUG | → GET /api/video-file/auto_20260826_225030_5_Dấu_Hiệu_Bạn_Đang_Burnout___Nhận_Ra_Tr.mp4
[36m[08:08:46] 🔍 DEBUG | → GET /api/video-file/auto_20260826_225014_Phương_Pháp_Deep_Work_Của_Cal_Newport___.mp4[0m
[2026-08-27 08:08:46] DEBUG | → GET /api/video-file/auto_20260826_225014_Phương_Pháp_Deep_Work_Của_Cal_Newport___.mp4
[36m[08:08:46] 🔍 DEBUG | → GET /api/video-file/auto_20260826_224955_Kinh_Nikaya__Trí_Tuệ_Quán_Thấu_Bản_Chất_.mp4[0m
[2026-08-27 08:08:46] DEBUG | → GET /api/video-file/auto_20260826_224955_Kinh_Nikaya__Trí_Tuệ_Quán_Thấu_Bản_Chất_.mp4
[36m[08:08:46] 🔍 DEBUG | → GET /api/video-file/auto_20260826_224935_Nghệ_Thuật_Lắng_Nghe_Chủ_Động___Kỹ_Năng_.mp4[0m
[2026-08-27 08:08:46] DEBUG | → GET /api/video-file/auto_20260826_224935_Nghệ_Thuật_Lắng_Nghe_Chủ_Động___Kỹ_Năng_.mp4
[36m[08:08:46] 🔍 DEBUG | → GET /api/video-file/auto_20260826_224926_Sức_Mạnh_Của_Journaling___Viết_Nhật_Ký_1.mp4[0m
[2026-08-27 08:08:46] DEBUG | → GET /api/video-file/auto_20260826_224926_Sức_Mạnh_Của_Journaling___Viết_Nhật_Ký_1.mp4
[36m[08:08:46] 🔍 DEBUG | → GET /api/video-file/auto_20260826_224917_Làm_Sao_Để_Tha_Thứ_Cho_Người_Làm_Mình_Đa.mp4[0m
[2026-08-27 08:08:46] DEBUG | → GET /api/video-file/auto_20260826_224917_Làm_Sao_Để_Tha_Thứ_Cho_Người_Làm_Mình_Đa.mp4
[36m[08:08:46] 🔍 DEBUG | → GET /api/video-file/auto_20260826_224909_Kỹ_Thuật_Time_Boxing_Nâng_Cao___Làm_Chủ_.mp4[0m
[2026-08-27 08:08:46] DEBUG | → GET /api/video-file/auto_20260826_224909_Kỹ_Thuật_Time_Boxing_Nâng_Cao___Làm_Chủ_.mp4
[36m[08:08:46] 🔍 DEBUG | → GET /api/video-file/auto_20260826_224900_Kinh_Nikaya__Thắng_Bản_Thân_Là_Chiến_Thắ.mp4[0m
[2026-08-27 08:08:46] DEBUG | → GET /api/video-file/auto_20260826_224900_Kinh_Nikaya__Thắng_Bản_Thân_Là_Chiến_Thắ.mp4
[36m[08:08:46] 🔍 DEBUG | → GET /api/video-file/auto_20260826_224839_First_Impression___7_Giây_Đầu_Quyết_Định.mp4[0m
[2026-08-27 08:08:46] DEBUG | → GET /api/video-file/auto_20260826_224839_First_Impression___7_Giây_Đầu_Quyết_Định.mp4
[36m[08:08:46] 🔍 DEBUG | → GET /api/video-file/auto_20260826_224831_Tại_Sao_Kỷ_Luật_Quan_Trọng_Hơn_Cảm_Hứng_.mp4[0m
[2026-08-27 08:08:46] DEBUG | → GET /api/video-file/auto_20260826_224831_Tại_Sao_Kỷ_Luật_Quan_Trọng_Hơn_Cảm_Hứng_.mp4
[36m[08:08:46] 🔍 DEBUG | → GET /api/video-file/auto_20260826_224822_Khi_Sự_Nhiệt_Huyết_Biến_Mất___Vượt_Qua_T.mp4[0m
[2026-08-27 08:08:46] DEBUG | → GET /api/video-file/auto_20260826_224822_Khi_Sự_Nhiệt_Huyết_Biến_Mất___Vượt_Qua_T.mp4
[36m[08:08:46] 🔍 DEBUG | → GET /api/video-file/auto_20260826_224816_5_Phút_Sáng_Quyết_Định_Năng_Suất_Cả_Ngày.mp4[0m
[2026-08-27 08:08:46] DEBUG | → GET /api/video-file/auto_20260826_224816_5_Phút_Sáng_Quyết_Định_Năng_Suất_Cả_Ngày.mp4
[36m[08:08:46] 🔍 DEBUG | → GET /api/video-file/auto_20260826_224807_Kinh_Nikaya__Giữ_Vững_Chánh_Định__SAMMA_.mp4[0m
[2026-08-27 08:08:46] DEBUG | → GET /api/video-file/auto_20260826_224807_Kinh_Nikaya__Giữ_Vững_Chánh_Định__SAMMA_.mp4
[36m[08:08:46] 🔍 DEBUG | → GET /api/video-file/auto_20260826_224750_Nghệ_Thuật_Lắng_Nghe_Chủ_Động___Kỹ_Năng_.mp4[0m
[2026-08-27 08:08:46] DEBUG | → GET /api/video-file/auto_20260826_224750_Nghệ_Thuật_Lắng_Nghe_Chủ_Động___Kỹ_Năng_.mp4
[36m[08:08:46] 🔍 DEBUG | → GET /api/video-file/auto_20260826_224742_Atomic_Habits___Thay_Đổi_1__Mỗi_Ngày_Để_.mp4[0m
[2026-08-27 08:08:46] DEBUG | → GET /api/video-file/auto_20260826_224742_Atomic_Habits___Thay_Đổi_1__Mỗi_Ngày_Để_.mp4
[36m[08:08:46] 🔍 DEBUG | → GET /api/video-file/auto_20260826_224736_Cách_Thoát_Khỏi_Vòng_Lặp_Overthinking_Mỗ.mp4[0m
[2026-08-27 08:08:46] DEBUG | → GET /api/video-file/auto_20260826_224736_Cách_Thoát_Khỏi_Vòng_Lặp_Overthinking_Mỗ.mp4
[36m[08:08:46] 🔍 DEBUG | → GET /api/video-file/auto_20260826_224728_Phương_Pháp_Deep_Work_Của_Cal_Newport___.mp4[0m
[2026-08-27 08:08:46] DEBUG | → GET /api/video-file/auto_20260826_224728_Phương_Pháp_Deep_Work_Của_Cal_Newport___.mp4
[36m[08:08:46] 🔍 DEBUG | → GET /api/video-file/auto_20260826_224719_Kinh_Nikaya__Con_Đường_Tứ_Diệu_Đế___4_Sự.mp4[0m
[2026-08-27 08:08:46] DEBUG | → GET /api/video-file/auto_20260826_224719_Kinh_Nikaya__Con_Đường_Tứ_Diệu_Đế___4_Sự.mp4
[36m[08:08:46] 🔍 DEBUG | → GET /api/video-file/auto_20260826_224702_Tại_Sao_Người_Ít_Nói_Lại_Thường_Được_Tin.mp4[0m
[2026-08-27 08:08:46] DEBUG | → GET /api/video-file/auto_20260826_224702_Tại_Sao_Người_Ít_Nói_Lại_Thường_Được_Tin.mp4
[36m[08:08:46] 🔍 DEBUG | → GET /api/video-file/auto_20260826_224655_Tại_Sao_Kỷ_Luật_Quan_Trọng_Hơn_Cảm_Hứng_.mp4[0m
[2026-08-27 08:08:46] DEBUG | → GET /api/video-file/auto_20260826_224655_Tại_Sao_Kỷ_Luật_Quan_Trọng_Hơn_Cảm_Hứng_.mp4
[36m[08:08:46] 🔍 DEBUG | → GET /api/video-file/auto_20260826_224647_Tại_Sao_Người_Mạnh_Mẽ_Cũng_Cần_Được_Khóc.mp4[0m
[2026-08-27 08:08:46] DEBUG | → GET /api/video-file/auto_20260826_224647_Tại_Sao_Người_Mạnh_Mẽ_Cũng_Cần_Được_Khóc.mp4
[36m[08:08:46] 🔍 DEBUG | → GET /api/video-file/auto_20260826_224640_Ngừng_Đa_Nhiệm___Làm_Một_Việc_Hiệu_Quả_H.mp4[0m
[2026-08-27 08:08:46] DEBUG | → GET /api/video-file/auto_20260826_224640_Ngừng_Đa_Nhiệm___Làm_Một_Việc_Hiệu_Quả_H.mp4
[36m[08:08:46] 🔍 DEBUG | → GET /api/video-file/auto_20260826_224632_Kinh_Nikaya__Con_Đường_Tứ_Diệu_Đế___4_Sự.mp4[0m
[2026-08-27 08:08:46] DEBUG | → GET /api/video-file/auto_20260826_224632_Kinh_Nikaya__Con_Đường_Tứ_Diệu_Đế___4_Sự.mp4
[36m[08:08:46] 🔍 DEBUG | → GET /api/video-file/auto_20260826_224614_First_Impression___7_Giây_Đầu_Quyết_Định.mp4[0m
[2026-08-27 08:08:46] DEBUG | → GET /api/video-file/auto_20260826_224614_First_Impression___7_Giây_Đầu_Quyết_Định.mp4
[36m[08:08:46] 🔍 DEBUG | → GET /api/video-file/auto_20260826_224606_Atomic_Habits___Thay_Đổi_1__Mỗi_Ngày_Để_.mp4[0m
[2026-08-27 08:08:46] DEBUG | → GET /api/video-file/auto_20260826_224606_Atomic_Habits___Thay_Đổi_1__Mỗi_Ngày_Để_.mp4
[36m[08:08:46] 🔍 DEBUG | → GET /api/video-file/auto_20260826_224558_5_Dấu_Hiệu_Bạn_Đang_Burnout___Nhận_Ra_Tr.mp4[0m
[2026-08-27 08:08:46] DEBUG | → GET /api/video-file/auto_20260826_224558_5_Dấu_Hiệu_Bạn_Đang_Burnout___Nhận_Ra_Tr.mp4
[36m[08:08:46] 🔍 DEBUG | → GET /api/video-file/auto_20260826_224551_Tại_Sao_Người_Thành_Công_Thức_Dậy_Sớm_Hơ.mp4[0m
[2026-08-27 08:08:46] DEBUG | → GET /api/video-file/auto_20260826_224551_Tại_Sao_Người_Thành_Công_Thức_Dậy_Sớm_Hơ.mp4
[36m[08:08:46] 🔍 DEBUG | → GET /api/video-file/auto_20260826_224542_Kinh_Nikaya__Con_Đường_Tứ_Diệu_Đế___4_Sự.mp4[0m
[2026-08-27 08:08:46] DEBUG | → GET /api/video-file/auto_20260826_224542_Kinh_Nikaya__Con_Đường_Tứ_Diệu_Đế___4_Sự.mp4
[36m[08:08:46] 🔍 DEBUG | → GET /api/video-file/auto_20260826_224525_Nghệ_Thuật_Lắng_Nghe_Chủ_Động___Kỹ_Năng_.mp4[0m
[2026-08-27 08:08:46] DEBUG | → GET /api/video-file/auto_20260826_224525_Nghệ_Thuật_Lắng_Nghe_Chủ_Động___Kỹ_Năng_.mp4
[36m[08:08:46] 🔍 DEBUG | → GET /api/video-file/auto_20260826_224516_No_Zero_Day___Không_Ngày_Nào_Là_Ngày_Trố.mp4[0m
[2026-08-27 08:08:46] DEBUG | → GET /api/video-file/auto_20260826_224516_No_Zero_Day___Không_Ngày_Nào_Là_Ngày_Trố.mp4
[36m[08:08:46] 🔍 DEBUG | → GET /api/video-file/auto_20260826_224509_Khi_Sự_Nhiệt_Huyết_Biến_Mất___Vượt_Qua_T.mp4[0m
[2026-08-27 08:08:46] DEBUG | → GET /api/video-file/auto_20260826_224509_Khi_Sự_Nhiệt_Huyết_Biến_Mất___Vượt_Qua_T.mp4
[36m[08:08:46] 🔍 DEBUG | → GET /api/video-file/auto_20260826_224501_Tại_Sao_Người_Thành_Công_Thức_Dậy_Sớm_Hơ.mp4[0m
[2026-08-27 08:08:46] DEBUG | → GET /api/video-file/auto_20260826_224501_Tại_Sao_Người_Thành_Công_Thức_Dậy_Sớm_Hơ.mp4
[36m[08:08:46] 🔍 DEBUG | → GET /api/video-file/auto_20260826_224453_Kinh_Nikaya__Bí_Quyết_Vượt_Qua_Nỗi_Sợ_Th.mp4[0m
[2026-08-27 08:08:46] DEBUG | → GET /api/video-file/auto_20260826_224453_Kinh_Nikaya__Bí_Quyết_Vượt_Qua_Nỗi_Sợ_Th.mp4
[36m[08:08:46] 🔍 DEBUG | → GET /api/video-file/auto_20260826_224435_First_Impression___7_Giây_Đầu_Quyết_Định.mp4[0m
[2026-08-27 08:08:46] DEBUG | → GET /api/video-file/auto_20260826_224435_First_Impression___7_Giây_Đầu_Quyết_Định.mp4
[36m[08:08:46] 🔍 DEBUG | → GET /api/video-file/auto_20260826_224428_Cách_Xây_Dựng_Buổi_Sáng_30_Phút_Thay_Đổi.mp4[0m
[2026-08-27 08:08:46] DEBUG | → GET /api/video-file/auto_20260826_224428_Cách_Xây_Dựng_Buổi_Sáng_30_Phút_Thay_Đổi.mp4
[36m[08:08:47] 🔍 DEBUG | → GET /api/video-file/auto_20260826_224422_Nghệ_Thuật_Buông_Bỏ_Kỳ_Vọng___Giải_Tỏa_Á.mp4[0m
[2026-08-27 08:08:47] DEBUG | → GET /api/video-file/auto_20260826_224422_Nghệ_Thuật_Buông_Bỏ_Kỳ_Vọng___Giải_Tỏa_Á.mp4
[36m[08:08:47] 🔍 DEBUG | → GET /api/video-file/auto_20260826_224415_Tại_Sao_Người_Thành_Công_Thức_Dậy_Sớm_Hơ.mp4[0m
[2026-08-27 08:08:47] DEBUG | → GET /api/video-file/auto_20260826_224415_Tại_Sao_Người_Thành_Công_Thức_Dậy_Sớm_Hơ.mp4
[36m[08:08:47] 🔍 DEBUG | → GET /api/video-file/auto_20260826_224407_Kinh_Nikaya__Nghệ_Thuật_Chọn_Bạn_Mà_Chơi.mp4[0m
[2026-08-27 08:08:47] DEBUG | → GET /api/video-file/auto_20260826_224407_Kinh_Nikaya__Nghệ_Thuật_Chọn_Bạn_Mà_Chơi.mp4
[36m[08:08:47] 🔍 DEBUG | → GET /api/video-file/auto_20260826_224349_Nghệ_Thuật_Lắng_Nghe_Chủ_Động___Kỹ_Năng_.mp4[0m
[2026-08-27 08:08:47] DEBUG | → GET /api/video-file/auto_20260826_224349_Nghệ_Thuật_Lắng_Nghe_Chủ_Động___Kỹ_Năng_.mp4
[36m[08:08:47] 🔍 DEBUG | → GET /api/video-file/auto_20260826_224342_No_Zero_Day___Không_Ngày_Nào_Là_Ngày_Trố.mp4[0m
[2026-08-27 08:08:47] DEBUG | → GET /api/video-file/auto_20260826_224342_No_Zero_Day___Không_Ngày_Nào_Là_Ngày_Trố.mp4
[36m[08:08:47] 🔍 DEBUG | → GET /api/video-file/auto_20260826_224336_Cách_Thoát_Khỏi_Vòng_Lặp_Overthinking_Mỗ.mp4[0m
[2026-08-27 08:08:47] DEBUG | → GET /api/video-file/auto_20260826_224336_Cách_Thoát_Khỏi_Vòng_Lặp_Overthinking_Mỗ.mp4
[36m[08:08:47] 🔍 DEBUG | → GET /api/video-file/auto_20260826_224329_Ngừng_Đa_Nhiệm___Làm_Một_Việc_Hiệu_Quả_H.mp4[0m
[2026-08-27 08:08:47] DEBUG | → GET /api/video-file/auto_20260826_224329_Ngừng_Đa_Nhiệm___Làm_Một_Việc_Hiệu_Quả_H.mp4
[36m[08:08:47] 🔍 DEBUG | → GET /api/video-file/auto_20260826_224307_Kinh_Nikaya__Tự_Mình_Là_Hải_Đăng__ATTADI.mp4[0m
[2026-08-27 08:08:47] DEBUG | → GET /api/video-file/auto_20260826_224307_Kinh_Nikaya__Tự_Mình_Là_Hải_Đăng__ATTADI.mp4
[36m[08:08:47] 🔍 DEBUG | → GET /api/video-file/auto_20260826_224250_First_Impression___7_Giây_Đầu_Quyết_Định.mp4[0m
[2026-08-27 08:08:47] DEBUG | → GET /api/video-file/auto_20260826_224250_First_Impression___7_Giây_Đầu_Quyết_Định.mp4
[36m[08:08:47] 🔍 DEBUG | → GET /api/video-file/auto_20260826_224244_Tại_Sao_Kỷ_Luật_Quan_Trọng_Hơn_Cảm_Hứng_.mp4[0m
[2026-08-27 08:08:47] DEBUG | → GET /api/video-file/auto_20260826_224244_Tại_Sao_Kỷ_Luật_Quan_Trọng_Hơn_Cảm_Hứng_.mp4
[36m[08:08:47] 🔍 DEBUG | → GET /api/video-file/auto_20260826_224238_Nghệ_Thuật_Buông_Bỏ_Kỳ_Vọng___Giải_Tỏa_Á.mp4[0m
[2026-08-27 08:08:47] DEBUG | → GET /api/video-file/auto_20260826_224238_Nghệ_Thuật_Buông_Bỏ_Kỳ_Vọng___Giải_Tỏa_Á.mp4
[36m[08:08:47] 🔍 DEBUG | → GET /api/video-file/auto_20260826_224232_Tại_Sao_Người_Thành_Công_Thức_Dậy_Sớm_Hơ.mp4[0m
[2026-08-27 08:08:47] DEBUG | → GET /api/video-file/auto_20260826_224232_Tại_Sao_Người_Thành_Công_Thức_Dậy_Sớm_Hơ.mp4
[36m[08:08:47] 🔍 DEBUG | → GET /api/video-file/auto_20260826_223534_First_Impression___7_Giây_Đầu_Quyết_Định.mp4[0m
[2026-08-27 08:08:47] DEBUG | → GET /api/video-file/auto_20260826_223534_First_Impression___7_Giây_Đầu_Quyết_Định.mp4
[36m[08:08:47] 🔍 DEBUG | → GET /api/video-file/auto_20260826_224225_Kinh_Nikaya__Giữ_Vững_Sức_Mạnh_Chánh_Mạn.mp4[0m
[2026-08-27 08:08:47] DEBUG | → GET /api/video-file/auto_20260826_224225_Kinh_Nikaya__Giữ_Vững_Sức_Mạnh_Chánh_Mạn.mp4
[36m[08:08:47] 🔍 DEBUG | → GET /api/video-file/auto_20260826_223520_Habit_Stacking___Ghép_Thói_Quen_Mới_Vào_.mp4[0m
[2026-08-27 08:08:47] DEBUG | → GET /api/video-file/auto_20260826_223520_Habit_Stacking___Ghép_Thói_Quen_Mới_Vào_.mp4
[36m[08:08:47] 🔍 DEBUG | → GET /api/video-file/auto_20260826_223511_Kỹ_Thuật_5_4_3_2_1_Chặn_Cơn_Lo_Âu_Trong_.mp4[0m
[2026-08-27 08:08:47] DEBUG | → GET /api/video-file/auto_20260826_223511_Kỹ_Thuật_5_4_3_2_1_Chặn_Cơn_Lo_Âu_Trong_.mp4
[36m[08:08:47] 🔍 DEBUG | → GET /api/video-file/auto_20260826_223504_Tại_Sao_Người_Thành_Công_Thức_Dậy_Sớm_Hơ.mp4[0m
[2026-08-27 08:08:47] DEBUG | → GET /api/video-file/auto_20260826_223504_Tại_Sao_Người_Thành_Công_Thức_Dậy_Sớm_Hơ.mp4
[36m[08:08:47] 🔍 DEBUG | → GET /api/video-file/auto_20260826_223454_Kinh_Nikaya__Giữ_Vững_Sức_Mạnh_Chánh_Mạn.mp4[0m
[2026-08-27 08:08:47] DEBUG | → GET /api/video-file/auto_20260826_223454_Kinh_Nikaya__Giữ_Vững_Sức_Mạnh_Chánh_Mạn.mp4
[36m[08:08:47] 🔍 DEBUG | → GET /api/video-file/manual_20260826_140557_Kinh_Nikaya__Chánh_Ngữ__SAMMA_VACA____Lờ.mp4[0m
[2026-08-27 08:08:47] DEBUG | → GET /api/video-file/manual_20260826_140557_Kinh_Nikaya__Chánh_Ngữ__SAMMA_VACA____Lờ.mp4
[36m[08:08:47] 🔍 DEBUG | → GET /api/video-file/manual_20260826_142722_Tại_Sao_Kỷ_Luật_Quan_Trọng_Hơn_Cảm_Hứng_.mp4[0m
[2026-08-27 08:08:47] DEBUG | → GET /api/video-file/manual_20260826_142722_Tại_Sao_Kỷ_Luật_Quan_Trọng_Hơn_Cảm_Hứng_.mp4
[36m[08:08:47] 🔍 DEBUG | → GET /api/video-file/manual_20260826_135319_Kinh_Nikaya__Tâm_Xả_Vô_Lượng__UPEKKHA___.mp4[0m
[2026-08-27 08:08:47] DEBUG | → GET /api/video-file/manual_20260826_135319_Kinh_Nikaya__Tâm_Xả_Vô_Lượng__UPEKKHA___.mp4
[36m[08:08:47] 🔍 DEBUG | → GET /api/video-file/auto_20260826_130729_Sức_Mạnh_Của_Journaling___Viết_Nhật_Ký_1.mp4[0m
[2026-08-27 08:08:47] DEBUG | → GET /api/video-file/auto_20260826_130729_Sức_Mạnh_Của_Journaling___Viết_Nhật_Ký_1.mp4
[36m[08:08:47] 🔍 DEBUG | → GET /api/video-file/auto_20260826_130737_Tại_Sao_Người_Ít_Nói_Lại_Thường_Được_Tin.mp4[0m
[2026-08-27 08:08:47] DEBUG | → GET /api/video-file/auto_20260826_130737_Tại_Sao_Người_Ít_Nói_Lại_Thường_Được_Tin.mp4
[36m[08:08:47] 🔍 DEBUG | → GET /api/video-file/auto_20260826_130715_Ngừng_Đa_Nhiệm___Làm_Một_Việc_Hiệu_Quả_H.mp4[0m
[2026-08-27 08:08:47] DEBUG | → GET /api/video-file/auto_20260826_130715_Ngừng_Đa_Nhiệm___Làm_Một_Việc_Hiệu_Quả_H.mp4
[36m[08:08:47] 🔍 DEBUG | → GET /api/video-file/auto_20260826_130722_Nghệ_Thuật_Buông_Bỏ_Kỳ_Vọng___Giải_Tỏa_Á.mp4[0m
[2026-08-27 08:08:47] DEBUG | → GET /api/video-file/auto_20260826_130722_Nghệ_Thuật_Buông_Bỏ_Kỳ_Vọng___Giải_Tỏa_Á.mp4
[36m[08:08:47] 🔍 DEBUG | → GET /api/video-file/auto_20260826_130707_Kinh_Nikaya__Tâm_Xả_Vô_Lượng__UPEKKHA___.mp4[0m
[2026-08-27 08:08:47] DEBUG | → GET /api/video-file/auto_20260826_130707_Kinh_Nikaya__Tâm_Xả_Vô_Lượng__UPEKKHA___.mp4
[36m[08:08:47] 🔍 DEBUG | → GET /api/video-file/auto_20260826_130722_Nghệ_Thuật_Buông_Bỏ_Kỳ_Vọng___Giải_Tỏa_Á.mp4[0m
[2026-08-27 08:08:47] DEBUG | → GET /api/video-file/auto_20260826_130722_Nghệ_Thuật_Buông_Bỏ_Kỳ_Vọng___Giải_Tỏa_Á.mp4
[36m[08:08:47] 🔍 DEBUG | → GET /api/video-file/auto_20260826_130642_Tại_Sao_Người_Ít_Nói_Lại_Thường_Được_Tin.mp4[0m
[2026-08-27 08:08:47] DEBUG | → GET /api/video-file/auto_20260826_130642_Tại_Sao_Người_Ít_Nói_Lại_Thường_Được_Tin.mp4
[36m[08:08:47] 🔍 DEBUG | → GET /api/video-file/auto_20260826_130707_Kinh_Nikaya__Tâm_Xả_Vô_Lượng__UPEKKHA___.mp4[0m
[2026-08-27 08:08:47] DEBUG | → GET /api/video-file/auto_20260826_130707_Kinh_Nikaya__Tâm_Xả_Vô_Lượng__UPEKKHA___.mp4
[36m[08:08:47] 🔍 DEBUG | → GET /api/video-file/auto_20260826_130636_Sức_Mạnh_Của_Journaling___Viết_Nhật_Ký_1.mp4[0m
[2026-08-27 08:08:47] DEBUG | → GET /api/video-file/auto_20260826_130636_Sức_Mạnh_Của_Journaling___Viết_Nhật_Ký_1.mp4
[36m[08:08:47] 🔍 DEBUG | → GET /api/video-file/auto_20260826_130629_Làm_Sao_Để_Tha_Thứ_Cho_Người_Làm_Mình_Đa.mp4[0m
[2026-08-27 08:08:47] DEBUG | → GET /api/video-file/auto_20260826_130629_Làm_Sao_Để_Tha_Thứ_Cho_Người_Làm_Mình_Đa.mp4
[36m[08:08:47] 🔍 DEBUG | → GET /api/video-file/auto_20260826_130621_Ma_Trận_Eisenhower___Phân_Loại_Công_Việc.mp4[0m
[2026-08-27 08:08:47] DEBUG | → GET /api/video-file/auto_20260826_130621_Ma_Trận_Eisenhower___Phân_Loại_Công_Việc.mp4
[36m[08:08:47] 🔍 DEBUG | → GET /api/video-file/auto_20260826_130613_Kinh_Nikaya__Bí_Quyết_Vượt_Qua_Nỗi_Sợ_Th.mp4[0m
[2026-08-27 08:08:47] DEBUG | → GET /api/video-file/auto_20260826_130613_Kinh_Nikaya__Bí_Quyết_Vượt_Qua_Nỗi_Sợ_Th.mp4
[36m[08:08:47] 🔍 DEBUG | → GET /api/video-file/auto_20260826_130557_Nghệ_Thuật_Lắng_Nghe_Chủ_Động___Kỹ_Năng_.mp4[0m
[2026-08-27 08:08:47] DEBUG | → GET /api/video-file/auto_20260826_130557_Nghệ_Thuật_Lắng_Nghe_Chủ_Động___Kỹ_Năng_.mp4
[36m[08:08:47] 🔍 DEBUG | → GET /api/video-file/auto_20260826_130550_Habit_Stacking___Ghép_Thói_Quen_Mới_Vào_.mp4[0m
[2026-08-27 08:08:47] DEBUG | → GET /api/video-file/auto_20260826_130550_Habit_Stacking___Ghép_Thói_Quen_Mới_Vào_.mp4
[36m[08:08:47] 🔍 DEBUG | → GET /api/video-file/auto_20260826_130543_Nghệ_Thuật_Buông_Bỏ_Kỳ_Vọng___Giải_Tỏa_Á.mp4[0m
[2026-08-27 08:08:47] DEBUG | → GET /api/video-file/auto_20260826_130543_Nghệ_Thuật_Buông_Bỏ_Kỳ_Vọng___Giải_Tỏa_Á.mp4
[36m[08:08:47] 🔍 DEBUG | → GET /api/video-file/auto_20260826_130536_Kỹ_Thuật_Time_Boxing_Nâng_Cao___Làm_Chủ_.mp4[0m
[2026-08-27 08:08:47] DEBUG | → GET /api/video-file/auto_20260826_130536_Kỹ_Thuật_Time_Boxing_Nâng_Cao___Làm_Chủ_.mp4
[36m[08:08:47] 🔍 DEBUG | → GET /api/video-file/auto_20260826_130528_Kinh_Nikaya__Định_Luật_Vô_Thường__ANICCA.mp4[0m
[2026-08-27 08:08:47] DEBUG | → GET /api/video-file/auto_20260826_130528_Kinh_Nikaya__Định_Luật_Vô_Thường__ANICCA.mp4
[36m[08:08:47] 🔍 DEBUG | → GET /api/video-file/auto_20260826_130511_Nghệ_Thuật_Lắng_Nghe_Chủ_Động___Kỹ_Năng_.mp4[0m
[2026-08-27 08:08:47] DEBUG | → GET /api/video-file/auto_20260826_130511_Nghệ_Thuật_Lắng_Nghe_Chủ_Động___Kỹ_Năng_.mp4
[36m[08:08:47] 🔍 DEBUG | → GET /api/video-file/auto_20260826_130528_Kinh_Nikaya__Định_Luật_Vô_Thường__ANICCA.mp4[0m
[2026-08-27 08:08:47] DEBUG | → GET /api/video-file/auto_20260826_130528_Kinh_Nikaya__Định_Luật_Vô_Thường__ANICCA.mp4
[36m[08:08:47] 🔍 DEBUG | → GET /api/video-file/auto_20260826_130504_Cách_Xây_Dựng_Buổi_Sáng_30_Phút_Thay_Đổi.mp4[0m
[2026-08-27 08:08:47] DEBUG | → GET /api/video-file/auto_20260826_130504_Cách_Xây_Dựng_Buổi_Sáng_30_Phút_Thay_Đổi.mp4
[36m[08:08:47] 🔍 DEBUG | → GET /api/video-file/auto_20260826_130457_Khi_Sự_Nhiệt_Huyết_Biến_Mất___Vượt_Qua_T.mp4[0m
[2026-08-27 08:08:47] DEBUG | → GET /api/video-file/auto_20260826_130457_Khi_Sự_Nhiệt_Huyết_Biến_Mất___Vượt_Qua_T.mp4
[36m[08:08:47] 🔍 DEBUG | → GET /api/video-file/auto_20260826_130450_Tại_Sao_Người_Thành_Công_Thức_Dậy_Sớm_Hơ.mp4[0m
[2026-08-27 08:08:47] DEBUG | → GET /api/video-file/auto_20260826_130450_Tại_Sao_Người_Thành_Công_Thức_Dậy_Sớm_Hơ.mp4
[36m[08:08:47] 🔍 DEBUG | → GET /api/video-file/auto_20260826_130429_Kinh_Nikaya__Quán_Thân_Trên_Thân__KAYANU.mp4[0m
[2026-08-27 08:08:47] DEBUG | → GET /api/video-file/auto_20260826_130429_Kinh_Nikaya__Quán_Thân_Trên_Thân__KAYANU.mp4
[36m[08:08:47] 🔍 DEBUG | → GET /api/video-file/auto_20260826_130412_First_Impression___7_Giây_Đầu_Quyết_Định.mp4[0m
[2026-08-27 08:08:47] DEBUG | → GET /api/video-file/auto_20260826_130412_First_Impression___7_Giây_Đầu_Quyết_Định.mp4
[36m[08:08:47] 🔍 DEBUG | → GET /api/video-file/auto_20260826_130405_Cách_Xây_Dựng_Buổi_Sáng_30_Phút_Thay_Đổi.mp4[0m
[2026-08-27 08:08:47] DEBUG | → GET /api/video-file/auto_20260826_130405_Cách_Xây_Dựng_Buổi_Sáng_30_Phút_Thay_Đổi.mp4
[36m[08:08:47] 🔍 DEBUG | → GET /api/video-file/auto_20260826_130357_5_Dấu_Hiệu_Bạn_Đang_Burnout___Nhận_Ra_Tr.mp4[0m
[2026-08-27 08:08:47] DEBUG | → GET /api/video-file/auto_20260826_130357_5_Dấu_Hiệu_Bạn_Đang_Burnout___Nhận_Ra_Tr.mp4
[36m[08:08:47] 🔍 DEBUG | → GET /api/video-file/auto_20260826_130350_Phương_Pháp_Deep_Work_Của_Cal_Newport___.mp4[0m
[2026-08-27 08:08:47] DEBUG | → GET /api/video-file/auto_20260826_130350_Phương_Pháp_Deep_Work_Của_Cal_Newport___.mp4
[36m[08:08:47] 🔍 DEBUG | → GET /api/video-file/auto_20260826_130339_Kinh_Nikaya__Sức_Mạnh_Của_Nhẫn_Nại__KHAN.mp4[0m
[2026-08-27 08:08:47] DEBUG | → GET /api/video-file/auto_20260826_130339_Kinh_Nikaya__Sức_Mạnh_Của_Nhẫn_Nại__KHAN.mp4
[36m[08:08:47] 🔍 DEBUG | → GET /api/video-file/auto_20260825_232800_Nghệ_Thuật_Lắng_Nghe_Chủ_Động___Kỹ_Năng_.mp4[0m
[2026-08-27 08:08:47] DEBUG | → GET /api/video-file/auto_20260825_232800_Nghệ_Thuật_Lắng_Nghe_Chủ_Động___Kỹ_Năng_.mp4
[36m[08:08:47] 🔍 DEBUG | → GET /api/video-file/auto_20260825_232753_No_Zero_Day___Không_Ngày_Nào_Là_Ngày_Trố.mp4[0m
[2026-08-27 08:08:47] DEBUG | → GET /api/video-file/auto_20260825_232753_No_Zero_Day___Không_Ngày_Nào_Là_Ngày_Trố.mp4
[36m[08:08:47] 🔍 DEBUG | → GET /api/video-file/auto_20260826_130339_Kinh_Nikaya__Sức_Mạnh_Của_Nhẫn_Nại__KHAN.mp4[0m
[2026-08-27 08:08:47] DEBUG | → GET /api/video-file/auto_20260826_130339_Kinh_Nikaya__Sức_Mạnh_Của_Nhẫn_Nại__KHAN.mp4
[36m[08:08:47] 🔍 DEBUG | → GET /api/video-file/auto_20260825_232746_Khi_Sự_Nhiệt_Huyết_Biến_Mất___Vượt_Qua_T.mp4[0m
[2026-08-27 08:08:47] DEBUG | → GET /api/video-file/auto_20260825_232746_Khi_Sự_Nhiệt_Huyết_Biến_Mất___Vượt_Qua_T.mp4
[36m[08:08:47] 🔍 DEBUG | → GET /api/video-file/auto_20260825_232739_Kỹ_Thuật_Time_Boxing_Nâng_Cao___Làm_Chủ_.mp4[0m
[2026-08-27 08:08:47] DEBUG | → GET /api/video-file/auto_20260825_232739_Kỹ_Thuật_Time_Boxing_Nâng_Cao___Làm_Chủ_.mp4
[36m[08:08:47] 🔍 DEBUG | → GET /api/video-file/auto_20260825_232730_Kinh_Nikaya__Giữ_Vững_Sức_Mạnh_Chánh_Mạn.mp4[0m
[2026-08-27 08:08:47] DEBUG | → GET /api/video-file/auto_20260825_232730_Kinh_Nikaya__Giữ_Vững_Sức_Mạnh_Chánh_Mạn.mp4
[36m[08:08:47] 🔍 DEBUG | → GET /api/video-file/auto_20260825_232711_First_Impression___7_Giây_Đầu_Quyết_Định.mp4[0m
[2026-08-27 08:08:47] DEBUG | → GET /api/video-file/auto_20260825_232711_First_Impression___7_Giây_Đầu_Quyết_Định.mp4
[36m[08:08:47] 🔍 DEBUG | → GET /api/video-file/auto_20260825_232700_No_Zero_Day___Không_Ngày_Nào_Là_Ngày_Trố.mp4[0m
[2026-08-27 08:08:47] DEBUG | → GET /api/video-file/auto_20260825_232700_No_Zero_Day___Không_Ngày_Nào_Là_Ngày_Trố.mp4
[36m[08:08:47] 🔍 DEBUG | → GET /api/video-file/auto_20260825_232635_Nghệ_Thuật_Buông_Bỏ_Kỳ_Vọng___Giải_Tỏa_Á.mp4[0m
[2026-08-27 08:08:47] DEBUG | → GET /api/video-file/auto_20260825_232635_Nghệ_Thuật_Buông_Bỏ_Kỳ_Vọng___Giải_Tỏa_Á.mp4
[36m[08:08:47] 🔍 DEBUG | → GET /api/video-file/auto_20260825_232618_Ngừng_Đa_Nhiệm___Làm_Một_Việc_Hiệu_Quả_H.mp4[0m
[2026-08-27 08:08:47] DEBUG | → GET /api/video-file/auto_20260825_232618_Ngừng_Đa_Nhiệm___Làm_Một_Việc_Hiệu_Quả_H.mp4
[36m[08:08:47] 🔍 DEBUG | → GET /api/video-file/auto_20260825_232557_Kinh_Nikaya__Quán_Thân_Trên_Thân__KAYANU.mp4[0m
[2026-08-27 08:08:47] DEBUG | → GET /api/video-file/auto_20260825_232557_Kinh_Nikaya__Quán_Thân_Trên_Thân__KAYANU.mp4
[36m[08:08:47] 🔍 DEBUG | → GET /api/video-file/auto_20260825_232534_Nghệ_Thuật_Lắng_Nghe_Chủ_Động___Kỹ_Năng_.mp4[0m
[2026-08-27 08:08:47] DEBUG | → GET /api/video-file/auto_20260825_232534_Nghệ_Thuật_Lắng_Nghe_Chủ_Động___Kỹ_Năng_.mp4
[36m[08:08:47] 🔍 DEBUG | → GET /api/video-file/auto_20260825_232522_Atomic_Habits___Thay_Đổi_1__Mỗi_Ngày_Để_.mp4[0m
[2026-08-27 08:08:47] DEBUG | → GET /api/video-file/auto_20260825_232522_Atomic_Habits___Thay_Đổi_1__Mỗi_Ngày_Để_.mp4
[36m[08:08:47] 🔍 DEBUG | → GET /api/video-file/auto_20260825_232512_Kỹ_Thuật_5_4_3_2_1_Chặn_Cơn_Lo_Âu_Trong_.mp4[0m
[2026-08-27 08:08:47] DEBUG | → GET /api/video-file/auto_20260825_232512_Kỹ_Thuật_5_4_3_2_1_Chặn_Cơn_Lo_Âu_Trong_.mp4
[36m[08:08:47] 🔍 DEBUG | → GET /api/video-file/auto_20260825_232504_5_Phút_Sáng_Quyết_Định_Năng_Suất_Cả_Ngày.mp4[0m
[2026-08-27 08:08:47] DEBUG | → GET /api/video-file/auto_20260825_232504_5_Phút_Sáng_Quyết_Định_Năng_Suất_Cả_Ngày.mp4
[36m[08:08:47] 🔍 DEBUG | → GET /api/video-file/auto_20260825_232454_Kinh_Nikaya__Định_Luật_Vô_Thường__ANICCA.mp4[0m
[2026-08-27 08:08:47] DEBUG | → GET /api/video-file/auto_20260825_232454_Kinh_Nikaya__Định_Luật_Vô_Thường__ANICCA.mp4
[36m[08:08:47] 🔍 DEBUG | → GET /api/video-file/auto_20260825_232437_Nghệ_Thuật_Lắng_Nghe_Chủ_Động___Kỹ_Năng_.mp4[0m
[2026-08-27 08:08:47] DEBUG | → GET /api/video-file/auto_20260825_232437_Nghệ_Thuật_Lắng_Nghe_Chủ_Động___Kỹ_Năng_.mp4
[36m[08:08:47] 🔍 DEBUG | → GET /api/video-file/auto_20260825_232428_Habit_Stacking___Ghép_Thói_Quen_Mới_Vào_.mp4[0m
[2026-08-27 08:08:47] DEBUG | → GET /api/video-file/auto_20260825_232428_Habit_Stacking___Ghép_Thói_Quen_Mới_Vào_.mp4
[36m[08:08:47] 🔍 DEBUG | → GET /api/video-file/auto_20260825_232421_5_Dấu_Hiệu_Bạn_Đang_Burnout___Nhận_Ra_Tr.mp4[0m
[2026-08-27 08:08:47] DEBUG | → GET /api/video-file/auto_20260825_232421_5_Dấu_Hiệu_Bạn_Đang_Burnout___Nhận_Ra_Tr.mp4
[36m[08:08:47] 🔍 DEBUG | → GET /api/video-file/auto_20260825_232414_5_Phút_Sáng_Quyết_Định_Năng_Suất_Cả_Ngày.mp4[0m
[2026-08-27 08:08:47] DEBUG | → GET /api/video-file/auto_20260825_232414_5_Phút_Sáng_Quyết_Định_Năng_Suất_Cả_Ngày.mp4
[36m[08:08:47] 🔍 DEBUG | → GET /api/video-file/auto_20260825_232405_Kinh_Nikaya__Sự_Tự_Do_Khỏi_Định_Kiến___K.mp4[0m
[2026-08-27 08:08:47] DEBUG | → GET /api/video-file/auto_20260825_232405_Kinh_Nikaya__Sự_Tự_Do_Khỏi_Định_Kiến___K.mp4
[36m[08:08:47] 🔍 DEBUG | → GET /api/video-file/auto_20260825_232347_Tại_Sao_Người_Ít_Nói_Lại_Thường_Được_Tin.mp4[0m
[2026-08-27 08:08:47] DEBUG | → GET /api/video-file/auto_20260825_232347_Tại_Sao_Người_Ít_Nói_Lại_Thường_Được_Tin.mp4
[36m[08:08:47] 🔍 DEBUG | → GET /api/video-file/auto_20260825_232337_Atomic_Habits___Thay_Đổi_1__Mỗi_Ngày_Để_.mp4[0m
[2026-08-27 08:08:47] DEBUG | → GET /api/video-file/auto_20260825_232337_Atomic_Habits___Thay_Đổi_1__Mỗi_Ngày_Để_.mp4
[36m[08:08:47] 🔍 DEBUG | → GET /api/video-file/auto_20260825_232326_Kỹ_Thuật_5_4_3_2_1_Chặn_Cơn_Lo_Âu_Trong_.mp4[0m
[2026-08-27 08:08:47] DEBUG | → GET /api/video-file/auto_20260825_232326_Kỹ_Thuật_5_4_3_2_1_Chặn_Cơn_Lo_Âu_Trong_.mp4
[36m[08:08:47] 🔍 DEBUG | → GET /api/video-file/auto_20260825_232316_Tại_Sao_Người_Thành_Công_Thức_Dậy_Sớm_Hơ.mp4[0m
[2026-08-27 08:08:47] DEBUG | → GET /api/video-file/auto_20260825_232316_Tại_Sao_Người_Thành_Công_Thức_Dậy_Sớm_Hơ.mp4
[36m[08:08:47] 🔍 DEBUG | → GET /api/video-file/auto_20260825_232304_Kinh_Nikaya__Luật_Nhân_Quả__KAMA____Bạn_.mp4[0m
[2026-08-27 08:08:47] DEBUG | → GET /api/video-file/auto_20260825_232304_Kinh_Nikaya__Luật_Nhân_Quả__KAMA____Bạn_.mp4
[36m[08:08:47] 🔍 DEBUG | → GET /api/video-file/auto_20260825_232243_Nghệ_Thuật_Lắng_Nghe_Chủ_Động___Kỹ_Năng_.mp4[0m
[2026-08-27 08:08:47] DEBUG | → GET /api/video-file/auto_20260825_232243_Nghệ_Thuật_Lắng_Nghe_Chủ_Động___Kỹ_Năng_.mp4
[36m[08:08:47] 🔍 DEBUG | → GET /api/video-file/auto_20260825_232234_Cách_Xây_Dựng_Buổi_Sáng_30_Phút_Thay_Đổi.mp4[0m
[2026-08-27 08:08:47] DEBUG | → GET /api/video-file/auto_20260825_232234_Cách_Xây_Dựng_Buổi_Sáng_30_Phút_Thay_Đổi.mp4
[36m[08:08:47] 🔍 DEBUG | → GET /api/video-file/auto_20260825_232225_Cách_Thoát_Khỏi_Vòng_Lặp_Overthinking_Mỗ.mp4[0m
[2026-08-27 08:08:47] DEBUG | → GET /api/video-file/auto_20260825_232225_Cách_Thoát_Khỏi_Vòng_Lặp_Overthinking_Mỗ.mp4
[36m[08:08:47] 🔍 DEBUG | → GET /api/video-file/auto_20260825_232134_Kinh_Nikaya__Bí_Quyết_Vượt_Qua_Nỗi_Sợ_Th.mp4[0m
[2026-08-27 08:08:47] DEBUG | → GET /api/video-file/auto_20260825_232134_Kinh_Nikaya__Bí_Quyết_Vượt_Qua_Nỗi_Sợ_Th.mp4
[36m[08:08:47] 🔍 DEBUG | → GET /api/video-file/auto_20260825_232215_Phương_Pháp_Deep_Work_Của_Cal_Newport___.mp4[0m
[2026-08-27 08:08:47] DEBUG | → GET /api/video-file/auto_20260825_232215_Phương_Pháp_Deep_Work_Của_Cal_Newport___.mp4
[36m[08:08:47] 🔍 DEBUG | → GET /api/video-file/auto_20260825_232056_First_Impression___7_Giây_Đầu_Quyết_Định.mp4[0m
[2026-08-27 08:08:47] DEBUG | → GET /api/video-file/auto_20260825_232056_First_Impression___7_Giây_Đầu_Quyết_Định.mp4
[36m[08:08:47] 🔍 DEBUG | → GET /api/video-file/auto_20260825_232037_Atomic_Habits___Thay_Đổi_1__Mỗi_Ngày_Để_.mp4[0m
[2026-08-27 08:08:47] DEBUG | → GET /api/video-file/auto_20260825_232037_Atomic_Habits___Thay_Đổi_1__Mỗi_Ngày_Để_.mp4
[36m[08:08:47] 🔍 DEBUG | → GET /api/video-file/auto_20260825_232013_Cách_Thoát_Khỏi_Vòng_Lặp_Overthinking_Mỗ.mp4[0m
[2026-08-27 08:08:47] DEBUG | → GET /api/video-file/auto_20260825_232013_Cách_Thoát_Khỏi_Vòng_Lặp_Overthinking_Mỗ.mp4
[36m[08:08:47] 🔍 DEBUG | → GET /api/video-file/auto_20260825_232007_Phương_Pháp_Deep_Work_Của_Cal_Newport___.mp4[0m
[2026-08-27 08:08:47] DEBUG | → GET /api/video-file/auto_20260825_232007_Phương_Pháp_Deep_Work_Của_Cal_Newport___.mp4
[36m[08:08:47] 🔍 DEBUG | → GET /api/video-file/auto_20260825_231959_Kinh_Nikaya__Trí_Tuệ_Quán_Thấu_Bản_Chất_.mp4[0m
[2026-08-27 08:08:47] DEBUG | → GET /api/video-file/auto_20260825_231959_Kinh_Nikaya__Trí_Tuệ_Quán_Thấu_Bản_Chất_.mp4
[36m[08:08:47] 🔍 DEBUG | → GET /api/video-file/auto_20260825_231941_Tại_Sao_Người_Ít_Nói_Lại_Thường_Được_Tin.mp4[0m
[2026-08-27 08:08:47] DEBUG | → GET /api/video-file/auto_20260825_231941_Tại_Sao_Người_Ít_Nói_Lại_Thường_Được_Tin.mp4
[36m[08:08:47] 🔍 DEBUG | → GET /api/video-file/auto_20260825_231932_No_Zero_Day___Không_Ngày_Nào_Là_Ngày_Trố.mp4[0m
[2026-08-27 08:08:47] DEBUG | → GET /api/video-file/auto_20260825_231932_No_Zero_Day___Không_Ngày_Nào_Là_Ngày_Trố.mp4
[36m[08:08:47] 🔍 DEBUG | → GET /api/video-file/auto_20260825_231924_Học_Cách_Nói_KHÔNG_Mà_Không_Cảm_Thấy_Áy_.mp4[0m
[2026-08-27 08:08:47] DEBUG | → GET /api/video-file/auto_20260825_231924_Học_Cách_Nói_KHÔNG_Mà_Không_Cảm_Thấy_Áy_.mp4
[36m[08:08:47] 🔍 DEBUG | → GET /api/video-file/auto_20260825_231915_Tại_Sao_Bạn_Mệt_Dù_Không_Làm_Gì___Decisi.mp4[0m
[2026-08-27 08:08:47] DEBUG | → GET /api/video-file/auto_20260825_231915_Tại_Sao_Bạn_Mệt_Dù_Không_Làm_Gì___Decisi.mp4
[36m[08:08:47] 🔍 DEBUG | → GET /api/video-file/auto_20260825_231904_Kinh_Nikaya__Chánh_Niệm_Hơi_Thở__ANAPANA.mp4[0m
[2026-08-27 08:08:47] DEBUG | → GET /api/video-file/auto_20260825_231904_Kinh_Nikaya__Chánh_Niệm_Hơi_Thở__ANAPANA.mp4
[36m[08:08:47] 🔍 DEBUG | → GET /api/video-file/auto_20260825_231834_Tại_Sao_Người_Ít_Nói_Lại_Thường_Được_Tin.mp4[0m
[2026-08-27 08:08:47] DEBUG | → GET /api/video-file/auto_20260825_231834_Tại_Sao_Người_Ít_Nói_Lại_Thường_Được_Tin.mp4
[36m[08:08:47] 🔍 DEBUG | → GET /api/video-file/auto_20260825_231813_Sức_Mạnh_Của_Journaling___Viết_Nhật_Ký_1.mp4[0m
[2026-08-27 08:08:47] DEBUG | → GET /api/video-file/auto_20260825_231813_Sức_Mạnh_Của_Journaling___Viết_Nhật_Ký_1.mp4
[36m[08:08:47] 🔍 DEBUG | → GET /api/video-file/auto_20260825_231756_5_Dấu_Hiệu_Bạn_Đang_Burnout___Nhận_Ra_Tr.mp4[0m
[2026-08-27 08:08:47] DEBUG | → GET /api/video-file/auto_20260825_231756_5_Dấu_Hiệu_Bạn_Đang_Burnout___Nhận_Ra_Tr.mp4
[36m[08:08:47] 🔍 DEBUG | → GET /api/video-file/auto_20260825_231743_Quy_Tắc_2_Phút_Đánh_Bại_Sự_Trì_Hoãn_Ngay.mp4[0m
[2026-08-27 08:08:47] DEBUG | → GET /api/video-file/auto_20260825_231743_Quy_Tắc_2_Phút_Đánh_Bại_Sự_Trì_Hoãn_Ngay.mp4
[36m[08:08:47] 🔍 DEBUG | → GET /api/video-file/auto_20260825_231732_Kinh_Nikaya__Buông_Bỏ_Lòng_Tham_Dục__LOB.mp4[0m
[2026-08-27 08:08:47] DEBUG | → GET /api/video-file/auto_20260825_231732_Kinh_Nikaya__Buông_Bỏ_Lòng_Tham_Dục__LOB.mp4
[36m[08:08:47] 🔍 DEBUG | → GET /api/video-file/auto_20260825_231709_Nghệ_Thuật_Lắng_Nghe_Chủ_Động___Kỹ_Năng_.mp4[0m
[2026-08-27 08:08:47] DEBUG | → GET /api/video-file/auto_20260825_231709_Nghệ_Thuật_Lắng_Nghe_Chủ_Động___Kỹ_Năng_.mp4
[36m[08:08:47] 🔍 DEBUG | → GET /api/video-file/auto_20260825_231655_Cách_Xây_Dựng_Buổi_Sáng_30_Phút_Thay_Đổi.mp4[0m
[2026-08-27 08:08:47] DEBUG | → GET /api/video-file/auto_20260825_231655_Cách_Xây_Dựng_Buổi_Sáng_30_Phút_Thay_Đổi.mp4
[36m[08:08:47] 🔍 DEBUG | → GET /api/video-file/auto_20260825_231638_Nghệ_Thuật_Buông_Bỏ_Kỳ_Vọng___Giải_Tỏa_Á.mp4[0m
[2026-08-27 08:08:47] DEBUG | → GET /api/video-file/auto_20260825_231638_Nghệ_Thuật_Buông_Bỏ_Kỳ_Vọng___Giải_Tỏa_Á.mp4
[36m[08:08:47] 🔍 DEBUG | → GET /api/video-file/auto_20260825_231623_Tại_Sao_Người_Thành_Công_Thức_Dậy_Sớm_Hơ.mp4[0m
[36m[08:08:47] 🔍 DEBUG | → GET /api/video-file/auto_20260825_231610_Kinh_Nikaya__Học_Cách_Dừng_Lại__SAMATHA_.mp4[0m
[2026-08-27 08:08:47] DEBUG | → GET /api/video-file/auto_20260825_231623_Tại_Sao_Người_Thành_Công_Thức_Dậy_Sớm_Hơ.mp4
[36m[08:08:47] 🔍 DEBUG | → GET /api/video-file/auto_20260825_231545_Atomic_Habits___Thay_Đổi_1__Mỗi_Ngày_Để_.mp4[0m
[2026-08-27 08:08:47] DEBUG | → GET /api/video-file/auto_20260825_231610_Kinh_Nikaya__Học_Cách_Dừng_Lại__SAMATHA_.mp4
[2026-08-27 08:08:47] DEBUG | → GET /api/video-file/auto_20260825_231545_Atomic_Habits___Thay_Đổi_1__Mỗi_Ngày_Để_.mp4
[36m[08:08:47] 🔍 DEBUG | → GET /api/video-file/auto_20260825_231553_Tại_Sao_Người_Ít_Nói_Lại_Thường_Được_Tin.mp4[0m
[2026-08-27 08:08:47] DEBUG | → GET /api/video-file/auto_20260825_231553_Tại_Sao_Người_Ít_Nói_Lại_Thường_Được_Tin.mp4
[36m[08:08:47] 🔍 DEBUG | → GET /api/video-file/auto_20260825_231537_Nghệ_Thuật_Buông_Bỏ_Kỳ_Vọng___Giải_Tỏa_Á.mp4[0m
[2026-08-27 08:08:47] DEBUG | → GET /api/video-file/auto_20260825_231537_Nghệ_Thuật_Buông_Bỏ_Kỳ_Vọng___Giải_Tỏa_Á.mp4
[36m[08:08:47] 🔍 DEBUG | → GET /api/video-file/auto_20260825_231529_Ma_Trận_Eisenhower___Phân_Loại_Công_Việc.mp4[0m
[2026-08-27 08:08:47] DEBUG | → GET /api/video-file/auto_20260825_231529_Ma_Trận_Eisenhower___Phân_Loại_Công_Việc.mp4
[36m[08:08:47] 🔍 DEBUG | → GET /api/video-file/auto_20260825_231508_Kinh_Nikaya__Quán_Thân_Trên_Thân__KAYANU.mp4[0m
[2026-08-27 08:08:47] DEBUG | → GET /api/video-file/auto_20260825_231508_Kinh_Nikaya__Quán_Thân_Trên_Thân__KAYANU.mp4
[36m[08:08:47] 🔍 DEBUG | → GET /api/video-file/auto_20260825_231451_Nghệ_Thuật_Lắng_Nghe_Chủ_Động___Kỹ_Năng_.mp4[0m
[2026-08-27 08:08:47] DEBUG | → GET /api/video-file/auto_20260825_231451_Nghệ_Thuật_Lắng_Nghe_Chủ_Động___Kỹ_Năng_.mp4
[36m[08:08:47] 🔍 DEBUG | → GET /api/video-file/auto_20260825_231445_Cách_Xây_Dựng_Buổi_Sáng_30_Phút_Thay_Đổi.mp4[0m
[36m[08:08:47] 🔍 DEBUG | → GET /api/video-file/auto_20260825_231429_Khi_Sự_Nhiệt_Huyết_Biến_Mất___Vượt_Qua_T.mp4[0m
[2026-08-27 08:08:47] DEBUG | → GET /api/video-file/auto_20260825_231445_Cách_Xây_Dựng_Buổi_Sáng_30_Phút_Thay_Đổi.mp4
[36m[08:08:47] 🔍 DEBUG | → GET /api/video-file/auto_20260825_231411_Kỹ_Thuật_Time_Boxing_Nâng_Cao___Làm_Chủ_.mp4[0m
[2026-08-27 08:08:47] DEBUG | → GET /api/video-file/auto_20260825_231429_Khi_Sự_Nhiệt_Huyết_Biến_Mất___Vượt_Qua_T.mp4
[36m[08:08:47] 🔍 DEBUG | → GET /api/video-file/auto_20260825_231403_Kinh_Nikaya__Chánh_Niệm_Hơi_Thở__ANAPANA.mp4[0m
[2026-08-27 08:08:47] DEBUG | → GET /api/video-file/auto_20260825_231411_Kỹ_Thuật_Time_Boxing_Nâng_Cao___Làm_Chủ_.mp4
[2026-08-27 08:08:47] DEBUG | → GET /api/video-file/auto_20260825_231403_Kinh_Nikaya__Chánh_Niệm_Hơi_Thở__ANAPANA.mp4
[36m[08:08:47] 🔍 DEBUG | → GET /api/video-file/auto_20260825_231347_Tại_Sao_Người_Ít_Nói_Lại_Thường_Được_Tin.mp4[0m
[2026-08-27 08:08:47] DEBUG | → GET /api/video-file/auto_20260825_231347_Tại_Sao_Người_Ít_Nói_Lại_Thường_Được_Tin.mp4
[36m[08:08:47] 🔍 DEBUG | → GET /api/video-file/auto_20260825_231341_Tại_Sao_Kỷ_Luật_Quan_Trọng_Hơn_Cảm_Hứng_.mp4[0m
[2026-08-27 08:08:47] DEBUG | → GET /api/video-file/auto_20260825_231341_Tại_Sao_Kỷ_Luật_Quan_Trọng_Hơn_Cảm_Hứng_.mp4
[36m[08:08:47] 🔍 DEBUG | → GET /api/video-file/auto_20260825_231334_Kỹ_Thuật_5_4_3_2_1_Chặn_Cơn_Lo_Âu_Trong_.mp4[0m
[2026-08-27 08:08:47] DEBUG | → GET /api/video-file/auto_20260825_231334_Kỹ_Thuật_5_4_3_2_1_Chặn_Cơn_Lo_Âu_Trong_.mp4
[36m[08:08:47] 🔍 DEBUG | → GET /api/video-file/auto_20260825_231327_Ma_Trận_Eisenhower___Phân_Loại_Công_Việc.mp4[0m
[2026-08-27 08:08:47] DEBUG | → GET /api/video-file/auto_20260825_231327_Ma_Trận_Eisenhower___Phân_Loại_Công_Việc.mp4
[36m[08:08:47] 🔍 DEBUG | → GET /api/video-file/auto_20260825_231301_Kinh_Nikaya__Tâm_Xả_Vô_Lượng__UPEKKHA___.mp4[0m
[2026-08-27 08:08:47] DEBUG | → GET /api/video-file/auto_20260825_231301_Kinh_Nikaya__Tâm_Xả_Vô_Lượng__UPEKKHA___.mp4
[36m[08:08:47] 🔍 DEBUG | → GET /api/video-file/auto_20260825_231245_Tại_Sao_Người_Ít_Nói_Lại_Thường_Được_Tin.mp4[0m
[2026-08-27 08:08:47] DEBUG | → GET /api/video-file/auto_20260825_231245_Tại_Sao_Người_Ít_Nói_Lại_Thường_Được_Tin.mp4
[36m[08:08:47] 🔍 DEBUG | → GET /api/video-file/auto_20260825_231239_Sức_Mạnh_Của_Journaling___Viết_Nhật_Ký_1.mp4[0m
[2026-08-27 08:08:47] DEBUG | → GET /api/video-file/auto_20260825_231239_Sức_Mạnh_Của_Journaling___Viết_Nhật_Ký_1.mp4
[36m[08:08:47] 🔍 DEBUG | → GET /api/video-file/auto_20260825_231232_Kỹ_Thuật_5_4_3_2_1_Chặn_Cơn_Lo_Âu_Trong_.mp4[0m
[2026-08-27 08:08:47] DEBUG | → GET /api/video-file/auto_20260825_231232_Kỹ_Thuật_5_4_3_2_1_Chặn_Cơn_Lo_Âu_Trong_.mp4
[36m[08:08:47] 🔍 DEBUG | → GET /api/video-file/auto_20260825_231225_Phương_Pháp_Deep_Work_Của_Cal_Newport___.mp4[0m
[2026-08-27 08:08:47] DEBUG | → GET /api/video-file/auto_20260825_231225_Phương_Pháp_Deep_Work_Của_Cal_Newport___.mp4
[36m[08:08:47] 🔍 DEBUG | → GET /api/video-file/auto_20260825_231207_Kinh_Nikaya__Lối_Sống_Biết_Đủ__SANTUTTHI.mp4[0m
[2026-08-27 08:08:47] DEBUG | → GET /api/video-file/auto_20260825_231207_Kinh_Nikaya__Lối_Sống_Biết_Đủ__SANTUTTHI.mp4
[36m[08:08:47] 🔍 DEBUG | → GET /api/video-file/auto_20260825_231140_First_Impression___7_Giây_Đầu_Quyết_Định.mp4[0m
[2026-08-27 08:08:47] DEBUG | → GET /api/video-file/auto_20260825_231140_First_Impression___7_Giây_Đầu_Quyết_Định.mp4
[36m[08:08:47] 🔍 DEBUG | → GET /api/video-file/auto_20260825_231124_Sức_Mạnh_Của_Journaling___Viết_Nhật_Ký_1.mp4[0m
[2026-08-27 08:08:47] DEBUG | → GET /api/video-file/auto_20260825_231124_Sức_Mạnh_Của_Journaling___Viết_Nhật_Ký_1.mp4
[36m[08:08:47] 🔍 DEBUG | → GET /api/video-file/auto_20260825_231103_Học_Cách_Nói_KHÔNG_Mà_Không_Cảm_Thấy_Áy_.mp4[0m
[2026-08-27 08:08:47] DEBUG | → GET /api/video-file/auto_20260825_231103_Học_Cách_Nói_KHÔNG_Mà_Không_Cảm_Thấy_Áy_.mp4
[36m[08:08:47] 🔍 DEBUG | → GET /api/video-file/auto_20260825_231056_Phương_Pháp_Deep_Work_Của_Cal_Newport___.mp4[0m
[36m[08:08:47] 🔍 DEBUG | → GET /api/video-file/auto_20260825_231031_Kinh_Nikaya__Định_Luật_Vô_Thường__ANICCA.mp4[0m
[2026-08-27 08:08:47] DEBUG | → GET /api/video-file/auto_20260825_231056_Phương_Pháp_Deep_Work_Của_Cal_Newport___.mp4
[2026-08-27 08:08:47] DEBUG | → GET /api/video-file/auto_20260825_231031_Kinh_Nikaya__Định_Luật_Vô_Thường__ANICCA.mp4
[36m[08:08:47] 🔍 DEBUG | → GET /api/video-file/auto_20260825_231015_Tại_Sao_Người_Ít_Nói_Lại_Thường_Được_Tin.mp4[0m
[2026-08-27 08:08:47] DEBUG | → GET /api/video-file/auto_20260825_231015_Tại_Sao_Người_Ít_Nói_Lại_Thường_Được_Tin.mp4
[36m[08:08:47] 🔍 DEBUG | → GET /api/video-file/auto_20260825_231008_Cách_Xây_Dựng_Buổi_Sáng_30_Phút_Thay_Đổi.mp4[0m
[2026-08-27 08:08:47] DEBUG | → GET /api/video-file/auto_20260825_231008_Cách_Xây_Dựng_Buổi_Sáng_30_Phút_Thay_Đổi.mp4
[36m[08:08:47] 🔍 DEBUG | → GET /api/video-file/auto_20260825_231001_Làm_Sao_Để_Tha_Thứ_Cho_Người_Làm_Mình_Đa.mp4[0m
[36m[08:08:47] 🔍 DEBUG | → GET /api/video-file/auto_20260825_230954_5_Phút_Sáng_Quyết_Định_Năng_Suất_Cả_Ngày.mp4[0m
[2026-08-27 08:08:47] DEBUG | → GET /api/video-file/auto_20260825_231001_Làm_Sao_Để_Tha_Thứ_Cho_Người_Làm_Mình_Đa.mp4
[2026-08-27 08:08:47] DEBUG | → GET /api/video-file/auto_20260825_230954_5_Phút_Sáng_Quyết_Định_Năng_Suất_Cả_Ngày.mp4
[36m[08:08:47] 🔍 DEBUG | → GET /api/video-file/auto_20260825_230946_Kinh_Nikaya__Con_Đường_Tứ_Diệu_Đế___4_Sự.mp4[0m
[2026-08-27 08:08:47] DEBUG | → GET /api/video-file/auto_20260825_230946_Kinh_Nikaya__Con_Đường_Tứ_Diệu_Đế___4_Sự.mp4
[36m[08:08:47] 🔍 DEBUG | → GET /api/video-file/auto_20260825_230928_Tại_Sao_Người_Ít_Nói_Lại_Thường_Được_Tin.mp4[0m
[2026-08-27 08:08:47] DEBUG | → GET /api/video-file/auto_20260825_230928_Tại_Sao_Người_Ít_Nói_Lại_Thường_Được_Tin.mp4
[36m[08:08:47] 🔍 DEBUG | → GET /api/video-file/auto_20260825_230920_Atomic_Habits___Thay_Đổi_1__Mỗi_Ngày_Để_.mp4[0m
[2026-08-27 08:08:47] DEBUG | → GET /api/video-file/auto_20260825_230920_Atomic_Habits___Thay_Đổi_1__Mỗi_Ngày_Để_.mp4
[36m[08:08:47] 🔍 DEBUG | → GET /api/video-file/auto_20260825_230912_5_Dấu_Hiệu_Bạn_Đang_Burnout___Nhận_Ra_Tr.mp4[0m
[2026-08-27 08:08:47] DEBUG | → GET /api/video-file/auto_20260825_230912_5_Dấu_Hiệu_Bạn_Đang_Burnout___Nhận_Ra_Tr.mp4
[36m[08:08:47] 🔍 DEBUG | → GET /api/video-file/auto_20260825_230813_Phương_Pháp_Deep_Work_Của_Cal_Newport___.mp4[0m
[2026-08-27 08:08:47] DEBUG | → GET /api/video-file/auto_20260825_230813_Phương_Pháp_Deep_Work_Của_Cal_Newport___.mp4
[36m[08:08:47] 🔍 DEBUG | → GET /api/video-file/auto_20260825_230805_Kinh_Nikaya__Trí_Tuệ_Quán_Thấu_Bản_Chất_.mp4[0m
[2026-08-27 08:08:47] DEBUG | → GET /api/video-file/auto_20260825_230805_Kinh_Nikaya__Trí_Tuệ_Quán_Thấu_Bản_Chất_.mp4
[36m[08:08:47] 🔍 DEBUG | → GET /api/video-file/auto_20260825_230748_First_Impression___7_Giây_Đầu_Quyết_Định.mp4[0m
[2026-08-27 08:08:47] DEBUG | → GET /api/video-file/auto_20260825_230748_First_Impression___7_Giây_Đầu_Quyết_Định.mp4
[36m[08:08:47] 🔍 DEBUG | → GET /api/video-file/auto_20260825_230740_Habit_Stacking___Ghép_Thói_Quen_Mới_Vào_.mp4[0m
[36m[08:08:47] 🔍 DEBUG | → GET /api/video-file/auto_20260825_230733_5_Dấu_Hiệu_Bạn_Đang_Burnout___Nhận_Ra_Tr.mp4[0m
[2026-08-27 08:08:47] DEBUG | → GET /api/video-file/auto_20260825_230740_Habit_Stacking___Ghép_Thói_Quen_Mới_Vào_.mp4
[36m[08:08:47] 🔍 DEBUG | → GET /api/video-file/auto_20260825_230726_Tại_Sao_Người_Thành_Công_Thức_Dậy_Sớm_Hơ.mp4[0m
[2026-08-27 08:08:47] DEBUG | → GET /api/video-file/auto_20260825_230733_5_Dấu_Hiệu_Bạn_Đang_Burnout___Nhận_Ra_Tr.mp4
[2026-08-27 08:08:47] DEBUG | → GET /api/video-file/auto_20260825_230726_Tại_Sao_Người_Thành_Công_Thức_Dậy_Sớm_Hơ.mp4
[36m[08:08:47] 🔍 DEBUG | → GET /api/video-file/auto_20260825_230717_Kinh_Nikaya__Nghệ_Thuật_Hiếu_Kính_Cha_Mẹ.mp4[0m
[2026-08-27 08:08:47] DEBUG | → GET /api/video-file/auto_20260825_230717_Kinh_Nikaya__Nghệ_Thuật_Hiếu_Kính_Cha_Mẹ.mp4
[36m[08:08:47] 🔍 DEBUG | → GET /api/video-file/auto_20260825_230701_Tại_Sao_Người_Ít_Nói_Lại_Thường_Được_Tin.mp4[0m
[2026-08-27 08:08:47] DEBUG | → GET /api/video-file/auto_20260825_230701_Tại_Sao_Người_Ít_Nói_Lại_Thường_Được_Tin.mp4
[36m[08:08:47] 🔍 DEBUG | → GET /api/video-file/auto_20260825_230654_Habit_Stacking___Ghép_Thói_Quen_Mới_Vào_.mp4[0m
[2026-08-27 08:08:47] DEBUG | → GET /api/video-file/auto_20260825_230654_Habit_Stacking___Ghép_Thói_Quen_Mới_Vào_.mp4
[36m[08:08:47] 🔍 DEBUG | → GET /api/video-file/auto_20260825_230639_5_Dấu_Hiệu_Bạn_Đang_Burnout___Nhận_Ra_Tr.mp4[0m
[2026-08-27 08:08:47] DEBUG | → GET /api/video-file/auto_20260825_230639_5_Dấu_Hiệu_Bạn_Đang_Burnout___Nhận_Ra_Tr.mp4
[36m[08:08:47] 🔍 DEBUG | → GET /api/video-file/auto_20260825_230623_Tại_Sao_Người_Thành_Công_Thức_Dậy_Sớm_Hơ.mp4[0m
[2026-08-27 08:08:47] DEBUG | → GET /api/video-file/auto_20260825_230623_Tại_Sao_Người_Thành_Công_Thức_Dậy_Sớm_Hơ.mp4
[36m[08:08:47] 🔍 DEBUG | → GET /api/video-file/auto_20260825_230602_Kinh_Nikaya__Luật_Nhân_Quả__KAMA____Bạn_.mp4[0m
[2026-08-27 08:08:47] DEBUG | → GET /api/video-file/auto_20260825_230602_Kinh_Nikaya__Luật_Nhân_Quả__KAMA____Bạn_.mp4
[36m[08:08:48] 🔍 DEBUG | → GET /api/video-file/auto_20260825_230545_First_Impression___7_Giây_Đầu_Quyết_Định.mp4[0m
[2026-08-27 08:08:48] DEBUG | → GET /api/video-file/auto_20260825_230545_First_Impression___7_Giây_Đầu_Quyết_Định.mp4
[36m[08:08:48] 🔍 DEBUG | → GET /api/video-file/auto_20260825_230538_Habit_Stacking___Ghép_Thói_Quen_Mới_Vào_.mp4[0m
[2026-08-27 08:08:48] DEBUG | → GET /api/video-file/auto_20260825_230538_Habit_Stacking___Ghép_Thói_Quen_Mới_Vào_.mp4
[36m[08:08:48] 🔍 DEBUG | → GET /api/video-file/auto_20260825_230531_Làm_Sao_Để_Tha_Thứ_Cho_Người_Làm_Mình_Đa.mp4[0m
[2026-08-27 08:08:48] DEBUG | → GET /api/video-file/auto_20260825_230531_Làm_Sao_Để_Tha_Thứ_Cho_Người_Làm_Mình_Đa.mp4
[36m[08:08:48] 🔍 DEBUG | → GET /api/video-file/auto_20260825_230512_Ngừng_Đa_Nhiệm___Làm_Một_Việc_Hiệu_Quả_H.mp4[0m
[2026-08-27 08:08:48] DEBUG | → GET /api/video-file/auto_20260825_230512_Ngừng_Đa_Nhiệm___Làm_Một_Việc_Hiệu_Quả_H.mp4
[36m[08:08:48] 🔍 DEBUG | → GET /api/video-file/auto_20260825_230455_Kinh_Nikaya__8_Ngọn_Gió_Đời__BÁT_THẾT_PH.mp4[0m
[2026-08-27 08:08:48] DEBUG | → GET /api/video-file/auto_20260825_230455_Kinh_Nikaya__8_Ngọn_Gió_Đời__BÁT_THẾT_PH.mp4
[36m[08:08:48] 🔍 DEBUG | → GET /api/video-file/auto_20260825_230438_Tại_Sao_Người_Ít_Nói_Lại_Thường_Được_Tin.mp4[0m
[2026-08-27 08:08:48] DEBUG | → GET /api/video-file/auto_20260825_230438_Tại_Sao_Người_Ít_Nói_Lại_Thường_Được_Tin.mp4
[36m[08:08:48] 🔍 DEBUG | → GET /api/video-file/auto_20260825_230418_Atomic_Habits___Thay_Đổi_1__Mỗi_Ngày_Để_.mp4[0m
[2026-08-27 08:08:48] DEBUG | → GET /api/video-file/auto_20260825_230418_Atomic_Habits___Thay_Đổi_1__Mỗi_Ngày_Để_.mp4
[36m[08:08:48] 🔍 DEBUG | → GET /api/video-file/auto_20260825_230401_Làm_Sao_Để_Tha_Thứ_Cho_Người_Làm_Mình_Đa.mp4[0m
[2026-08-27 08:08:48] DEBUG | → GET /api/video-file/auto_20260825_230401_Làm_Sao_Để_Tha_Thứ_Cho_Người_Làm_Mình_Đa.mp4
[36m[08:08:48] 🔍 DEBUG | → GET /api/video-file/auto_20260825_230354_5_Phút_Sáng_Quyết_Định_Năng_Suất_Cả_Ngày.mp4[0m
[2026-08-27 08:08:48] DEBUG | → GET /api/video-file/auto_20260825_230354_5_Phút_Sáng_Quyết_Định_Năng_Suất_Cả_Ngày.mp4
[36m[08:08:48] 🔍 DEBUG | → GET /api/video-file/auto_20260825_230323_Kinh_Nikaya__Chánh_Niệm_Hơi_Thở__ANAPANA.mp4[0m
[2026-08-27 08:08:48] DEBUG | → GET /api/video-file/auto_20260825_230323_Kinh_Nikaya__Chánh_Niệm_Hơi_Thở__ANAPANA.mp4
[36m[08:08:48] 🔍 DEBUG | → GET /api/video-file/auto_20260825_230306_Nghệ_Thuật_Lắng_Nghe_Chủ_Động___Kỹ_Năng_.mp4[0m
[2026-08-27 08:08:48] DEBUG | → GET /api/video-file/auto_20260825_230306_Nghệ_Thuật_Lắng_Nghe_Chủ_Động___Kỹ_Năng_.mp4
[36m[08:08:48] 🔍 DEBUG | → GET /api/video-file/auto_20260825_230246_Cách_Xây_Dựng_Buổi_Sáng_30_Phút_Thay_Đổi.mp4[0m
[2026-08-27 08:08:48] DEBUG | → GET /api/video-file/auto_20260825_230246_Cách_Xây_Dựng_Buổi_Sáng_30_Phút_Thay_Đổi.mp4
[36m[08:08:48] 🔍 DEBUG | → GET /api/video-file/auto_20260825_230239_Nghệ_Thuật_Buông_Bỏ_Kỳ_Vọng___Giải_Tỏa_Á.mp4[0m
[2026-08-27 08:08:48] DEBUG | → GET /api/video-file/auto_20260825_230239_Nghệ_Thuật_Buông_Bỏ_Kỳ_Vọng___Giải_Tỏa_Á.mp4
[36m[08:08:48] 🔍 DEBUG | → GET /api/video-file/auto_20260825_230216_Quy_Tắc_2_Phút_Đánh_Bại_Sự_Trì_Hoãn_Ngay.mp4[0m
[2026-08-27 08:08:48] DEBUG | → GET /api/video-file/auto_20260825_230216_Quy_Tắc_2_Phút_Đánh_Bại_Sự_Trì_Hoãn_Ngay.mp4
[36m[08:08:48] 🔍 DEBUG | → GET /api/video-file/auto_20260825_230154_Kinh_Nikaya__Lời_Phật_Dạy_Về_Nghệ_Thuật_.mp4[0m
[2026-08-27 08:08:48] DEBUG | → GET /api/video-file/auto_20260825_230154_Kinh_Nikaya__Lời_Phật_Dạy_Về_Nghệ_Thuật_.mp4
[36m[08:08:48] 🔍 DEBUG | → GET /api/video-file/auto_20260825_230130_First_Impression___7_Giây_Đầu_Quyết_Định.mp4[0m
[2026-08-27 08:08:48] DEBUG | → GET /api/video-file/auto_20260825_230130_First_Impression___7_Giây_Đầu_Quyết_Định.mp4
[36m[08:08:48] 🔍 DEBUG | → GET /api/video-file/auto_20260825_230111_No_Zero_Day___Không_Ngày_Nào_Là_Ngày_Trố.mp4[0m
[2026-08-27 08:08:48] DEBUG | → GET /api/video-file/auto_20260825_230111_No_Zero_Day___Không_Ngày_Nào_Là_Ngày_Trố.mp4
[36m[08:08:48] 🔍 DEBUG | → GET /api/video-file/auto_20260825_230049_Kỹ_Thuật_5_4_3_2_1_Chặn_Cơn_Lo_Âu_Trong_.mp4[0m
[2026-08-27 08:08:48] DEBUG | → GET /api/video-file/auto_20260825_230049_Kỹ_Thuật_5_4_3_2_1_Chặn_Cơn_Lo_Âu_Trong_.mp4
[36m[08:08:48] 🔍 DEBUG | → GET /api/video-file/auto_20260825_230033_Tại_Sao_Bạn_Mệt_Dù_Không_Làm_Gì___Decisi.mp4[0m
[2026-08-27 08:08:48] DEBUG | → GET /api/video-file/auto_20260825_230033_Tại_Sao_Bạn_Mệt_Dù_Không_Làm_Gì___Decisi.mp4
[36m[08:08:48] 🔍 DEBUG | → GET /api/video-file/auto_20260825_230025_Kinh_Nikaya__Chánh_Tinh_Tấn__SAMMA_VAYAM.mp4[0m
[2026-08-27 08:08:48] DEBUG | → GET /api/video-file/auto_20260825_230025_Kinh_Nikaya__Chánh_Tinh_Tấn__SAMMA_VAYAM.mp4
[36m[08:08:48] 🔍 DEBUG | → GET /api/video-file/auto_20260825_225957_Nghệ_Thuật_Lắng_Nghe_Chủ_Động___Kỹ_Năng_.mp4[0m
[2026-08-27 08:08:48] DEBUG | → GET /api/video-file/auto_20260825_225957_Nghệ_Thuật_Lắng_Nghe_Chủ_Động___Kỹ_Năng_.mp4
[36m[08:08:48] 🔍 DEBUG | → GET /api/video-file/auto_20260825_225938_Habit_Stacking___Ghép_Thói_Quen_Mới_Vào_.mp4[0m
[2026-08-27 08:08:48] DEBUG | → GET /api/video-file/auto_20260825_225938_Habit_Stacking___Ghép_Thói_Quen_Mới_Vào_.mp4
[36m[08:08:48] 🔍 DEBUG | → GET /api/video-file/auto_20260825_225921_Tại_Sao_Người_Mạnh_Mẽ_Cũng_Cần_Được_Khóc.mp4[0m
[2026-08-27 08:08:48] DEBUG | → GET /api/video-file/auto_20260825_225921_Tại_Sao_Người_Mạnh_Mẽ_Cũng_Cần_Được_Khóc.mp4
[36m[08:08:48] 🔍 DEBUG | → GET /api/video-file/auto_20260825_225856_Ma_Trận_Eisenhower___Phân_Loại_Công_Việc.mp4[0m
[2026-08-27 08:08:48] DEBUG | → GET /api/video-file/auto_20260825_225856_Ma_Trận_Eisenhower___Phân_Loại_Công_Việc.mp4
[36m[08:08:48] 🔍 DEBUG | → GET /api/video-file/auto_20260825_225847_Kinh_Nikaya__Sự_Tự_Do_Khỏi_Định_Kiến___K.mp4[0m
[2026-08-27 08:08:48] DEBUG | → GET /api/video-file/auto_20260825_225847_Kinh_Nikaya__Sự_Tự_Do_Khỏi_Định_Kiến___K.mp4
[36m[08:08:48] 🔍 DEBUG | → GET /api/video-file/auto_20260825_225817_Tại_Sao_Người_Ít_Nói_Lại_Thường_Được_Tin.mp4[0m
[2026-08-27 08:08:48] DEBUG | → GET /api/video-file/auto_20260825_225817_Tại_Sao_Người_Ít_Nói_Lại_Thường_Được_Tin.mp4
[36m[08:08:48] 🔍 DEBUG | → GET /api/video-file/auto_20260825_225801_Tại_Sao_Kỷ_Luật_Quan_Trọng_Hơn_Cảm_Hứng_.mp4[0m
[2026-08-27 08:08:48] DEBUG | → GET /api/video-file/auto_20260825_225801_Tại_Sao_Kỷ_Luật_Quan_Trọng_Hơn_Cảm_Hứng_.mp4
[36m[08:08:48] 🔍 DEBUG | → GET /api/video-file/auto_20260825_225743_Nghệ_Thuật_Buông_Bỏ_Kỳ_Vọng___Giải_Tỏa_Á.mp4[0m
[2026-08-27 08:08:48] DEBUG | → GET /api/video-file/auto_20260825_225743_Nghệ_Thuật_Buông_Bỏ_Kỳ_Vọng___Giải_Tỏa_Á.mp4
[36m[08:08:48] 🔍 DEBUG | → GET /api/video-file/auto_20260825_225724_5_Phút_Sáng_Quyết_Định_Năng_Suất_Cả_Ngày.mp4[0m
[2026-08-27 08:08:48] DEBUG | → GET /api/video-file/auto_20260825_225724_5_Phút_Sáng_Quyết_Định_Năng_Suất_Cả_Ngày.mp4
[36m[08:08:48] 🔍 DEBUG | → GET /api/video-file/auto_20260825_225715_Kinh_Nikaya__Giữ_Vững_Sức_Mạnh_Chánh_Mạn.mp4[0m
[2026-08-27 08:08:48] DEBUG | → GET /api/video-file/auto_20260825_225715_Kinh_Nikaya__Giữ_Vững_Sức_Mạnh_Chánh_Mạn.mp4
[36m[08:08:48] 🔍 DEBUG | → GET /api/video-file/auto_20260826_230833_Kỹ_Thuật_5_4_3_2_1_Chặn_Cơn_Lo_Âu_Trong_.mp4[0m
[2026-08-27 08:08:48] DEBUG | → GET /api/video-file/auto_20260826_230833_Kỹ_Thuật_5_4_3_2_1_Chặn_Cơn_Lo_Âu_Trong_.mp4
[36m[08:08:48] 🔍 DEBUG | → GET /api/video-file/auto_20260826_230840_Tại_Sao_Kỷ_Luật_Quan_Trọng_Hơn_Cảm_Hứng_.mp4[0m
[2026-08-27 08:08:48] DEBUG | → GET /api/video-file/auto_20260826_230840_Tại_Sao_Kỷ_Luật_Quan_Trọng_Hơn_Cảm_Hứng_.mp4
[36m[08:08:48] 🔍 DEBUG | → GET /api/video-file/auto_20260826_230846_First_Impression___7_Giây_Đầu_Quyết_Định.mp4[0m
[2026-08-27 08:08:48] DEBUG | → GET /api/video-file/auto_20260826_230846_First_Impression___7_Giây_Đầu_Quyết_Định.mp4
[36m[08:08:48] 🔍 DEBUG | → GET /api/video-file/auto_20260826_230818_Kinh_Nikaya__Bí_Quyết_Vượt_Qua_Nỗi_Sợ_Th.mp4[0m
[2026-08-27 08:08:48] DEBUG | → GET /api/video-file/auto_20260826_230818_Kinh_Nikaya__Bí_Quyết_Vượt_Qua_Nỗi_Sợ_Th.mp4
[36m[08:08:48] 🔍 DEBUG | → GET /api/video-file/auto_20260826_230758_Nghệ_Thuật_Lắng_Nghe_Chủ_Động___Kỹ_Năng_.mp4[0m
[2026-08-27 08:08:48] DEBUG | → GET /api/video-file/auto_20260826_230758_Nghệ_Thuật_Lắng_Nghe_Chủ_Động___Kỹ_Năng_.mp4
[36m[08:08:48] 🔍 DEBUG | → GET /api/video-file/auto_20260826_230826_Phương_Pháp_Deep_Work_Của_Cal_Newport___.mp4[0m
[2026-08-27 08:08:48] DEBUG | → GET /api/video-file/auto_20260826_230826_Phương_Pháp_Deep_Work_Của_Cal_Newport___.mp4
[36m[08:08:48] 🔍 DEBUG | → GET /api/video-file/auto_20260826_230607_Kinh_Nikaya__Giữ_Vững_Chánh_Định__SAMMA_.mp4[0m
[2026-08-27 08:08:48] DEBUG | → GET /api/video-file/auto_20260826_230607_Kinh_Nikaya__Giữ_Vững_Chánh_Định__SAMMA_.mp4
[36m[08:08:48] 🔍 DEBUG | → GET /api/video-file/auto_20260826_230510_Kinh_Nikaya__Thắng_Bản_Thân_Là_Chiến_Thắ.mp4[0m
[2026-08-27 08:08:48] DEBUG | → GET /api/video-file/auto_20260826_230510_Kinh_Nikaya__Thắng_Bản_Thân_Là_Chiến_Thắ.mp4
[36m[08:08:48] 🔍 DEBUG | → GET /api/video-file/auto_20260826_230436_Học_Cách_Nói_KHÔNG_Mà_Không_Cảm_Thấy_Áy_.mp4[0m
[2026-08-27 08:08:48] DEBUG | → GET /api/video-file/auto_20260826_230436_Học_Cách_Nói_KHÔNG_Mà_Không_Cảm_Thấy_Áy_.mp4
[36m[08:08:48] 🔍 DEBUG | → GET /api/video-file/auto_20260826_230443_Tại_Sao_Kỷ_Luật_Quan_Trọng_Hơn_Cảm_Hứng_.mp4[0m
[36m[08:08:48] 🔍 DEBUG | → GET /api/video-file/auto_20260826_230404_First_Impression___7_Giây_Đầu_Quyết_Định.mp4[0m
[2026-08-27 08:08:48] DEBUG | → GET /api/video-file/auto_20260826_230443_Tại_Sao_Kỷ_Luật_Quan_Trọng_Hơn_Cảm_Hứng_.mp4
[36m[08:08:48] 🔍 DEBUG | → GET /api/video-file/auto_20260826_230421_Kinh_Nikaya__Giữ_Vững_Chánh_Định__SAMMA_.mp4[0m
[2026-08-27 08:08:48] DEBUG | → GET /api/video-file/auto_20260826_230404_First_Impression___7_Giây_Đầu_Quyết_Định.mp4
[2026-08-27 08:08:48] DEBUG | → GET /api/video-file/auto_20260826_230421_Kinh_Nikaya__Giữ_Vững_Chánh_Định__SAMMA_.mp4
[36m[08:08:48] 🔍 DEBUG | → GET /api/video-file/auto_20260826_230358_Sức_Mạnh_Của_Journaling___Viết_Nhật_Ký_1.mp4[0m
[2026-08-27 08:08:48] DEBUG | → GET /api/video-file/auto_20260826_230358_Sức_Mạnh_Của_Journaling___Viết_Nhật_Ký_1.mp4
[36m[08:08:48] 🔍 DEBUG | → GET /api/video-file/auto_20260826_230352_Làm_Sao_Để_Tha_Thứ_Cho_Người_Làm_Mình_Đa.mp4[0m
[2026-08-27 08:08:48] DEBUG | → GET /api/video-file/auto_20260826_230352_Làm_Sao_Để_Tha_Thứ_Cho_Người_Làm_Mình_Đa.mp4
[36m[08:08:48] 🔍 DEBUG | → GET /api/video-file/auto_20260826_230159_5_Dấu_Hiệu_Bạn_Đang_Burnout___Nhận_Ra_Tr.mp4[0m
[2026-08-27 08:08:48] DEBUG | → GET /api/video-file/auto_20260826_230159_5_Dấu_Hiệu_Bạn_Đang_Burnout___Nhận_Ra_Tr.mp4
[36m[08:08:48] 🔍 DEBUG | → GET /api/video-file/auto_20260826_230144_Kinh_Nikaya__Chánh_Tinh_Tấn__SAMMA_VAYAM.mp4[0m
[2026-08-27 08:08:48] DEBUG | → GET /api/video-file/auto_20260826_230144_Kinh_Nikaya__Chánh_Tinh_Tấn__SAMMA_VAYAM.mp4
[36m[08:08:48] 🔍 DEBUG | → GET /api/video-file/auto_20260826_230128_First_Impression___7_Giây_Đầu_Quyết_Định.mp4[0m
[2026-08-27 08:08:48] DEBUG | → GET /api/video-file/auto_20260826_230128_First_Impression___7_Giây_Đầu_Quyết_Định.mp4
[36m[08:08:48] 🔍 DEBUG | → GET /api/video-file/auto_20260826_230121_Sức_Mạnh_Của_Journaling___Viết_Nhật_Ký_1.mp4[0m
[2026-08-27 08:08:48] DEBUG | → GET /api/video-file/auto_20260826_230121_Sức_Mạnh_Của_Journaling___Viết_Nhật_Ký_1.mp4
[36m[08:08:48] 🔍 DEBUG | → GET /api/video-file/auto_20260826_230114_Nghệ_Thuật_Buông_Bỏ_Kỳ_Vọng___Giải_Tỏa_Á.mp4[0m
[2026-08-27 08:08:48] DEBUG | → GET /api/video-file/auto_20260826_230114_Nghệ_Thuật_Buông_Bỏ_Kỳ_Vọng___Giải_Tỏa_Á.mp4
[36m[08:08:48] 🔍 DEBUG | → GET /api/video-file/auto_20260826_230107_Kỹ_Thuật_Time_Boxing_Nâng_Cao___Làm_Chủ_.mp4[0m
[2026-08-27 08:08:48] DEBUG | → GET /api/video-file/auto_20260826_230107_Kỹ_Thuật_Time_Boxing_Nâng_Cao___Làm_Chủ_.mp4
[36m[08:08:48] 🔍 DEBUG | → GET /api/video-file/auto_20260826_230020_Tại_Sao_Người_Ít_Nói_Lại_Thường_Được_Tin.mp4[0m
[2026-08-27 08:08:48] DEBUG | → GET /api/video-file/auto_20260826_230020_Tại_Sao_Người_Ít_Nói_Lại_Thường_Được_Tin.mp4
[36m[08:08:48] 🔍 DEBUG | → GET /api/video-file/auto_20260826_230041_Kinh_Nikaya__Tâm_Từ_Vô_Lượng__METTA____H.mp4[0m
[2026-08-27 08:08:48] DEBUG | → GET /api/video-file/auto_20260826_230041_Kinh_Nikaya__Tâm_Từ_Vô_Lượng__METTA____H.mp4
[36m[08:08:48] 🔍 DEBUG | → GET /api/video-file/auto_20260826_225946_Kinh_Nikaya__Buông_Bỏ_Lòng_Tham_Dục__LOB.mp4[0m
[2026-08-27 08:08:48] DEBUG | → GET /api/video-file/auto_20260826_225946_Kinh_Nikaya__Buông_Bỏ_Lòng_Tham_Dục__LOB.mp4
[36m[08:08:48] 🔍 DEBUG | → GET /api/video-file/auto_20260826_225916_Học_Cách_Nói_KHÔNG_Mà_Không_Cảm_Thấy_Áy_.mp4[0m
[2026-08-27 08:08:48] DEBUG | → GET /api/video-file/auto_20260826_225916_Học_Cách_Nói_KHÔNG_Mà_Không_Cảm_Thấy_Áy_.mp4
[36m[08:08:48] 🔍 DEBUG | → GET /api/video-file/auto_20260826_225923_Habit_Stacking___Ghép_Thói_Quen_Mới_Vào_.mp4[0m
[2026-08-27 08:08:48] DEBUG | → GET /api/video-file/auto_20260826_225923_Habit_Stacking___Ghép_Thói_Quen_Mới_Vào_.mp4
[36m[08:08:48] 🔍 DEBUG | → GET /api/video-file/auto_20260826_225902_Kinh_Nikaya__Sức_Mạnh_Của_Nhẫn_Nại__KHAN.mp4[0m
[2026-08-27 08:08:48] DEBUG | → GET /api/video-file/auto_20260826_225902_Kinh_Nikaya__Sức_Mạnh_Của_Nhẫn_Nại__KHAN.mp4
[36m[08:08:48] 🔍 DEBUG | → GET /api/video-file/auto_20260826_225846_Nghệ_Thuật_Lắng_Nghe_Chủ_Động___Kỹ_Năng_.mp4[0m
[2026-08-27 08:08:48] DEBUG | → GET /api/video-file/auto_20260826_225846_Nghệ_Thuật_Lắng_Nghe_Chủ_Động___Kỹ_Năng_.mp4
[36m[08:08:48] 🔍 DEBUG | → GET /api/video-file/auto_20260826_225838_Habit_Stacking___Ghép_Thói_Quen_Mới_Vào_.mp4[0m
[2026-08-27 08:08:48] DEBUG | → GET /api/video-file/auto_20260826_225838_Habit_Stacking___Ghép_Thói_Quen_Mới_Vào_.mp4
[36m[08:08:48] 🔍 DEBUG | → GET /api/video-file/auto_20260826_225833_Làm_Sao_Để_Tha_Thứ_Cho_Người_Làm_Mình_Đa.mp4[0m
[2026-08-27 08:08:48] DEBUG | → GET /api/video-file/auto_20260826_225833_Làm_Sao_Để_Tha_Thứ_Cho_Người_Làm_Mình_Đa.mp4
[36m[08:08:48] 🔍 DEBUG | → GET /api/video-file/auto_20260826_225811_Ma_Trận_Eisenhower___Phân_Loại_Công_Việc.mp4[0m
[2026-08-27 08:08:48] DEBUG | → GET /api/video-file/auto_20260826_225811_Ma_Trận_Eisenhower___Phân_Loại_Công_Việc.mp4
[36m[08:08:48] 🔍 DEBUG | → GET /api/video-file/auto_20260826_225801_Kinh_Nikaya__Chánh_Ngữ__SAMMA_VACA____Lờ.mp4[0m
[2026-08-27 08:08:48] DEBUG | → GET /api/video-file/auto_20260826_225801_Kinh_Nikaya__Chánh_Ngữ__SAMMA_VACA____Lờ.mp4
[36m[08:08:48] 🔍 DEBUG | → GET /api/video-file/auto_20260826_225732_Sức_Mạnh_Của_Journaling___Viết_Nhật_Ký_1.mp4[0m
[2026-08-27 08:08:48] DEBUG | → GET /api/video-file/auto_20260826_225732_Sức_Mạnh_Của_Journaling___Viết_Nhật_Ký_1.mp4
[36m[08:08:48] 🔍 DEBUG | → GET /api/video-file/auto_20260826_225722_5_Dấu_Hiệu_Bạn_Đang_Burnout___Nhận_Ra_Tr.mp4[0m
[2026-08-27 08:08:48] DEBUG | → GET /api/video-file/auto_20260826_225722_5_Dấu_Hiệu_Bạn_Đang_Burnout___Nhận_Ra_Tr.mp4
[36m[08:08:48] 🔍 DEBUG | → GET /api/video-file/auto_20260826_225703_Kinh_Nikaya__Sự_Tự_Do_Khỏi_Định_Kiến___K.mp4[0m
[2026-08-27 08:08:48] DEBUG | → GET /api/video-file/auto_20260826_225703_Kinh_Nikaya__Sự_Tự_Do_Khỏi_Định_Kiến___K.mp4
[36m[08:08:48] 🔍 DEBUG | → GET /api/video-file/auto_20260826_225713_Tại_Sao_Người_Thành_Công_Thức_Dậy_Sớm_Hơ.mp4[0m
[2026-08-27 08:08:48] DEBUG | → GET /api/video-file/auto_20260826_225713_Tại_Sao_Người_Thành_Công_Thức_Dậy_Sớm_Hơ.mp4
[36m[08:08:48] 🔍 DEBUG | → GET /api/video-file/auto_20260826_225645_Nghệ_Thuật_Lắng_Nghe_Chủ_Động___Kỹ_Năng_.mp4[0m
[2026-08-27 08:08:48] DEBUG | → GET /api/video-file/auto_20260826_225645_Nghệ_Thuật_Lắng_Nghe_Chủ_Động___Kỹ_Năng_.mp4
[36m[08:08:48] 🔍 DEBUG | → GET /api/video-file/auto_20260826_225636_No_Zero_Day___Không_Ngày_Nào_Là_Ngày_Trố.mp4[0m
[2026-08-27 08:08:48] DEBUG | → GET /api/video-file/auto_20260826_225636_No_Zero_Day___Không_Ngày_Nào_Là_Ngày_Trố.mp4
[36m[08:08:48] 🔍 DEBUG | → GET /api/video-file/auto_20260826_225619_Tại_Sao_Bạn_Mệt_Dù_Không_Làm_Gì___Decisi.mp4[0m
[2026-08-27 08:08:48] DEBUG | → GET /api/video-file/auto_20260826_225619_Tại_Sao_Bạn_Mệt_Dù_Không_Làm_Gì___Decisi.mp4
[36m[08:08:48] 🔍 DEBUG | → GET /api/video-file/auto_20260826_225628_Học_Cách_Nói_KHÔNG_Mà_Không_Cảm_Thấy_Áy_.mp4[0m
[2026-08-27 08:08:48] DEBUG | → GET /api/video-file/auto_20260826_225628_Học_Cách_Nói_KHÔNG_Mà_Không_Cảm_Thấy_Áy_.mp4
[36m[08:08:48] 🔍 DEBUG | → GET /api/video-file/auto_20260826_225609_Kinh_Nikaya__Học_Cách_Dừng_Lại__SAMATHA_.mp4[0m
[2026-08-27 08:08:48] DEBUG | → GET /api/video-file/auto_20260826_225609_Kinh_Nikaya__Học_Cách_Dừng_Lại__SAMATHA_.mp4
[36m[08:08:48] 🔍 DEBUG | → GET /api/video-file/auto_20260826_225546_First_Impression___7_Giây_Đầu_Quyết_Định.mp4[0m
[2026-08-27 08:08:48] DEBUG | → GET /api/video-file/auto_20260826_225546_First_Impression___7_Giây_Đầu_Quyết_Định.mp4
[36m[08:08:48] 🔍 DEBUG | → GET /api/video-file/auto_20260826_225522_Khi_Sự_Nhiệt_Huyết_Biến_Mất___Vượt_Qua_T.mp4[0m
[2026-08-27 08:08:48] DEBUG | → GET /api/video-file/auto_20260826_225522_Khi_Sự_Nhiệt_Huyết_Biến_Mất___Vượt_Qua_T.mp4
[36m[08:08:48] 🔍 DEBUG | → GET /api/video-file/auto_20260826_225534_Atomic_Habits___Thay_Đổi_1__Mỗi_Ngày_Để_.mp4[0m
[2026-08-27 08:08:48] DEBUG | → GET /api/video-file/auto_20260826_225534_Atomic_Habits___Thay_Đổi_1__Mỗi_Ngày_Để_.mp4
[36m[08:08:48] 🔍 DEBUG | → GET /api/video-file/auto_20260826_225510_Ngừng_Đa_Nhiệm___Làm_Một_Việc_Hiệu_Quả_H.mp4[0m
[2026-08-27 08:08:48] DEBUG | → GET /api/video-file/auto_20260826_225510_Ngừng_Đa_Nhiệm___Làm_Một_Việc_Hiệu_Quả_H.mp4
[36m[08:08:48] 🔍 DEBUG | → GET /api/video-file/auto_20260826_225404_Kinh_Nikaya__8_Ngọn_Gió_Đời__BÁT_THẾT_PH.mp4[0m
[2026-08-27 08:08:48] DEBUG | → GET /api/video-file/auto_20260826_225404_Kinh_Nikaya__8_Ngọn_Gió_Đời__BÁT_THẾT_PH.mp4
[36m[08:08:48] 🔍 DEBUG | → GET /api/video-file/auto_20260826_225340_No_Zero_Day___Không_Ngày_Nào_Là_Ngày_Trố.mp4[0m
[2026-08-27 08:08:48] DEBUG | → GET /api/video-file/auto_20260826_225340_No_Zero_Day___Không_Ngày_Nào_Là_Ngày_Trố.mp4
[36m[08:08:48] 🔍 DEBUG | → GET /api/video-file/auto_20260826_225347_Tại_Sao_Người_Ít_Nói_Lại_Thường_Được_Tin.mp4[0m
[2026-08-27 08:08:48] DEBUG | → GET /api/video-file/auto_20260826_225347_Tại_Sao_Người_Ít_Nói_Lại_Thường_Được_Tin.mp4
[36m[08:08:48] 🔍 DEBUG | → GET /api/video-file/auto_20260826_225235_Nghệ_Thuật_Lắng_Nghe_Chủ_Động___Kỹ_Năng_.mp4[0m
[2026-08-27 08:08:48] DEBUG | → GET /api/video-file/auto_20260826_225235_Nghệ_Thuật_Lắng_Nghe_Chủ_Động___Kỹ_Năng_.mp4
[36m[08:08:48] 🔍 DEBUG | → GET /api/video-file/auto_20260826_225212_Tại_Sao_Người_Mạnh_Mẽ_Cũng_Cần_Được_Khóc.mp4[0m
[2026-08-27 08:08:48] DEBUG | → GET /api/video-file/auto_20260826_225212_Tại_Sao_Người_Mạnh_Mẽ_Cũng_Cần_Được_Khóc.mp4
[36m[08:08:48] 🔍 DEBUG | → GET /api/video-file/auto_20260826_225222_Atomic_Habits___Thay_Đổi_1__Mỗi_Ngày_Để_.mp4[0m
[2026-08-27 08:08:48] DEBUG | → GET /api/video-file/auto_20260826_225222_Atomic_Habits___Thay_Đổi_1__Mỗi_Ngày_Để_.mp4
[36m[08:08:48] 🔍 DEBUG | → GET /api/video-file/auto_20260826_225205_Tại_Sao_Người_Thành_Công_Thức_Dậy_Sớm_Hơ.mp4[0m
[2026-08-27 08:08:48] DEBUG | → GET /api/video-file/auto_20260826_225205_Tại_Sao_Người_Thành_Công_Thức_Dậy_Sớm_Hơ.mp4
[36m[08:08:48] 🔍 DEBUG | → GET /api/video-file/auto_20260826_225157_Kinh_Nikaya__Quán_Thân_Trên_Thân__KAYANU.mp4[0m
[2026-08-27 08:08:48] DEBUG | → GET /api/video-file/auto_20260826_225157_Kinh_Nikaya__Quán_Thân_Trên_Thân__KAYANU.mp4
[36m[08:08:48] 🔍 DEBUG | → GET /api/video-file/auto_20260826_225141_First_Impression___7_Giây_Đầu_Quyết_Định.mp4[0m
[2026-08-27 08:08:48] DEBUG | → GET /api/video-file/auto_20260826_225141_First_Impression___7_Giây_Đầu_Quyết_Định.mp4
[36m[08:08:48] 🔍 DEBUG | → GET /api/video-file/auto_20260826_225134_Atomic_Habits___Thay_Đổi_1__Mỗi_Ngày_Để_.mp4[0m
[2026-08-27 08:08:48] DEBUG | → GET /api/video-file/auto_20260826_225134_Atomic_Habits___Thay_Đổi_1__Mỗi_Ngày_Để_.mp4
[36m[08:08:48] 🔍 DEBUG | → GET /api/video-file/auto_20260826_225111_Kinh_Nikaya__Lối_Sống_Biết_Đủ__SANTUTTHI.mp4[0m
[2026-08-27 08:08:48] DEBUG | → GET /api/video-file/auto_20260826_225111_Kinh_Nikaya__Lối_Sống_Biết_Đủ__SANTUTTHI.mp4
[36m[08:08:48] 🔍 DEBUG | → GET /api/video-file/auto_20260826_225044_No_Zero_Day___Không_Ngày_Nào_Là_Ngày_Trố.mp4[0m
[2026-08-27 08:08:48] DEBUG | → GET /api/video-file/auto_20260826_225044_No_Zero_Day___Không_Ngày_Nào_Là_Ngày_Trố.mp4
[36m[08:08:48] 🔍 DEBUG | → GET /api/video-file/auto_20260826_225030_5_Dấu_Hiệu_Bạn_Đang_Burnout___Nhận_Ra_Tr.mp4[0m
[2026-08-27 08:08:48] DEBUG | → GET /api/video-file/auto_20260826_225030_5_Dấu_Hiệu_Bạn_Đang_Burnout___Nhận_Ra_Tr.mp4
[36m[08:08:48] 🔍 DEBUG | → GET /api/video-file/auto_20260826_224955_Kinh_Nikaya__Trí_Tuệ_Quán_Thấu_Bản_Chất_.mp4[0m
[2026-08-27 08:08:48] DEBUG | → GET /api/video-file/auto_20260826_224955_Kinh_Nikaya__Trí_Tuệ_Quán_Thấu_Bản_Chất_.mp4
[36m[08:08:48] 🔍 DEBUG | → GET /api/video-file/auto_20260826_224926_Sức_Mạnh_Của_Journaling___Viết_Nhật_Ký_1.mp4[0m
[2026-08-27 08:08:48] DEBUG | → GET /api/video-file/auto_20260826_224926_Sức_Mạnh_Của_Journaling___Viết_Nhật_Ký_1.mp4
[36m[08:08:48] 🔍 DEBUG | → GET /api/video-file/auto_20260826_224839_First_Impression___7_Giây_Đầu_Quyết_Định.mp4[0m
[2026-08-27 08:08:48] DEBUG | → GET /api/video-file/auto_20260826_224839_First_Impression___7_Giây_Đầu_Quyết_Định.mp4
[36m[08:08:48] 🔍 DEBUG | → GET /api/video-file/auto_20260826_224822_Khi_Sự_Nhiệt_Huyết_Biến_Mất___Vượt_Qua_T.mp4[0m
[2026-08-27 08:08:48] DEBUG | → GET /api/video-file/auto_20260826_224822_Khi_Sự_Nhiệt_Huyết_Biến_Mất___Vượt_Qua_T.mp4
[36m[08:08:48] 🔍 DEBUG | → GET /api/video-file/auto_20260826_224816_5_Phút_Sáng_Quyết_Định_Năng_Suất_Cả_Ngày.mp4[0m
[2026-08-27 08:08:48] DEBUG | → GET /api/video-file/auto_20260826_224816_5_Phút_Sáng_Quyết_Định_Năng_Suất_Cả_Ngày.mp4
[36m[08:08:48] 🔍 DEBUG | → GET /api/video-file/auto_20260826_224807_Kinh_Nikaya__Giữ_Vững_Chánh_Định__SAMMA_.mp4[0m
[2026-08-27 08:08:48] DEBUG | → GET /api/video-file/auto_20260826_224807_Kinh_Nikaya__Giữ_Vững_Chánh_Định__SAMMA_.mp4
[36m[08:08:48] 🔍 DEBUG | → GET /api/video-file/auto_20260826_224742_Atomic_Habits___Thay_Đổi_1__Mỗi_Ngày_Để_.mp4[0m
[2026-08-27 08:08:48] DEBUG | → GET /api/video-file/auto_20260826_224742_Atomic_Habits___Thay_Đổi_1__Mỗi_Ngày_Để_.mp4
[36m[08:08:48] 🔍 DEBUG | → GET /api/video-file/auto_20260826_224736_Cách_Thoát_Khỏi_Vòng_Lặp_Overthinking_Mỗ.mp4[0m
[2026-08-27 08:08:48] DEBUG | → GET /api/video-file/auto_20260826_224736_Cách_Thoát_Khỏi_Vòng_Lặp_Overthinking_Mỗ.mp4
[36m[08:08:48] 🔍 DEBUG | → GET /api/video-file/auto_20260826_224728_Phương_Pháp_Deep_Work_Của_Cal_Newport___.mp4[0m
[2026-08-27 08:08:48] DEBUG | → GET /api/video-file/auto_20260826_224728_Phương_Pháp_Deep_Work_Của_Cal_Newport___.mp4
[36m[08:08:48] 🔍 DEBUG | → GET /api/video-file/auto_20260826_224719_Kinh_Nikaya__Con_Đường_Tứ_Diệu_Đế___4_Sự.mp4[0m
[2026-08-27 08:08:48] DEBUG | → GET /api/video-file/auto_20260826_224719_Kinh_Nikaya__Con_Đường_Tứ_Diệu_Đế___4_Sự.mp4
[36m[08:08:48] 🔍 DEBUG | → GET /api/video-file/auto_20260826_224702_Tại_Sao_Người_Ít_Nói_Lại_Thường_Được_Tin.mp4[0m
[2026-08-27 08:08:48] DEBUG | → GET /api/video-file/auto_20260826_224702_Tại_Sao_Người_Ít_Nói_Lại_Thường_Được_Tin.mp4
[36m[08:08:48] 🔍 DEBUG | → GET /api/video-file/auto_20260826_224655_Tại_Sao_Kỷ_Luật_Quan_Trọng_Hơn_Cảm_Hứng_.mp4[0m
[2026-08-27 08:08:48] DEBUG | → GET /api/video-file/auto_20260826_224655_Tại_Sao_Kỷ_Luật_Quan_Trọng_Hơn_Cảm_Hứng_.mp4
[36m[08:08:48] 🔍 DEBUG | → GET /api/video-file/auto_20260826_224647_Tại_Sao_Người_Mạnh_Mẽ_Cũng_Cần_Được_Khóc.mp4[0m
[2026-08-27 08:08:48] DEBUG | → GET /api/video-file/auto_20260826_224647_Tại_Sao_Người_Mạnh_Mẽ_Cũng_Cần_Được_Khóc.mp4
[36m[08:08:48] 🔍 DEBUG | → GET /api/video-file/auto_20260826_224632_Kinh_Nikaya__Con_Đường_Tứ_Diệu_Đế___4_Sự.mp4[0m
[2026-08-27 08:08:48] DEBUG | → GET /api/video-file/auto_20260826_224632_Kinh_Nikaya__Con_Đường_Tứ_Diệu_Đế___4_Sự.mp4
[36m[08:08:48] 🔍 DEBUG | → GET /api/video-file/auto_20260826_224551_Tại_Sao_Người_Thành_Công_Thức_Dậy_Sớm_Hơ.mp4[0m
[2026-08-27 08:08:48] DEBUG | → GET /api/video-file/auto_20260826_224551_Tại_Sao_Người_Thành_Công_Thức_Dậy_Sớm_Hơ.mp4
[36m[08:08:48] 🔍 DEBUG | → GET /api/video-file/auto_20260826_224606_Atomic_Habits___Thay_Đổi_1__Mỗi_Ngày_Để_.mp4[0m
[2026-08-27 08:08:48] DEBUG | → GET /api/video-file/auto_20260826_224606_Atomic_Habits___Thay_Đổi_1__Mỗi_Ngày_Để_.mp4
[36m[08:08:48] 🔍 DEBUG | → GET /api/video-file/auto_20260826_224558_5_Dấu_Hiệu_Bạn_Đang_Burnout___Nhận_Ra_Tr.mp4[0m
[2026-08-27 08:08:48] DEBUG | → GET /api/video-file/auto_20260826_224558_5_Dấu_Hiệu_Bạn_Đang_Burnout___Nhận_Ra_Tr.mp4
[36m[08:08:48] 🔍 DEBUG | → GET /api/video-file/auto_20260826_224542_Kinh_Nikaya__Con_Đường_Tứ_Diệu_Đế___4_Sự.mp4[0m
[2026-08-27 08:08:48] DEBUG | → GET /api/video-file/auto_20260826_224542_Kinh_Nikaya__Con_Đường_Tứ_Diệu_Đế___4_Sự.mp4
[36m[08:08:48] 🔍 DEBUG | → GET /api/video-file/auto_20260826_224509_Khi_Sự_Nhiệt_Huyết_Biến_Mất___Vượt_Qua_T.mp4[0m
[2026-08-27 08:08:48] DEBUG | → GET /api/video-file/auto_20260826_224509_Khi_Sự_Nhiệt_Huyết_Biến_Mất___Vượt_Qua_T.mp4
[36m[08:08:48] 🔍 DEBUG | → GET /api/video-file/auto_20260826_224501_Tại_Sao_Người_Thành_Công_Thức_Dậy_Sớm_Hơ.mp4[0m
[2026-08-27 08:08:48] DEBUG | → GET /api/video-file/auto_20260826_224501_Tại_Sao_Người_Thành_Công_Thức_Dậy_Sớm_Hơ.mp4
[36m[08:08:48] 🔍 DEBUG | → GET /api/video-file/auto_20260826_224453_Kinh_Nikaya__Bí_Quyết_Vượt_Qua_Nỗi_Sợ_Th.mp4[0m
[2026-08-27 08:08:48] DEBUG | → GET /api/video-file/auto_20260826_224453_Kinh_Nikaya__Bí_Quyết_Vượt_Qua_Nỗi_Sợ_Th.mp4
[36m[08:08:48] 🔍 DEBUG | → GET /api/video-file/auto_20260826_224435_First_Impression___7_Giây_Đầu_Quyết_Định.mp4[0m
[2026-08-27 08:08:48] DEBUG | → GET /api/video-file/auto_20260826_224435_First_Impression___7_Giây_Đầu_Quyết_Định.mp4
[36m[08:08:48] 🔍 DEBUG | → GET /api/video-file/auto_20260826_224428_Cách_Xây_Dựng_Buổi_Sáng_30_Phút_Thay_Đổi.mp4[0m
[2026-08-27 08:08:48] DEBUG | → GET /api/video-file/auto_20260826_224428_Cách_Xây_Dựng_Buổi_Sáng_30_Phút_Thay_Đổi.mp4
[36m[08:08:48] 🔍 DEBUG | → GET /api/video-file/auto_20260826_224422_Nghệ_Thuật_Buông_Bỏ_Kỳ_Vọng___Giải_Tỏa_Á.mp4[0m
[2026-08-27 08:08:48] DEBUG | → GET /api/video-file/auto_20260826_224422_Nghệ_Thuật_Buông_Bỏ_Kỳ_Vọng___Giải_Tỏa_Á.mp4
[36m[08:08:48] 🔍 DEBUG | → GET /api/video-file/auto_20260826_224407_Kinh_Nikaya__Nghệ_Thuật_Chọn_Bạn_Mà_Chơi.mp4[0m
[2026-08-27 08:08:48] DEBUG | → GET /api/video-file/auto_20260826_224407_Kinh_Nikaya__Nghệ_Thuật_Chọn_Bạn_Mà_Chơi.mp4
[36m[08:08:48] 🔍 DEBUG | → GET /api/video-file/auto_20260826_224415_Tại_Sao_Người_Thành_Công_Thức_Dậy_Sớm_Hơ.mp4[0m
[2026-08-27 08:08:48] DEBUG | → GET /api/video-file/auto_20260826_224415_Tại_Sao_Người_Thành_Công_Thức_Dậy_Sớm_Hơ.mp4
[36m[08:08:48] 🔍 DEBUG | → GET /api/video-file/auto_20260826_224342_No_Zero_Day___Không_Ngày_Nào_Là_Ngày_Trố.mp4[0m
[2026-08-27 08:08:48] DEBUG | → GET /api/video-file/auto_20260826_224342_No_Zero_Day___Không_Ngày_Nào_Là_Ngày_Trố.mp4
[36m[08:08:48] 🔍 DEBUG | → GET /api/video-file/auto_20260826_224349_Nghệ_Thuật_Lắng_Nghe_Chủ_Động___Kỹ_Năng_.mp4[0m
[2026-08-27 08:08:48] DEBUG | → GET /api/video-file/auto_20260826_224349_Nghệ_Thuật_Lắng_Nghe_Chủ_Động___Kỹ_Năng_.mp4
[36m[08:08:48] 🔍 DEBUG | → GET /api/video-file/auto_20260826_224336_Cách_Thoát_Khỏi_Vòng_Lặp_Overthinking_Mỗ.mp4[0m
[2026-08-27 08:08:48] DEBUG | → GET /api/video-file/auto_20260826_224336_Cách_Thoát_Khỏi_Vòng_Lặp_Overthinking_Mỗ.mp4
[36m[08:08:48] 🔍 DEBUG | → GET /api/video-file/auto_20260826_224329_Ngừng_Đa_Nhiệm___Làm_Một_Việc_Hiệu_Quả_H.mp4[0m
[2026-08-27 08:08:48] DEBUG | → GET /api/video-file/auto_20260826_224329_Ngừng_Đa_Nhiệm___Làm_Một_Việc_Hiệu_Quả_H.mp4
[36m[08:08:48] 🔍 DEBUG | → GET /api/video-file/auto_20260826_224307_Kinh_Nikaya__Tự_Mình_Là_Hải_Đăng__ATTADI.mp4[0m
[2026-08-27 08:08:48] DEBUG | → GET /api/video-file/auto_20260826_224307_Kinh_Nikaya__Tự_Mình_Là_Hải_Đăng__ATTADI.mp4
[36m[08:08:48] 🔍 DEBUG | → GET /api/video-file/auto_20260826_224250_First_Impression___7_Giây_Đầu_Quyết_Định.mp4[0m
[2026-08-27 08:08:48] DEBUG | → GET /api/video-file/auto_20260826_224250_First_Impression___7_Giây_Đầu_Quyết_Định.mp4
[36m[08:08:48] 🔍 DEBUG | → GET /api/video-file/auto_20260826_224225_Kinh_Nikaya__Giữ_Vững_Sức_Mạnh_Chánh_Mạn.mp4[0m
[36m[08:08:48] 🔍 DEBUG | → GET /api/video-file/auto_20260826_224232_Tại_Sao_Người_Thành_Công_Thức_Dậy_Sớm_Hơ.mp4[0m
[2026-08-27 08:08:48] DEBUG | → GET /api/video-file/auto_20260826_224225_Kinh_Nikaya__Giữ_Vững_Sức_Mạnh_Chánh_Mạn.mp4
[36m[08:08:48] 🔍 DEBUG | → GET /api/video-file/auto_20260826_223520_Habit_Stacking___Ghép_Thói_Quen_Mới_Vào_.mp4[0m
[36m[08:08:48] 🔍 DEBUG | → GET /api/video-file/auto_20260826_223511_Kỹ_Thuật_5_4_3_2_1_Chặn_Cơn_Lo_Âu_Trong_.mp4[0m
[2026-08-27 08:08:48] DEBUG | → GET /api/video-file/auto_20260826_224232_Tại_Sao_Người_Thành_Công_Thức_Dậy_Sớm_Hơ.mp4
[2026-08-27 08:08:48] DEBUG | → GET /api/video-file/auto_20260826_223520_Habit_Stacking___Ghép_Thói_Quen_Mới_Vào_.mp4
[2026-08-27 08:08:48] DEBUG | → GET /api/video-file/auto_20260826_223511_Kỹ_Thuật_5_4_3_2_1_Chặn_Cơn_Lo_Âu_Trong_.mp4
[36m[08:08:48] 🔍 DEBUG | → GET /api/video-file/auto_20260826_223504_Tại_Sao_Người_Thành_Công_Thức_Dậy_Sớm_Hơ.mp4[0m
[2026-08-27 08:08:48] DEBUG | → GET /api/video-file/auto_20260826_223504_Tại_Sao_Người_Thành_Công_Thức_Dậy_Sớm_Hơ.mp4
[36m[08:08:48] 🔍 DEBUG | → GET /api/video-file/auto_20260826_223454_Kinh_Nikaya__Giữ_Vững_Sức_Mạnh_Chánh_Mạn.mp4[0m
[2026-08-27 08:08:48] DEBUG | → GET /api/video-file/auto_20260826_223454_Kinh_Nikaya__Giữ_Vững_Sức_Mạnh_Chánh_Mạn.mp4
[36m[08:08:48] 🔍 DEBUG | → GET /api/video-file/manual_20260826_140557_Kinh_Nikaya__Chánh_Ngữ__SAMMA_VACA____Lờ.mp4[0m
[2026-08-27 08:08:48] DEBUG | → GET /api/video-file/manual_20260826_140557_Kinh_Nikaya__Chánh_Ngữ__SAMMA_VACA____Lờ.mp4
[36m[08:08:48] 🔍 DEBUG | → GET /api/video-file/manual_20260826_135319_Kinh_Nikaya__Tâm_Xả_Vô_Lượng__UPEKKHA___.mp4[0m
[2026-08-27 08:08:48] DEBUG | → GET /api/video-file/manual_20260826_135319_Kinh_Nikaya__Tâm_Xả_Vô_Lượng__UPEKKHA___.mp4
[36m[08:08:48] 🔍 DEBUG | → GET /api/video-file/auto_20260826_130715_Ngừng_Đa_Nhiệm___Làm_Một_Việc_Hiệu_Quả_H.mp4[0m
[2026-08-27 08:08:48] DEBUG | → GET /api/video-file/auto_20260826_130715_Ngừng_Đa_Nhiệm___Làm_Một_Việc_Hiệu_Quả_H.mp4
[36m[08:08:48] 🔍 DEBUG | → GET /api/video-file/auto_20260826_130707_Kinh_Nikaya__Tâm_Xả_Vô_Lượng__UPEKKHA___.mp4[0m
[2026-08-27 08:08:48] DEBUG | → GET /api/video-file/auto_20260826_130707_Kinh_Nikaya__Tâm_Xả_Vô_Lượng__UPEKKHA___.mp4
[36m[08:08:48] 🔍 DEBUG | → GET /api/video-file/auto_20260826_130642_Tại_Sao_Người_Ít_Nói_Lại_Thường_Được_Tin.mp4[0m
[2026-08-27 08:08:48] DEBUG | → GET /api/video-file/auto_20260826_130642_Tại_Sao_Người_Ít_Nói_Lại_Thường_Được_Tin.mp4
[36m[08:08:48] 🔍 DEBUG | → GET /api/video-file/auto_20260826_130636_Sức_Mạnh_Của_Journaling___Viết_Nhật_Ký_1.mp4[0m
[2026-08-27 08:08:48] DEBUG | → GET /api/video-file/auto_20260826_130636_Sức_Mạnh_Của_Journaling___Viết_Nhật_Ký_1.mp4
[36m[08:08:48] 🔍 DEBUG | → GET /api/video-file/auto_20260826_130629_Làm_Sao_Để_Tha_Thứ_Cho_Người_Làm_Mình_Đa.mp4[0m
[2026-08-27 08:08:48] DEBUG | → GET /api/video-file/auto_20260826_130629_Làm_Sao_Để_Tha_Thứ_Cho_Người_Làm_Mình_Đa.mp4
[36m[08:08:48] 🔍 DEBUG | → GET /api/video-file/auto_20260826_130621_Ma_Trận_Eisenhower___Phân_Loại_Công_Việc.mp4[0m
[2026-08-27 08:08:48] DEBUG | → GET /api/video-file/auto_20260826_130621_Ma_Trận_Eisenhower___Phân_Loại_Công_Việc.mp4
[36m[08:08:48] 🔍 DEBUG | → GET /api/video-file/auto_20260826_130613_Kinh_Nikaya__Bí_Quyết_Vượt_Qua_Nỗi_Sợ_Th.mp4[0m
[2026-08-27 08:08:48] DEBUG | → GET /api/video-file/auto_20260826_130613_Kinh_Nikaya__Bí_Quyết_Vượt_Qua_Nỗi_Sợ_Th.mp4
[36m[08:08:48] 🔍 DEBUG | → GET /api/video-file/auto_20260826_130557_Nghệ_Thuật_Lắng_Nghe_Chủ_Động___Kỹ_Năng_.mp4[0m
[2026-08-27 08:08:48] DEBUG | → GET /api/video-file/auto_20260826_130557_Nghệ_Thuật_Lắng_Nghe_Chủ_Động___Kỹ_Năng_.mp4
[36m[08:08:48] 🔍 DEBUG | → GET /api/video-file/auto_20260826_130550_Habit_Stacking___Ghép_Thói_Quen_Mới_Vào_.mp4[0m
[2026-08-27 08:08:48] DEBUG | → GET /api/video-file/auto_20260826_130550_Habit_Stacking___Ghép_Thói_Quen_Mới_Vào_.mp4
[36m[08:08:48] 🔍 DEBUG | → GET /api/video-file/auto_20260826_130543_Nghệ_Thuật_Buông_Bỏ_Kỳ_Vọng___Giải_Tỏa_Á.mp4[0m
[2026-08-27 08:08:48] DEBUG | → GET /api/video-file/auto_20260826_130543_Nghệ_Thuật_Buông_Bỏ_Kỳ_Vọng___Giải_Tỏa_Á.mp4
[36m[08:08:48] 🔍 DEBUG | → GET /api/video-file/auto_20260826_130536_Kỹ_Thuật_Time_Boxing_Nâng_Cao___Làm_Chủ_.mp4[0m
[2026-08-27 08:08:48] DEBUG | → GET /api/video-file/auto_20260826_130536_Kỹ_Thuật_Time_Boxing_Nâng_Cao___Làm_Chủ_.mp4
[36m[08:08:48] 🔍 DEBUG | → GET /api/video-file/auto_20260826_130528_Kinh_Nikaya__Định_Luật_Vô_Thường__ANICCA.mp4[0m
[36m[08:08:48] 🔍 DEBUG | → GET /api/video-file/auto_20260826_130511_Nghệ_Thuật_Lắng_Nghe_Chủ_Động___Kỹ_Năng_.mp4[0m
[2026-08-27 08:08:48] DEBUG | → GET /api/video-file/auto_20260826_130528_Kinh_Nikaya__Định_Luật_Vô_Thường__ANICCA.mp4
[2026-08-27 08:08:48] DEBUG | → GET /api/video-file/auto_20260826_130511_Nghệ_Thuật_Lắng_Nghe_Chủ_Động___Kỹ_Năng_.mp4
[36m[08:08:48] 🔍 DEBUG | → GET /api/video-file/auto_20260826_130504_Cách_Xây_Dựng_Buổi_Sáng_30_Phút_Thay_Đổi.mp4[0m
[2026-08-27 08:08:48] DEBUG | → GET /api/video-file/auto_20260826_130504_Cách_Xây_Dựng_Buổi_Sáng_30_Phút_Thay_Đổi.mp4
[36m[08:08:48] 🔍 DEBUG | → GET /api/video-file/auto_20260826_130457_Khi_Sự_Nhiệt_Huyết_Biến_Mất___Vượt_Qua_T.mp4[0m
[2026-08-27 08:08:48] DEBUG | → GET /api/video-file/auto_20260826_130457_Khi_Sự_Nhiệt_Huyết_Biến_Mất___Vượt_Qua_T.mp4
[36m[08:08:48] 🔍 DEBUG | → GET /api/video-file/auto_20260826_130450_Tại_Sao_Người_Thành_Công_Thức_Dậy_Sớm_Hơ.mp4[0m
[2026-08-27 08:08:48] DEBUG | → GET /api/video-file/auto_20260826_130450_Tại_Sao_Người_Thành_Công_Thức_Dậy_Sớm_Hơ.mp4
[36m[08:08:48] 🔍 DEBUG | → GET /api/video-file/auto_20260826_130429_Kinh_Nikaya__Quán_Thân_Trên_Thân__KAYANU.mp4[0m
[2026-08-27 08:08:48] DEBUG | → GET /api/video-file/auto_20260826_130429_Kinh_Nikaya__Quán_Thân_Trên_Thân__KAYANU.mp4
[36m[08:08:48] 🔍 DEBUG | → GET /api/video-file/auto_20260826_130412_First_Impression___7_Giây_Đầu_Quyết_Định.mp4[0m
[2026-08-27 08:08:48] DEBUG | → GET /api/video-file/auto_20260826_130412_First_Impression___7_Giây_Đầu_Quyết_Định.mp4
[36m[08:08:48] 🔍 DEBUG | → GET /api/video-file/auto_20260826_130405_Cách_Xây_Dựng_Buổi_Sáng_30_Phút_Thay_Đổi.mp4[0m
[2026-08-27 08:08:48] DEBUG | → GET /api/video-file/auto_20260826_130405_Cách_Xây_Dựng_Buổi_Sáng_30_Phút_Thay_Đổi.mp4
[36m[08:08:48] 🔍 DEBUG | → GET /api/video-file/auto_20260826_130357_5_Dấu_Hiệu_Bạn_Đang_Burnout___Nhận_Ra_Tr.mp4[0m
[2026-08-27 08:08:48] DEBUG | → GET /api/video-file/auto_20260826_130357_5_Dấu_Hiệu_Bạn_Đang_Burnout___Nhận_Ra_Tr.mp4
[36m[08:08:48] 🔍 DEBUG | → GET /api/video-file/auto_20260826_130350_Phương_Pháp_Deep_Work_Của_Cal_Newport___.mp4[0m
[2026-08-27 08:08:48] DEBUG | → GET /api/video-file/auto_20260826_130350_Phương_Pháp_Deep_Work_Của_Cal_Newport___.mp4
[36m[08:08:48] 🔍 DEBUG | → GET /api/video-file/auto_20260826_130339_Kinh_Nikaya__Sức_Mạnh_Của_Nhẫn_Nại__KHAN.mp4[0m
[2026-08-27 08:08:48] DEBUG | → GET /api/video-file/auto_20260826_130339_Kinh_Nikaya__Sức_Mạnh_Của_Nhẫn_Nại__KHAN.mp4
[36m[08:08:48] 🔍 DEBUG | → GET /api/video-file/auto_20260826_230833_Kỹ_Thuật_5_4_3_2_1_Chặn_Cơn_Lo_Âu_Trong_.mp4[0m
[2026-08-27 08:08:48] DEBUG | → GET /api/video-file/auto_20260826_230833_Kỹ_Thuật_5_4_3_2_1_Chặn_Cơn_Lo_Âu_Trong_.mp4
[36m[08:08:48] 🔍 DEBUG | → GET /api/video-file/auto_20260826_230840_Tại_Sao_Kỷ_Luật_Quan_Trọng_Hơn_Cảm_Hứng_.mp4[0m
[2026-08-27 08:08:48] DEBUG | → GET /api/video-file/auto_20260826_230840_Tại_Sao_Kỷ_Luật_Quan_Trọng_Hơn_Cảm_Hứng_.mp4
[36m[08:08:48] 🔍 DEBUG | → GET /api/video-file/auto_20260826_230826_Phương_Pháp_Deep_Work_Của_Cal_Newport___.mp4[0m
[2026-08-27 08:08:48] DEBUG | → GET /api/video-file/auto_20260826_230826_Phương_Pháp_Deep_Work_Của_Cal_Newport___.mp4
[36m[08:08:48] 🔍 DEBUG | → GET /api/video-file/auto_20260826_230846_First_Impression___7_Giây_Đầu_Quyết_Định.mp4[0m
[2026-08-27 08:08:48] DEBUG | → GET /api/video-file/auto_20260826_230846_First_Impression___7_Giây_Đầu_Quyết_Định.mp4
[36m[08:08:48] 🔍 DEBUG | → GET /api/video-file/auto_20260826_230818_Kinh_Nikaya__Bí_Quyết_Vượt_Qua_Nỗi_Sợ_Th.mp4[0m
[2026-08-27 08:08:48] DEBUG | → GET /api/video-file/auto_20260826_230818_Kinh_Nikaya__Bí_Quyết_Vượt_Qua_Nỗi_Sợ_Th.mp4
[36m[08:08:48] 🔍 DEBUG | → GET /api/video-file/auto_20260826_230758_Nghệ_Thuật_Lắng_Nghe_Chủ_Động___Kỹ_Năng_.mp4[0m
[2026-08-27 08:08:48] DEBUG | → GET /api/video-file/auto_20260826_230758_Nghệ_Thuật_Lắng_Nghe_Chủ_Động___Kỹ_Năng_.mp4
[36m[08:08:48] 🔍 DEBUG | → GET /api/video-file/auto_20260826_230358_Sức_Mạnh_Của_Journaling___Viết_Nhật_Ký_1.mp4[0m
[2026-08-27 08:08:48] DEBUG | → GET /api/video-file/auto_20260826_230358_Sức_Mạnh_Của_Journaling___Viết_Nhật_Ký_1.mp4
[36m[08:08:48] 🔍 DEBUG | → GET /api/video-file/auto_20260826_230404_First_Impression___7_Giây_Đầu_Quyết_Định.mp4[0m
[2026-08-27 08:08:48] DEBUG | → GET /api/video-file/auto_20260826_230404_First_Impression___7_Giây_Đầu_Quyết_Định.mp4
[36m[08:08:48] 🔍 DEBUG | → GET /api/video-file/auto_20260826_230114_Nghệ_Thuật_Buông_Bỏ_Kỳ_Vọng___Giải_Tỏa_Á.mp4[0m
[2026-08-27 08:08:48] DEBUG | → GET /api/video-file/auto_20260826_230114_Nghệ_Thuật_Buông_Bỏ_Kỳ_Vọng___Giải_Tỏa_Á.mp4
[36m[08:08:48] 🔍 DEBUG | → GET /api/video-file/auto_20260826_230421_Kinh_Nikaya__Giữ_Vững_Chánh_Định__SAMMA_.mp4[0m
[2026-08-27 08:08:48] DEBUG | → GET /api/video-file/auto_20260826_230421_Kinh_Nikaya__Giữ_Vững_Chánh_Định__SAMMA_.mp4
[36m[08:08:48] 🔍 DEBUG | → GET /api/video-file/auto_20260826_230107_Kỹ_Thuật_Time_Boxing_Nâng_Cao___Làm_Chủ_.mp4[0m
[2026-08-27 08:08:48] DEBUG | → GET /api/video-file/auto_20260826_230107_Kỹ_Thuật_Time_Boxing_Nâng_Cao___Làm_Chủ_.mp4
[36m[08:08:48] 🔍 DEBUG | → GET /api/video-file/auto_20260826_230041_Kinh_Nikaya__Tâm_Từ_Vô_Lượng__METTA____H.mp4[0m
[2026-08-27 08:08:48] DEBUG | → GET /api/video-file/auto_20260826_230041_Kinh_Nikaya__Tâm_Từ_Vô_Lượng__METTA____H.mp4
[36m[08:08:48] 🔍 DEBUG | → GET /api/video-file/auto_20260826_230352_Làm_Sao_Để_Tha_Thứ_Cho_Người_Làm_Mình_Đa.mp4[0m
[2026-08-27 08:08:48] DEBUG | → GET /api/video-file/auto_20260826_230352_Làm_Sao_Để_Tha_Thứ_Cho_Người_Làm_Mình_Đa.mp4
[36m[08:08:48] 🔍 DEBUG | → GET /api/video-file/auto_20260826_230128_First_Impression___7_Giây_Đầu_Quyết_Định.mp4[0m
[2026-08-27 08:08:48] DEBUG | → GET /api/video-file/auto_20260826_230128_First_Impression___7_Giây_Đầu_Quyết_Định.mp4
[36m[08:08:48] 🔍 DEBUG | → GET /api/video-file/auto_20260826_230020_Tại_Sao_Người_Ít_Nói_Lại_Thường_Được_Tin.mp4[0m
[2026-08-27 08:08:48] DEBUG | → GET /api/video-file/auto_20260826_230020_Tại_Sao_Người_Ít_Nói_Lại_Thường_Được_Tin.mp4
[36m[08:08:48] 🔍 DEBUG | → GET /api/video-file/auto_20260826_230121_Sức_Mạnh_Của_Journaling___Viết_Nhật_Ký_1.mp4[0m
[2026-08-27 08:08:48] DEBUG | → GET /api/video-file/auto_20260826_230121_Sức_Mạnh_Của_Journaling___Viết_Nhật_Ký_1.mp4
[36m[08:08:48] 🔍 DEBUG | → GET /api/video-file/auto_20260826_230436_Học_Cách_Nói_KHÔNG_Mà_Không_Cảm_Thấy_Áy_.mp4[0m
[2026-08-27 08:08:48] DEBUG | → GET /api/video-file/auto_20260826_230436_Học_Cách_Nói_KHÔNG_Mà_Không_Cảm_Thấy_Áy_.mp4
[36m[08:08:48] 🔍 DEBUG | → GET /api/video-file/auto_20260826_225833_Làm_Sao_Để_Tha_Thứ_Cho_Người_Làm_Mình_Đa.mp4[0m
[2026-08-27 08:08:48] DEBUG | → GET /api/video-file/auto_20260826_225833_Làm_Sao_Để_Tha_Thứ_Cho_Người_Làm_Mình_Đa.mp4
[36m[08:08:48] 🔍 DEBUG | → GET /api/video-file/auto_20260826_225923_Habit_Stacking___Ghép_Thói_Quen_Mới_Vào_.mp4[0m
[2026-08-27 08:08:48] DEBUG | → GET /api/video-file/auto_20260826_225923_Habit_Stacking___Ghép_Thói_Quen_Mới_Vào_.mp4
[36m[08:08:48] 🔍 DEBUG | → GET /api/video-file/auto_20260826_225916_Học_Cách_Nói_KHÔNG_Mà_Không_Cảm_Thấy_Áy_.mp4[0m
[2026-08-27 08:08:48] DEBUG | → GET /api/video-file/auto_20260826_225916_Học_Cách_Nói_KHÔNG_Mà_Không_Cảm_Thấy_Áy_.mp4
[36m[08:08:48] 🔍 DEBUG | → GET /api/video-file/auto_20260826_225838_Habit_Stacking___Ghép_Thói_Quen_Mới_Vào_.mp4[0m
[2026-08-27 08:08:48] DEBUG | → GET /api/video-file/auto_20260826_225838_Habit_Stacking___Ghép_Thói_Quen_Mới_Vào_.mp4
[36m[08:08:48] 🔍 DEBUG | → GET /api/video-file/auto_20260826_225811_Ma_Trận_Eisenhower___Phân_Loại_Công_Việc.mp4[0m
[2026-08-27 08:08:48] DEBUG | → GET /api/video-file/auto_20260826_225811_Ma_Trận_Eisenhower___Phân_Loại_Công_Việc.mp4
[36m[08:08:48] 🔍 DEBUG | → GET /api/video-file/auto_20260826_225645_Nghệ_Thuật_Lắng_Nghe_Chủ_Động___Kỹ_Năng_.mp4[0m
[2026-08-27 08:08:48] DEBUG | → GET /api/video-file/auto_20260826_225645_Nghệ_Thuật_Lắng_Nghe_Chủ_Động___Kỹ_Năng_.mp4
[36m[08:08:48] 🔍 DEBUG | → GET /api/video-file/auto_20260826_225628_Học_Cách_Nói_KHÔNG_Mà_Không_Cảm_Thấy_Áy_.mp4[0m
[2026-08-27 08:08:48] DEBUG | → GET /api/video-file/auto_20260826_225628_Học_Cách_Nói_KHÔNG_Mà_Không_Cảm_Thấy_Áy_.mp4
[36m[08:08:48] 🔍 DEBUG | → GET /api/video-file/auto_20260826_225619_Tại_Sao_Bạn_Mệt_Dù_Không_Làm_Gì___Decisi.mp4[0m
[2026-08-27 08:08:48] DEBUG | → GET /api/video-file/auto_20260826_225619_Tại_Sao_Bạn_Mệt_Dù_Không_Làm_Gì___Decisi.mp4
[36m[08:08:48] 🔍 DEBUG | → GET /api/video-file/auto_20260826_225703_Kinh_Nikaya__Sự_Tự_Do_Khỏi_Định_Kiến___K.mp4[0m
[2026-08-27 08:08:48] DEBUG | → GET /api/video-file/auto_20260826_225703_Kinh_Nikaya__Sự_Tự_Do_Khỏi_Định_Kiến___K.mp4
[36m[08:08:49] 🔍 DEBUG | → GET /api/video-file/auto_20260826_225713_Tại_Sao_Người_Thành_Công_Thức_Dậy_Sớm_Hơ.mp4[0m
[2026-08-27 08:08:49] DEBUG | → GET /api/video-file/auto_20260826_225713_Tại_Sao_Người_Thành_Công_Thức_Dậy_Sớm_Hơ.mp4
[36m[08:08:49] 🔍 DEBUG | → GET /api/video-file/auto_20260826_225510_Ngừng_Đa_Nhiệm___Làm_Một_Việc_Hiệu_Quả_H.mp4[0m
[2026-08-27 08:08:49] DEBUG | → GET /api/video-file/auto_20260826_225510_Ngừng_Đa_Nhiệm___Làm_Một_Việc_Hiệu_Quả_H.mp4
[36m[08:08:49] 🔍 DEBUG | → GET /api/video-file/auto_20260826_225534_Atomic_Habits___Thay_Đổi_1__Mỗi_Ngày_Để_.mp4[0m
[2026-08-27 08:08:49] DEBUG | → GET /api/video-file/auto_20260826_225534_Atomic_Habits___Thay_Đổi_1__Mỗi_Ngày_Để_.mp4
[36m[08:08:49] 🔍 DEBUG | → GET /api/video-file/auto_20260826_225235_Nghệ_Thuật_Lắng_Nghe_Chủ_Động___Kỹ_Năng_.mp4[0m
[2026-08-27 08:08:49] DEBUG | → GET /api/video-file/auto_20260826_225235_Nghệ_Thuật_Lắng_Nghe_Chủ_Động___Kỹ_Năng_.mp4
[36m[08:08:49] 🔍 DEBUG | → GET /api/video-file/auto_20260826_225347_Tại_Sao_Người_Ít_Nói_Lại_Thường_Được_Tin.mp4[0m
[2026-08-27 08:08:49] DEBUG | → GET /api/video-file/auto_20260826_225347_Tại_Sao_Người_Ít_Nói_Lại_Thường_Được_Tin.mp4
[36m[08:08:49] 🔍 DEBUG | → GET /api/video-file/auto_20260826_225546_First_Impression___7_Giây_Đầu_Quyết_Định.mp4[0m
[2026-08-27 08:08:49] DEBUG | → GET /api/video-file/auto_20260826_225546_First_Impression___7_Giây_Đầu_Quyết_Định.mp4
[36m[08:08:49] 🔍 DEBUG | → GET /api/video-file/auto_20260826_225205_Tại_Sao_Người_Thành_Công_Thức_Dậy_Sớm_Hơ.mp4[0m
[2026-08-27 08:08:49] DEBUG | → GET /api/video-file/auto_20260826_225205_Tại_Sao_Người_Thành_Công_Thức_Dậy_Sớm_Hơ.mp4
[36m[08:08:49] 🔍 DEBUG | → GET /api/video-file/auto_20260826_225522_Khi_Sự_Nhiệt_Huyết_Biến_Mất___Vượt_Qua_T.mp4[0m
[2026-08-27 08:08:49] DEBUG | → GET /api/video-file/auto_20260826_225522_Khi_Sự_Nhiệt_Huyết_Biến_Mất___Vượt_Qua_T.mp4
[36m[08:08:49] 🔍 DEBUG | → GET /api/video-file/auto_20260826_224822_Khi_Sự_Nhiệt_Huyết_Biến_Mất___Vượt_Qua_T.mp4[0m
[2026-08-27 08:08:49] DEBUG | → GET /api/video-file/auto_20260826_224822_Khi_Sự_Nhiệt_Huyết_Biến_Mất___Vượt_Qua_T.mp4
[36m[08:08:49] 🔍 DEBUG | → GET /api/video-file/auto_20260826_225222_Atomic_Habits___Thay_Đổi_1__Mỗi_Ngày_Để_.mp4[0m
[2026-08-27 08:08:49] DEBUG | → GET /api/video-file/auto_20260826_225222_Atomic_Habits___Thay_Đổi_1__Mỗi_Ngày_Để_.mp4
[36m[08:08:49] 🔍 DEBUG | → GET /api/video-file/auto_20260826_225212_Tại_Sao_Người_Mạnh_Mẽ_Cũng_Cần_Được_Khóc.mp4[0m
[2026-08-27 08:08:49] DEBUG | → GET /api/video-file/auto_20260826_225212_Tại_Sao_Người_Mạnh_Mẽ_Cũng_Cần_Được_Khóc.mp4
[36m[08:08:49] 🔍 DEBUG | → GET /api/video-file/auto_20260826_225340_No_Zero_Day___Không_Ngày_Nào_Là_Ngày_Trố.mp4[0m
[2026-08-27 08:08:49] DEBUG | → GET /api/video-file/auto_20260826_225340_No_Zero_Day___Không_Ngày_Nào_Là_Ngày_Trố.mp4
[36m[08:08:49] 🔍 DEBUG | → GET /api/video-file/auto_20260826_224736_Cách_Thoát_Khỏi_Vòng_Lặp_Overthinking_Mỗ.mp4[0m
[2026-08-27 08:08:49] DEBUG | → GET /api/video-file/auto_20260826_224736_Cách_Thoát_Khỏi_Vòng_Lặp_Overthinking_Mỗ.mp4
[36m[08:08:49] 🔍 DEBUG | → GET /api/video-file/auto_20260826_224728_Phương_Pháp_Deep_Work_Của_Cal_Newport___.mp4[0m
[2026-08-27 08:08:49] DEBUG | → GET /api/video-file/auto_20260826_224728_Phương_Pháp_Deep_Work_Của_Cal_Newport___.mp4
[36m[08:08:49] 🔍 DEBUG | → GET /api/video-file/auto_20260826_224816_5_Phút_Sáng_Quyết_Định_Năng_Suất_Cả_Ngày.mp4[0m
[2026-08-27 08:08:49] DEBUG | → GET /api/video-file/auto_20260826_224816_5_Phút_Sáng_Quyết_Định_Năng_Suất_Cả_Ngày.mp4
[36m[08:08:49] 🔍 DEBUG | → GET /api/video-file/auto_20260826_224647_Tại_Sao_Người_Mạnh_Mẽ_Cũng_Cần_Được_Khóc.mp4[0m
[2026-08-27 08:08:49] DEBUG | → GET /api/video-file/auto_20260826_224647_Tại_Sao_Người_Mạnh_Mẽ_Cũng_Cần_Được_Khóc.mp4
[36m[08:08:49] 🔍 DEBUG | → GET /api/video-file/auto_20260826_224632_Kinh_Nikaya__Con_Đường_Tứ_Diệu_Đế___4_Sự.mp4[0m
[2026-08-27 08:08:49] DEBUG | → GET /api/video-file/auto_20260826_224632_Kinh_Nikaya__Con_Đường_Tứ_Diệu_Đế___4_Sự.mp4
[36m[08:08:49] 🔍 DEBUG | → GET /api/video-file/auto_20260826_224926_Sức_Mạnh_Của_Journaling___Viết_Nhật_Ký_1.mp4[0m
[2026-08-27 08:08:49] DEBUG | → GET /api/video-file/auto_20260826_224926_Sức_Mạnh_Của_Journaling___Viết_Nhật_Ký_1.mp4
[36m[08:08:49] 🔍 DEBUG | → GET /api/video-file/auto_20260826_224742_Atomic_Habits___Thay_Đổi_1__Mỗi_Ngày_Để_.mp4[0m
[2026-08-27 08:08:49] DEBUG | → GET /api/video-file/auto_20260826_224742_Atomic_Habits___Thay_Đổi_1__Mỗi_Ngày_Để_.mp4
[36m[08:08:49] 🔍 DEBUG | → GET /api/video-file/auto_20260826_224655_Tại_Sao_Kỷ_Luật_Quan_Trọng_Hơn_Cảm_Hứng_.mp4[0m
[2026-08-27 08:08:49] DEBUG | → GET /api/video-file/auto_20260826_224655_Tại_Sao_Kỷ_Luật_Quan_Trọng_Hơn_Cảm_Hứng_.mp4
[36m[08:08:49] 🔍 DEBUG | → GET /api/video-file/auto_20260826_224551_Tại_Sao_Người_Thành_Công_Thức_Dậy_Sớm_Hơ.mp4[0m
[2026-08-27 08:08:49] DEBUG | → GET /api/video-file/auto_20260826_224551_Tại_Sao_Người_Thành_Công_Thức_Dậy_Sớm_Hơ.mp4
[36m[08:08:49] 🔍 DEBUG | → GET /api/video-file/auto_20260826_224558_5_Dấu_Hiệu_Bạn_Đang_Burnout___Nhận_Ra_Tr.mp4[0m
[2026-08-27 08:08:49] DEBUG | → GET /api/video-file/auto_20260826_224558_5_Dấu_Hiệu_Bạn_Đang_Burnout___Nhận_Ra_Tr.mp4
[36m[08:08:49] 🔍 DEBUG | → GET /api/video-file/auto_20260826_224435_First_Impression___7_Giây_Đầu_Quyết_Định.mp4[0m
[2026-08-27 08:08:49] DEBUG | → GET /api/video-file/auto_20260826_224435_First_Impression___7_Giây_Đầu_Quyết_Định.mp4
[36m[08:08:49] 🔍 DEBUG | → GET /api/video-file/auto_20260826_224329_Ngừng_Đa_Nhiệm___Làm_Một_Việc_Hiệu_Quả_H.mp4[0m
[2026-08-27 08:08:49] DEBUG | → GET /api/video-file/auto_20260826_224329_Ngừng_Đa_Nhiệm___Làm_Một_Việc_Hiệu_Quả_H.mp4
[36m[08:08:49] 🔍 DEBUG | → GET /api/video-file/auto_20260826_224428_Cách_Xây_Dựng_Buổi_Sáng_30_Phút_Thay_Đổi.mp4[0m
[2026-08-27 08:08:49] DEBUG | → GET /api/video-file/auto_20260826_224428_Cách_Xây_Dựng_Buổi_Sáng_30_Phút_Thay_Đổi.mp4
[36m[08:08:49] 🔍 DEBUG | → GET /api/video-file/auto_20260826_224349_Nghệ_Thuật_Lắng_Nghe_Chủ_Động___Kỹ_Năng_.mp4[0m
[2026-08-27 08:08:49] DEBUG | → GET /api/video-file/auto_20260826_224349_Nghệ_Thuật_Lắng_Nghe_Chủ_Động___Kỹ_Năng_.mp4
[36m[08:08:49] 🔍 DEBUG | → GET /api/video-file/auto_20260826_224422_Nghệ_Thuật_Buông_Bỏ_Kỳ_Vọng___Giải_Tỏa_Á.mp4[0m
[2026-08-27 08:08:49] DEBUG | → GET /api/video-file/auto_20260826_224422_Nghệ_Thuật_Buông_Bỏ_Kỳ_Vọng___Giải_Tỏa_Á.mp4
[36m[08:08:49] 🔍 DEBUG | → GET /api/video-file/auto_20260826_224415_Tại_Sao_Người_Thành_Công_Thức_Dậy_Sớm_Hơ.mp4[0m
[2026-08-27 08:08:49] DEBUG | → GET /api/video-file/auto_20260826_224415_Tại_Sao_Người_Thành_Công_Thức_Dậy_Sớm_Hơ.mp4
[36m[08:08:49] 🔍 DEBUG | → GET /api/video-file/auto_20260826_224336_Cách_Thoát_Khỏi_Vòng_Lặp_Overthinking_Mỗ.mp4[0m
[2026-08-27 08:08:49] DEBUG | → GET /api/video-file/auto_20260826_224336_Cách_Thoát_Khỏi_Vòng_Lặp_Overthinking_Mỗ.mp4
[36m[08:08:49] 🔍 DEBUG | → GET /api/video-file/auto_20260826_223511_Kỹ_Thuật_5_4_3_2_1_Chặn_Cơn_Lo_Âu_Trong_.mp4[0m
[2026-08-27 08:08:49] DEBUG | → GET /api/video-file/auto_20260826_223511_Kỹ_Thuật_5_4_3_2_1_Chặn_Cơn_Lo_Âu_Trong_.mp4
[36m[08:08:49] 🔍 DEBUG | → GET /api/video-file/auto_20260826_224407_Kinh_Nikaya__Nghệ_Thuật_Chọn_Bạn_Mà_Chơi.mp4[0m
[2026-08-27 08:08:49] DEBUG | → GET /api/video-file/auto_20260826_224407_Kinh_Nikaya__Nghệ_Thuật_Chọn_Bạn_Mà_Chơi.mp4
[36m[08:08:49] 🔍 DEBUG | → GET /api/video-file/auto_20260826_224342_No_Zero_Day___Không_Ngày_Nào_Là_Ngày_Trố.mp4[0m
[2026-08-27 08:08:49] DEBUG | → GET /api/video-file/auto_20260826_224342_No_Zero_Day___Không_Ngày_Nào_Là_Ngày_Trố.mp4
[36m[08:08:49] 🔍 DEBUG | → GET /api/video-file/manual_20260826_140557_Kinh_Nikaya__Chánh_Ngữ__SAMMA_VACA____Lờ.mp4[0m
[2026-08-27 08:08:49] DEBUG | → GET /api/video-file/manual_20260826_140557_Kinh_Nikaya__Chánh_Ngữ__SAMMA_VACA____Lờ.mp4
[36m[08:08:49] 🔍 DEBUG | → GET /api/video-file/auto_20260826_130642_Tại_Sao_Người_Ít_Nói_Lại_Thường_Được_Tin.mp4[0m
[2026-08-27 08:08:49] DEBUG | → GET /api/video-file/auto_20260826_130642_Tại_Sao_Người_Ít_Nói_Lại_Thường_Được_Tin.mp4
[36m[08:08:49] 🔍 DEBUG | → GET /api/video-file/auto_20260826_130629_Làm_Sao_Để_Tha_Thứ_Cho_Người_Làm_Mình_Đa.mp4[0m
[2026-08-27 08:08:49] DEBUG | → GET /api/video-file/auto_20260826_130629_Làm_Sao_Để_Tha_Thứ_Cho_Người_Làm_Mình_Đa.mp4
[36m[08:08:49] 🔍 DEBUG | → GET /api/video-file/auto_20260826_130621_Ma_Trận_Eisenhower___Phân_Loại_Công_Việc.mp4[0m
[2026-08-27 08:08:49] DEBUG | → GET /api/video-file/auto_20260826_130621_Ma_Trận_Eisenhower___Phân_Loại_Công_Việc.mp4
[36m[08:08:49] 🔍 DEBUG | → GET /api/video-file/manual_20260826_135319_Kinh_Nikaya__Tâm_Xả_Vô_Lượng__UPEKKHA___.mp4[0m
[2026-08-27 08:08:49] DEBUG | → GET /api/video-file/manual_20260826_135319_Kinh_Nikaya__Tâm_Xả_Vô_Lượng__UPEKKHA___.mp4
[36m[08:08:49] 🔍 DEBUG | → GET /api/video-file/auto_20260826_130707_Kinh_Nikaya__Tâm_Xả_Vô_Lượng__UPEKKHA___.mp4[0m
[2026-08-27 08:08:49] DEBUG | → GET /api/video-file/auto_20260826_130707_Kinh_Nikaya__Tâm_Xả_Vô_Lượng__UPEKKHA___.mp4
[36m[08:08:49] 🔍 DEBUG | → GET /api/video-file/auto_20260826_130613_Kinh_Nikaya__Bí_Quyết_Vượt_Qua_Nỗi_Sợ_Th.mp4[0m
[2026-08-27 08:08:49] DEBUG | → GET /api/video-file/auto_20260826_130613_Kinh_Nikaya__Bí_Quyết_Vượt_Qua_Nỗi_Sợ_Th.mp4
[36m[08:08:49] 🔍 DEBUG | → GET /api/video-file/auto_20260826_130550_Habit_Stacking___Ghép_Thói_Quen_Mới_Vào_.mp4[0m
[2026-08-27 08:08:49] DEBUG | → GET /api/video-file/auto_20260826_130550_Habit_Stacking___Ghép_Thói_Quen_Mới_Vào_.mp4
[36m[08:08:49] 🔍 DEBUG | → GET /api/video-file/auto_20260826_130504_Cách_Xây_Dựng_Buổi_Sáng_30_Phút_Thay_Đổi.mp4[0m
[2026-08-27 08:08:49] DEBUG | → GET /api/video-file/auto_20260826_130504_Cách_Xây_Dựng_Buổi_Sáng_30_Phút_Thay_Đổi.mp4
[36m[08:08:49] 🔍 DEBUG | → GET /api/video-file/auto_20260826_130405_Cách_Xây_Dựng_Buổi_Sáng_30_Phút_Thay_Đổi.mp4[0m
[2026-08-27 08:08:49] DEBUG | → GET /api/video-file/auto_20260826_130405_Cách_Xây_Dựng_Buổi_Sáng_30_Phút_Thay_Đổi.mp4
[36m[08:08:49] 🔍 DEBUG | → GET /api/video-file/auto_20260826_130412_First_Impression___7_Giây_Đầu_Quyết_Định.mp4[0m
[2026-08-27 08:08:49] DEBUG | → GET /api/video-file/auto_20260826_130412_First_Impression___7_Giây_Đầu_Quyết_Định.mp4
[36m[08:08:49] 🔍 DEBUG | → GET /api/video-file/auto_20260826_130528_Kinh_Nikaya__Định_Luật_Vô_Thường__ANICCA.mp4[0m
[2026-08-27 08:08:49] DEBUG | → GET /api/video-file/auto_20260826_130528_Kinh_Nikaya__Định_Luật_Vô_Thường__ANICCA.mp4
[36m[08:08:49] 🔍 DEBUG | → GET /api/video-file/auto_20260826_130457_Khi_Sự_Nhiệt_Huyết_Biến_Mất___Vượt_Qua_T.mp4[0m
[2026-08-27 08:08:49] DEBUG | → GET /api/video-file/auto_20260826_130457_Khi_Sự_Nhiệt_Huyết_Biến_Mất___Vượt_Qua_T.mp4
[36m[08:08:49] 🔍 DEBUG | → GET /api/video-file/auto_20260826_130450_Tại_Sao_Người_Thành_Công_Thức_Dậy_Sớm_Hơ.mp4[0m
[2026-08-27 08:08:49] DEBUG | → GET /api/video-file/auto_20260826_130450_Tại_Sao_Người_Thành_Công_Thức_Dậy_Sớm_Hơ.mp4
[36m[08:08:49] 🔍 DEBUG | → GET /api/video-file/auto_20260826_130557_Nghệ_Thuật_Lắng_Nghe_Chủ_Động___Kỹ_Năng_.mp4[0m
[2026-08-27 08:08:49] DEBUG | → GET /api/video-file/auto_20260826_130557_Nghệ_Thuật_Lắng_Nghe_Chủ_Động___Kỹ_Năng_.mp4
[36m[08:08:49] 🔍 DEBUG | → GET /api/video-file/auto_20260826_130429_Kinh_Nikaya__Quán_Thân_Trên_Thân__KAYANU.mp4[0m
[2026-08-27 08:08:49] DEBUG | → GET /api/video-file/auto_20260826_130429_Kinh_Nikaya__Quán_Thân_Trên_Thân__KAYANU.mp4
[36m[08:08:49] 🔍 DEBUG | → GET /api/video-file/auto_20260826_130536_Kỹ_Thuật_Time_Boxing_Nâng_Cao___Làm_Chủ_.mp4[0m
[2026-08-27 08:08:49] DEBUG | → GET /api/video-file/auto_20260826_130536_Kỹ_Thuật_Time_Boxing_Nâng_Cao___Làm_Chủ_.mp4
