
============================================================
[2026-08-26 13:00:00] === AUTO-SHORT UPLOAD START ===
[2026-08-26 13:00:00] STARTING: auto_20260825_225724_5_Phút_Sáng_Quyết_Định_Năng_Suất_Cả_Ngày.mp4 (0.9 MB)
[2026-08-26 13:00:07] FILE: auto_20260825_225724_5_Phút_Sáng_Quyết_Định_Năng_Suất_Cả_Ngày.mp4 → YT ID: Aghxvr0WUNw (status: uploaded)
[2026-08-26 13:00:07] URL: https://www.youtube.com/watch?v=Aghxvr0WUNw
[2026-08-26 13:00:07] DONE: Còn 122 video chờ upload.

[35m[1m╔══════════════════════════════════════════════════════════╗[0m
[35m[1m║  🎬 YouTube Terminal Uploader — @1995lido                ║[0m
[35m[1m╚══════════════════════════════════════════════════════════╝[0m

[2026-08-26 13:00:00] STARTING: auto_20260825_225724_5_Phút_Sáng_Quyết_Định_Năng_Suất_Cả_Ngày.mp4 (0.9 MB)
[36mℹ️  Pending: 123 video · Đang upload: auto_20260825_225724_5_Phút_Sáng_Quyết_Định_Năng_Suất_Cả_Ngày.mp4[0m

[1m────────────────────────────────────────────────────────────[0m
  📁 File   : [36mauto_20260825_225724_5_Phút_Sáng_Quyết_Định_Năng_Suất_Cả_Ngày.mp4[0m
  📝 Tiêu đề: [1m5 Phút Sáng Quyết Định Năng Suất Cả Ngày[0m
  📦 Size   : [33m0.9 MB[0m
  🔒 Privacy: [35mpublic[0m
[1m────────────────────────────────────────────────────────────[0m
[34m🔵 Tạo upload session...[0m
[32m✅ Upload session OK[0m
[34m🔵 Đang upload 0.9 MB lên YouTube...[0m

  [██████████████████████████████] 100.0% · 0.2 MB/s
[2026-08-26 13:00:07] FILE: auto_20260825_225724_5_Phút_Sáng_Quyết_Định_Năng_Suất_Cả_Ngày.mp4 → YT ID: Aghxvr0WUNw (status: uploaded)
[2026-08-26 13:00:07] URL: https://www.youtube.com/watch?v=Aghxvr0WUNw
[2026-08-26 13:00:07] DONE: Còn 122 video chờ upload.
[2026-08-26 13:00:07] === AUTO-SHORT UPLOAD END (OK) ===

[35m[1m╔══════════════════════════════════════════════════════════╗[0m
[35m[1m║  🎬 YouTube Terminal Uploader — @1995lido                ║[0m
[35m[1m╚══════════════════════════════════════════════════════════╝[0m

[2026-08-26 13:00:00] STARTING: auto_20260825_225724_5_Phút_Sáng_Quyết_Định_Năng_Suất_Cả_Ngày.mp4 (0.9 MB)
[36mℹ️  Pending: 123 video · Đang upload: auto_20260825_225724_5_Phút_Sáng_Quyết_Định_Năng_Suất_Cả_Ngày.mp4[0m

[1m────────────────────────────────────────────────────────────[0m
  📁 File   : [36mauto_20260825_225724_5_Phút_Sáng_Quyết_Định_Năng_Suất_Cả_Ngày.mp4[0m
  📝 Tiêu đề: [1m5 Phút Sáng Quyết Định Năng Suất Cả Ngày[0m
  📦 Size   : [33m0.9 MB[0m
  🔒 Privacy: [35mpublic[0m
[1m────────────────────────────────────────────────────────────[0m
[34m🔵 Tạo upload session...[0m
[32m✅ Upload session OK[0m
[34m🔵 Đang upload 0.9 MB lên YouTube...[0m

  [██████████████████████████████] 100.0% · 0.2 MB/s
[2026-08-26 13:00:07] FILE: auto_20260825_225724_5_Phút_Sáng_Quyết_Định_Năng_Suất_Cả_Ngày.mp4 → YT ID: Aghxvr0WUNw (status: uploaded)
[2026-08-26 13:00:07] URL: https://www.youtube.com/watch?v=Aghxvr0WUNw
[2026-08-26 13:00:07] DONE: Còn 122 video chờ upload.

============================================================
[2026-08-26 14:00:00] === AUTO-SHORT UPLOAD START ===
[2026-08-26 14:00:00] STARTING: auto_20260826_130339_Kinh_Nikaya__Sức_Mạnh_Của_Nhẫn_Nại__KHAN.mp4 (1.4 MB)
[2026-08-26 14:00:08] FILE: auto_20260826_130339_Kinh_Nikaya__Sức_Mạnh_Của_Nhẫn_Nại__KHAN.mp4 → YT ID: wi-wKRCVnP8 (status: uploaded)
[2026-08-26 14:00:08] URL: https://www.youtube.com/watch?v=wi-wKRCVnP8
[2026-08-26 14:00:08] DONE: Còn 24 video chờ upload.

[35m[1m╔══════════════════════════════════════════════════════════╗[0m
[35m[1m║  🎬 YouTube Terminal Uploader — @1995lido                ║[0m
[35m[1m╚══════════════════════════════════════════════════════════╝[0m

[2026-08-26 14:00:00] STARTING: auto_20260826_130339_Kinh_Nikaya__Sức_Mạnh_Của_Nhẫn_Nại__KHAN.mp4 (1.4 MB)
[36mℹ️  Pending: 25 video · Đang upload: auto_20260826_130339_Kinh_Nikaya__Sức_Mạnh_Của_Nhẫn_Nại__KHAN.mp4[0m

[1m────────────────────────────────────────────────────────────[0m
  📁 File   : [36mauto_20260826_130339_Kinh_Nikaya__Sức_Mạnh_Của_Nhẫn_Nại__KHAN.mp4[0m
  📝 Tiêu đề: [1mKinh Nikaya Sức Mạnh Của Nhẫn Nại Khan[0m
  📦 Size   : [33m1.4 MB[0m
  🔒 Privacy: [35mpublic[0m
[1m────────────────────────────────────────────────────────────[0m
[34m🔵 Tạo upload session...[0m
[32m✅ Upload session OK[0m
[34m🔵 Đang upload 1.4 MB lên YouTube...[0m

  [██████████████████████████████] 100.0% · 0.3 MB/s
[2026-08-26 14:00:08] FILE: auto_20260826_130339_Kinh_Nikaya__Sức_Mạnh_Của_Nhẫn_Nại__KHAN.mp4 → YT ID: wi-wKRCVnP8 (status: uploaded)
[2026-08-26 14:00:08] URL: https://www.youtube.com/watch?v=wi-wKRCVnP8
[2026-08-26 14:00:08] DONE: Còn 24 video chờ upload.
[2026-08-26 14:00:08] === AUTO-SHORT UPLOAD END (OK) ===

[35m[1m╔══════════════════════════════════════════════════════════╗[0m
[35m[1m║  🎬 YouTube Terminal Uploader — @1995lido                ║[0m
[35m[1m╚══════════════════════════════════════════════════════════╝[0m

[2026-08-26 14:00:00] STARTING: auto_20260826_130339_Kinh_Nikaya__Sức_Mạnh_Của_Nhẫn_Nại__KHAN.mp4 (1.4 MB)
[36mℹ️  Pending: 25 video · Đang upload: auto_20260826_130339_Kinh_Nikaya__Sức_Mạnh_Của_Nhẫn_Nại__KHAN.mp4[0m

[1m────────────────────────────────────────────────────────────[0m
  📁 File   : [36mauto_20260826_130339_Kinh_Nikaya__Sức_Mạnh_Của_Nhẫn_Nại__KHAN.mp4[0m
  📝 Tiêu đề: [1mKinh Nikaya Sức Mạnh Của Nhẫn Nại Khan[0m
  📦 Size   : [33m1.4 MB[0m
  🔒 Privacy: [35mpublic[0m
[1m────────────────────────────────────────────────────────────[0m
[34m🔵 Tạo upload session...[0m
[32m✅ Upload session OK[0m
[34m🔵 Đang upload 1.4 MB lên YouTube...[0m

  [██████████████████████████████] 100.0% · 0.3 MB/s
[2026-08-26 14:00:08] FILE: auto_20260826_130339_Kinh_Nikaya__Sức_Mạnh_Của_Nhẫn_Nại__KHAN.mp4 → YT ID: wi-wKRCVnP8 (status: uploaded)
[2026-08-26 14:00:08] URL: https://www.youtube.com/watch?v=wi-wKRCVnP8
[2026-08-26 14:00:08] DONE: Còn 24 video chờ upload.
[2026-08-26 14:41:15] STARTING: auto_20260826_130350_Phương_Pháp_Deep_Work_Của_Cal_Newport___.mp4 (0.9 MB)

============================================================
[2026-08-26 15:00:00] === AUTO-SHORT UPLOAD START ===
[2026-08-26 15:00:00] STARTING: auto_20260826_130350_Phương_Pháp_Deep_Work_Của_Cal_Newport___.mp4 (0.9 MB)
[2026-08-26 15:04:07] ERROR: OAuth token không hợp lệ — chạy: python3 setup_token_direct.py

[35m[1m╔══════════════════════════════════════════════════════════╗[0m
[35m[1m║  🎬 YouTube Terminal Uploader — @1995lido                ║[0m
[35m[1m╚══════════════════════════════════════════════════════════╝[0m

[2026-08-26 15:00:00] STARTING: auto_20260826_130350_Phương_Pháp_Deep_Work_Của_Cal_Newport___.mp4 (0.9 MB)
[36mℹ️  Pending: 25 video · Đang upload: auto_20260826_130350_Phương_Pháp_Deep_Work_Của_Cal_Newport___.mp4[0m
[31m❌ Refresh token lỗi: <urlopen error EOF occurred in violation of protocol (_ssl.c:1129)>[0m
[2026-08-26 15:04:07] ERROR: OAuth token không hợp lệ — chạy: python3 setup_token_direct.py
[2026-08-26 15:04:08] === AUTO-SHORT UPLOAD END (EXIT CODE: 2) ===

[35m[1m╔══════════════════════════════════════════════════════════╗[0m
[35m[1m║  🎬 YouTube Terminal Uploader — @1995lido                ║[0m
[35m[1m╚══════════════════════════════════════════════════════════╝[0m

[2026-08-26 15:00:00] STARTING: auto_20260826_130350_Phương_Pháp_Deep_Work_Của_Cal_Newport___.mp4 (0.9 MB)
[36mℹ️  Pending: 25 video · Đang upload: auto_20260826_130350_Phương_Pháp_Deep_Work_Của_Cal_Newport___.mp4[0m
[31m❌ Refresh token lỗi: <urlopen error EOF occurred in violation of protocol (_ssl.c:1129)>[0m
[2026-08-26 15:04:07] ERROR: OAuth token không hợp lệ — chạy: python3 setup_token_direct.py

============================================================
[2026-08-26 18:27:39] === AUTO-SHORT UPLOAD START ===
[2026-08-26 18:27:40] STARTING: auto_20260826_130350_Phương_Pháp_Deep_Work_Của_Cal_Newport___.mp4 (0.9 MB)
[2026-08-26 18:27:44] FILE: auto_20260826_130350_Phương_Pháp_Deep_Work_Của_Cal_Newport___.mp4 → YT ID: -giVLKOjdW0 (status: uploaded)
[2026-08-26 18:27:44] URL: https://www.youtube.com/watch?v=-giVLKOjdW0
[2026-08-26 18:27:44] DONE: Còn 24 video chờ upload.

[35m[1m╔══════════════════════════════════════════════════════════╗[0m
[35m[1m║  🎬 YouTube Terminal Uploader — @1995lido                ║[0m
[35m[1m╚══════════════════════════════════════════════════════════╝[0m

[2026-08-26 18:27:40] STARTING: auto_20260826_130350_Phương_Pháp_Deep_Work_Của_Cal_Newport___.mp4 (0.9 MB)
[36mℹ️  Pending: 25 video · Đang upload: auto_20260826_130350_Phương_Pháp_Deep_Work_Của_Cal_Newport___.mp4[0m

[1m────────────────────────────────────────────────────────────[0m
  📁 File   : [36mauto_20260826_130350_Phương_Pháp_Deep_Work_Của_Cal_Newport___.mp4[0m
  📝 Tiêu đề: [1mPhương Pháp Deep Work Của Cal Newport[0m
  📦 Size   : [33m0.9 MB[0m
  🔒 Privacy: [35mpublic[0m
[1m────────────────────────────────────────────────────────────[0m
[34m🔵 Tạo upload session...[0m
[32m✅ Upload session OK[0m
[34m🔵 Đang upload 0.9 MB lên YouTube...[0m

  [██████████████████████████████] 100.0% · 0.6 MB/s
[2026-08-26 18:27:44] FILE: auto_20260826_130350_Phương_Pháp_Deep_Work_Của_Cal_Newport___.mp4 → YT ID: -giVLKOjdW0 (status: uploaded)
[2026-08-26 18:27:44] URL: https://www.youtube.com/watch?v=-giVLKOjdW0
[2026-08-26 18:27:44] DONE: Còn 24 video chờ upload.
[2026-08-26 18:27:44] === AUTO-SHORT UPLOAD END (OK) ===

============================================================
[2026-08-26 19:00:00] === AUTO-SHORT UPLOAD START ===
[2026-08-26 19:00:00] STARTING: auto_20260826_130357_5_Dấu_Hiệu_Bạn_Đang_Burnout___Nhận_Ra_Tr.mp4 (0.9 MB)
[2026-08-26 19:00:06] FILE: auto_20260826_130357_5_Dấu_Hiệu_Bạn_Đang_Burnout___Nhận_Ra_Tr.mp4 → YT ID: 9qXNdpnZm3k (status: uploaded)
[2026-08-26 19:00:06] URL: https://www.youtube.com/watch?v=9qXNdpnZm3k
[2026-08-26 19:00:06] DONE: Còn 23 video chờ upload.

[35m[1m╔══════════════════════════════════════════════════════════╗[0m
[35m[1m║  🎬 YouTube Terminal Uploader — @1995lido                ║[0m
[35m[1m╚══════════════════════════════════════════════════════════╝[0m

[2026-08-26 19:00:00] STARTING: auto_20260826_130357_5_Dấu_Hiệu_Bạn_Đang_Burnout___Nhận_Ra_Tr.mp4 (0.9 MB)
[36mℹ️  Pending: 24 video · Đang upload: auto_20260826_130357_5_Dấu_Hiệu_Bạn_Đang_Burnout___Nhận_Ra_Tr.mp4[0m

[1m────────────────────────────────────────────────────────────[0m
  📁 File   : [36mauto_20260826_130357_5_Dấu_Hiệu_Bạn_Đang_Burnout___Nhận_Ra_Tr.mp4[0m
  📝 Tiêu đề: [1m5 Dấu Hiệu Bạn Đang Burnout Nhận Ra Tr[0m
  📦 Size   : [33m0.9 MB[0m
  🔒 Privacy: [35mpublic[0m
[1m────────────────────────────────────────────────────────────[0m
[34m🔵 Tạo upload session...[0m
[32m✅ Upload session OK[0m
[34m🔵 Đang upload 0.9 MB lên YouTube...[0m

  [██████████████████████████████] 100.0% · 0.5 MB/s
[2026-08-26 19:00:06] FILE: auto_20260826_130357_5_Dấu_Hiệu_Bạn_Đang_Burnout___Nhận_Ra_Tr.mp4 → YT ID: 9qXNdpnZm3k (status: uploaded)
[2026-08-26 19:00:06] URL: https://www.youtube.com/watch?v=9qXNdpnZm3k
[2026-08-26 19:00:06] DONE: Còn 23 video chờ upload.
[2026-08-26 19:00:06] === AUTO-SHORT UPLOAD END (OK) ===

[35m[1m╔══════════════════════════════════════════════════════════╗[0m
[35m[1m║  🎬 YouTube Terminal Uploader — @1995lido                ║[0m
[35m[1m╚══════════════════════════════════════════════════════════╝[0m

[2026-08-26 19:00:00] STARTING: auto_20260826_130357_5_Dấu_Hiệu_Bạn_Đang_Burnout___Nhận_Ra_Tr.mp4 (0.9 MB)
[36mℹ️  Pending: 24 video · Đang upload: auto_20260826_130357_5_Dấu_Hiệu_Bạn_Đang_Burnout___Nhận_Ra_Tr.mp4[0m

[1m────────────────────────────────────────────────────────────[0m
  📁 File   : [36mauto_20260826_130357_5_Dấu_Hiệu_Bạn_Đang_Burnout___Nhận_Ra_Tr.mp4[0m
  📝 Tiêu đề: [1m5 Dấu Hiệu Bạn Đang Burnout Nhận Ra Tr[0m
  📦 Size   : [33m0.9 MB[0m
  🔒 Privacy: [35mpublic[0m
[1m────────────────────────────────────────────────────────────[0m
[34m🔵 Tạo upload session...[0m
[32m✅ Upload session OK[0m
[34m🔵 Đang upload 0.9 MB lên YouTube...[0m

  [██████████████████████████████] 100.0% · 0.5 MB/s
[2026-08-26 19:00:06] FILE: auto_20260826_130357_5_Dấu_Hiệu_Bạn_Đang_Burnout___Nhận_Ra_Tr.mp4 → YT ID: 9qXNdpnZm3k (status: uploaded)
[2026-08-26 19:00:06] URL: https://www.youtube.com/watch?v=9qXNdpnZm3k
[2026-08-26 19:00:06] DONE: Còn 23 video chờ upload.

============================================================
[2026-08-26 19:02:44] === AUTO-SHORT UPLOAD START ===
[2026-08-26 19:02:44] STARTING: auto_20260826_130405_Cách_Xây_Dựng_Buổi_Sáng_30_Phút_Thay_Đổi.mp4 (0.7 MB)
[2026-08-26 19:02:54] FILE: auto_20260826_130405_Cách_Xây_Dựng_Buổi_Sáng_30_Phút_Thay_Đổi.mp4 → YT ID: 30ypleD9qIo (status: uploaded)
[2026-08-26 19:02:54] URL: https://www.youtube.com/watch?v=30ypleD9qIo
[2026-08-26 19:02:54] DONE: Còn 22 video chờ upload.

[35m[1m╔══════════════════════════════════════════════════════════╗[0m
[35m[1m║  🎬 YouTube Terminal Uploader — @1995lido                ║[0m
[35m[1m╚══════════════════════════════════════════════════════════╝[0m

[2026-08-26 19:02:44] STARTING: auto_20260826_130405_Cách_Xây_Dựng_Buổi_Sáng_30_Phút_Thay_Đổi.mp4 (0.7 MB)
[36mℹ️  Pending: 23 video · Đang upload: auto_20260826_130405_Cách_Xây_Dựng_Buổi_Sáng_30_Phút_Thay_Đổi.mp4[0m

[1m────────────────────────────────────────────────────────────[0m
  📁 File   : [36mauto_20260826_130405_Cách_Xây_Dựng_Buổi_Sáng_30_Phút_Thay_Đổi.mp4[0m
  📝 Tiêu đề: [1mCách Xây Dựng Buổi Sáng 30 Phút Thay Đổi[0m
  📦 Size   : [33m0.7 MB[0m
  🔒 Privacy: [35mpublic[0m
[1m────────────────────────────────────────────────────────────[0m
[34m🔵 Tạo upload session...[0m
[32m✅ Upload session OK[0m
[34m🔵 Đang upload 0.7 MB lên YouTube...[0m

  [██████████████████████████████] 100.0% · 0.1 MB/s
[2026-08-26 19:02:54] FILE: auto_20260826_130405_Cách_Xây_Dựng_Buổi_Sáng_30_Phút_Thay_Đổi.mp4 → YT ID: 30ypleD9qIo (status: uploaded)
[2026-08-26 19:02:54] URL: https://www.youtube.com/watch?v=30ypleD9qIo
[2026-08-26 19:02:54] DONE: Còn 22 video chờ upload.
[2026-08-26 19:02:54] === AUTO-SHORT UPLOAD END (OK) ===
============================================================
[2026-08-26 20:52:09] ⏰ KÍCH HOẠT VÒNG LẶP HÀNG GIỜ...

============================================================
[2026-08-26 20:52:09] === AUTO-SHORT UPLOAD START ===
[2026-08-26 20:52:09] STARTING: auto_20260826_130412_First_Impression___7_Giây_Đầu_Quyết_Định.mp4 (0.9 MB)
[2026-08-26 20:52:19] FILE: auto_20260826_130412_First_Impression___7_Giây_Đầu_Quyết_Định.mp4 → YT ID: mJb__DnarK4 (status: uploaded)
[2026-08-26 20:52:19] URL: https://www.youtube.com/watch?v=mJb__DnarK4
[2026-08-26 20:52:19] DONE: Còn 21 video chờ upload.

[35m[1m╔══════════════════════════════════════════════════════════╗[0m
[35m[1m║  🎬 YouTube Terminal Uploader — @1995lido                ║[0m
[35m[1m╚══════════════════════════════════════════════════════════╝[0m

[2026-08-26 20:52:09] STARTING: auto_20260826_130412_First_Impression___7_Giây_Đầu_Quyết_Định.mp4 (0.9 MB)
[36mℹ️  Pending: 22 video · Đang upload: auto_20260826_130412_First_Impression___7_Giây_Đầu_Quyết_Định.mp4[0m

[1m────────────────────────────────────────────────────────────[0m
  📁 File   : [36mauto_20260826_130412_First_Impression___7_Giây_Đầu_Quyết_Định.mp4[0m
  📝 Tiêu đề: [1mFirst Impression 7 Giây Đầu Quyết Định[0m
  📦 Size   : [33m0.9 MB[0m
  🔒 Privacy: [35mpublic[0m
[1m────────────────────────────────────────────────────────────[0m
[34m🔵 Tạo upload session...[0m
[32m✅ Upload session OK[0m
[34m🔵 Đang upload 0.9 MB lên YouTube...[0m

  [██████████████████████████████] 100.0% · 0.1 MB/s
[2026-08-26 20:52:19] FILE: auto_20260826_130412_First_Impression___7_Giây_Đầu_Quyết_Định.mp4 → YT ID: mJb__DnarK4 (status: uploaded)
[2026-08-26 20:52:19] URL: https://www.youtube.com/watch?v=mJb__DnarK4
[2026-08-26 20:52:19] DONE: Còn 21 video chờ upload.
[2026-08-26 20:52:19] === AUTO-SHORT UPLOAD END (OK) ===

============================================================
[2026-08-26 21:00:00] === AUTO-SHORT UPLOAD START ===
[2026-08-26 21:00:00] STARTING: auto_20260826_130429_Kinh_Nikaya__Quán_Thân_Trên_Thân__KAYANU.mp4 (1.0 MB)
[2026-08-26 21:00:20] FILE: auto_20260826_130429_Kinh_Nikaya__Quán_Thân_Trên_Thân__KAYANU.mp4 → YT ID: HX50EhTDJPo (status: uploaded)
[2026-08-26 21:00:20] URL: https://www.youtube.com/watch?v=HX50EhTDJPo
[2026-08-26 21:00:20] DONE: Còn 20 video chờ upload.

[35m[1m╔══════════════════════════════════════════════════════════╗[0m
[35m[1m║  🎬 YouTube Terminal Uploader — @1995lido                ║[0m
[35m[1m╚══════════════════════════════════════════════════════════╝[0m

[2026-08-26 21:00:00] STARTING: auto_20260826_130429_Kinh_Nikaya__Quán_Thân_Trên_Thân__KAYANU.mp4 (1.0 MB)
[36mℹ️  Pending: 21 video · Đang upload: auto_20260826_130429_Kinh_Nikaya__Quán_Thân_Trên_Thân__KAYANU.mp4[0m

[1m────────────────────────────────────────────────────────────[0m
  📁 File   : [36mauto_20260826_130429_Kinh_Nikaya__Quán_Thân_Trên_Thân__KAYANU.mp4[0m
  📝 Tiêu đề: [1mKinh Nikaya Quán Thân Trên Thân Kayanu[0m
  📦 Size   : [33m1.0 MB[0m
  🔒 Privacy: [35mpublic[0m
[1m────────────────────────────────────────────────────────────[0m
[34m🔵 Tạo upload session...[0m
[32m✅ Upload session OK[0m
[34m🔵 Đang upload 1.0 MB lên YouTube...[0m

  [██████████████████████████████] 100.0% · 0.1 MB/s
[2026-08-26 21:00:20] FILE: auto_20260826_130429_Kinh_Nikaya__Quán_Thân_Trên_Thân__KAYANU.mp4 → YT ID: HX50EhTDJPo (status: uploaded)
[2026-08-26 21:00:20] URL: https://www.youtube.com/watch?v=HX50EhTDJPo
[2026-08-26 21:00:20] DONE: Còn 20 video chờ upload.
[2026-08-26 21:00:20] === AUTO-SHORT UPLOAD END (OK) ===

[35m[1m╔══════════════════════════════════════════════════════════╗[0m
[35m[1m║  🎬 YouTube Terminal Uploader — @1995lido                ║[0m
[35m[1m╚══════════════════════════════════════════════════════════╝[0m

[2026-08-26 21:00:00] STARTING: auto_20260826_130429_Kinh_Nikaya__Quán_Thân_Trên_Thân__KAYANU.mp4 (1.0 MB)
[36mℹ️  Pending: 21 video · Đang upload: auto_20260826_130429_Kinh_Nikaya__Quán_Thân_Trên_Thân__KAYANU.mp4[0m

[1m────────────────────────────────────────────────────────────[0m
  📁 File   : [36mauto_20260826_130429_Kinh_Nikaya__Quán_Thân_Trên_Thân__KAYANU.mp4[0m
  📝 Tiêu đề: [1mKinh Nikaya Quán Thân Trên Thân Kayanu[0m
  📦 Size   : [33m1.0 MB[0m
  🔒 Privacy: [35mpublic[0m
[1m────────────────────────────────────────────────────────────[0m
[34m🔵 Tạo upload session...[0m
[32m✅ Upload session OK[0m
[34m🔵 Đang upload 1.0 MB lên YouTube...[0m

  [██████████████████████████████] 100.0% · 0.1 MB/s
[2026-08-26 21:00:20] FILE: auto_20260826_130429_Kinh_Nikaya__Quán_Thân_Trên_Thân__KAYANU.mp4 → YT ID: HX50EhTDJPo (status: uploaded)
[2026-08-26 21:00:20] URL: https://www.youtube.com/watch?v=HX50EhTDJPo
[2026-08-26 21:00:20] DONE: Còn 20 video chờ upload.

============================================================
[2026-08-26 22:00:00] === AUTO-SHORT UPLOAD START ===
[2026-08-26 22:00:00] STARTING: auto_20260826_130450_Tại_Sao_Người_Thành_Công_Thức_Dậy_Sớm_Hơ.mp4 (0.9 MB)
[2026-08-26 22:00:05] FILE: auto_20260826_130450_Tại_Sao_Người_Thành_Công_Thức_Dậy_Sớm_Hơ.mp4 → YT ID: PtROyLttiM4 (status: uploaded)
[2026-08-26 22:00:05] URL: https://www.youtube.com/watch?v=PtROyLttiM4
[2026-08-26 22:00:05] DONE: Còn 19 video chờ upload.

[35m[1m╔══════════════════════════════════════════════════════════╗[0m
[35m[1m║  🎬 YouTube Terminal Uploader — @1995lido                ║[0m
[35m[1m╚══════════════════════════════════════════════════════════╝[0m

[2026-08-26 22:00:00] STARTING: auto_20260826_130450_Tại_Sao_Người_Thành_Công_Thức_Dậy_Sớm_Hơ.mp4 (0.9 MB)
[36mℹ️  Pending: 20 video · Đang upload: auto_20260826_130450_Tại_Sao_Người_Thành_Công_Thức_Dậy_Sớm_Hơ.mp4[0m

[1m────────────────────────────────────────────────────────────[0m
  📁 File   : [36mauto_20260826_130450_Tại_Sao_Người_Thành_Công_Thức_Dậy_Sớm_Hơ.mp4[0m
  📝 Tiêu đề: [1mTại Sao Người Thành Công Thức Dậy Sớm Hơ[0m
  📦 Size   : [33m0.9 MB[0m
  🔒 Privacy: [35mpublic[0m
[1m────────────────────────────────────────────────────────────[0m
[34m🔵 Tạo upload session...[0m
[32m✅ Upload session OK[0m
[34m🔵 Đang upload 0.9 MB lên YouTube...[0m

  [██████████████████████████████] 100.0% · 0.5 MB/s
[2026-08-26 22:00:05] FILE: auto_20260826_130450_Tại_Sao_Người_Thành_Công_Thức_Dậy_Sớm_Hơ.mp4 → YT ID: PtROyLttiM4 (status: uploaded)
[2026-08-26 22:00:05] URL: https://www.youtube.com/watch?v=PtROyLttiM4
[2026-08-26 22:00:05] DONE: Còn 19 video chờ upload.
[2026-08-26 22:00:05] === AUTO-SHORT UPLOAD END (OK) ===

[35m[1m╔══════════════════════════════════════════════════════════╗[0m
[35m[1m║  🎬 YouTube Terminal Uploader — @1995lido                ║[0m
[35m[1m╚══════════════════════════════════════════════════════════╝[0m

[2026-08-26 22:00:00] STARTING: auto_20260826_130450_Tại_Sao_Người_Thành_Công_Thức_Dậy_Sớm_Hơ.mp4 (0.9 MB)
[36mℹ️  Pending: 20 video · Đang upload: auto_20260826_130450_Tại_Sao_Người_Thành_Công_Thức_Dậy_Sớm_Hơ.mp4[0m

[1m────────────────────────────────────────────────────────────[0m
  📁 File   : [36mauto_20260826_130450_Tại_Sao_Người_Thành_Công_Thức_Dậy_Sớm_Hơ.mp4[0m
  📝 Tiêu đề: [1mTại Sao Người Thành Công Thức Dậy Sớm Hơ[0m
  📦 Size   : [33m0.9 MB[0m
  🔒 Privacy: [35mpublic[0m
[1m────────────────────────────────────────────────────────────[0m
[34m🔵 Tạo upload session...[0m
[32m✅ Upload session OK[0m
[34m🔵 Đang upload 0.9 MB lên YouTube...[0m

  [██████████████████████████████] 100.0% · 0.5 MB/s
[2026-08-26 22:00:05] FILE: auto_20260826_130450_Tại_Sao_Người_Thành_Công_Thức_Dậy_Sớm_Hơ.mp4 → YT ID: PtROyLttiM4 (status: uploaded)
[2026-08-26 22:00:05] URL: https://www.youtube.com/watch?v=PtROyLttiM4
[2026-08-26 22:00:05] DONE: Còn 19 video chờ upload.
============================================================
[2026-08-26 22:19:08] ⏰ KÍCH HOẠT VÒNG LẶP HÀNG GIỜ...

============================================================
[2026-08-26 22:19:08] === AUTO-SHORT UPLOAD START ===
[2026-08-26 22:19:08] STARTING: auto_20260826_130457_Khi_Sự_Nhiệt_Huyết_Biến_Mất___Vượt_Qua_T.mp4 (0.9 MB)
[2026-08-26 22:19:16] FILE: auto_20260826_130457_Khi_Sự_Nhiệt_Huyết_Biến_Mất___Vượt_Qua_T.mp4 → YT ID: HgkgTSft31E (status: uploaded)
[2026-08-26 22:19:16] URL: https://www.youtube.com/watch?v=HgkgTSft31E
[2026-08-26 22:19:16] DONE: Còn 23 video chờ upload.

[35m[1m╔══════════════════════════════════════════════════════════╗[0m
[35m[1m║  🎬 YouTube Terminal Uploader — @1995lido                ║[0m
[35m[1m╚══════════════════════════════════════════════════════════╝[0m

[2026-08-26 22:19:08] STARTING: auto_20260826_130457_Khi_Sự_Nhiệt_Huyết_Biến_Mất___Vượt_Qua_T.mp4 (0.9 MB)
[36mℹ️  Pending: 24 video · Đang upload: auto_20260826_130457_Khi_Sự_Nhiệt_Huyết_Biến_Mất___Vượt_Qua_T.mp4[0m

[1m────────────────────────────────────────────────────────────[0m
  📁 File   : [36mauto_20260826_130457_Khi_Sự_Nhiệt_Huyết_Biến_Mất___Vượt_Qua_T.mp4[0m
  📝 Tiêu đề: [1mKhi Sự Nhiệt Huyết Biến Mất Vượt Qua T[0m
  📦 Size   : [33m0.9 MB[0m
  🔒 Privacy: [35mpublic[0m
[1m────────────────────────────────────────────────────────────[0m
[34m🔵 Tạo upload session...[0m
[32m✅ Upload session OK[0m
[34m🔵 Đang upload 0.9 MB lên YouTube...[0m

  [██████████████████████████████] 100.0% · 0.2 MB/s
[2026-08-26 22:19:16] FILE: auto_20260826_130457_Khi_Sự_Nhiệt_Huyết_Biến_Mất___Vượt_Qua_T.mp4 → YT ID: HgkgTSft31E (status: uploaded)
[2026-08-26 22:19:16] URL: https://www.youtube.com/watch?v=HgkgTSft31E
[2026-08-26 22:19:16] DONE: Còn 23 video chờ upload.
[2026-08-26 22:19:16] === AUTO-SHORT UPLOAD END (OK) ===

============================================================
[2026-08-26 23:00:00] === AUTO-SHORT UPLOAD START ===
[2026-08-26 23:00:01] STARTING: auto_20260826_130504_Cách_Xây_Dựng_Buổi_Sáng_30_Phút_Thay_Đổi.mp4 (0.9 MB)
[2026-08-26 23:00:08] FILE: auto_20260826_130504_Cách_Xây_Dựng_Buổi_Sáng_30_Phút_Thay_Đổi.mp4 → YT ID: 9BsnLJdJBx0 (status: uploaded)
[2026-08-26 23:00:08] URL: https://www.youtube.com/watch?v=9BsnLJdJBx0
[2026-08-26 23:00:08] DONE: Còn 134 video chờ upload.

[35m[1m╔══════════════════════════════════════════════════════════╗[0m
[35m[1m║  🎬 YouTube Terminal Uploader — @1995lido                ║[0m
[35m[1m╚══════════════════════════════════════════════════════════╝[0m

[2026-08-26 23:00:01] STARTING: auto_20260826_130504_Cách_Xây_Dựng_Buổi_Sáng_30_Phút_Thay_Đổi.mp4 (0.9 MB)
[36mℹ️  Pending: 135 video · Đang upload: auto_20260826_130504_Cách_Xây_Dựng_Buổi_Sáng_30_Phút_Thay_Đổi.mp4[0m

[1m────────────────────────────────────────────────────────────[0m
  📁 File   : [36mauto_20260826_130504_Cách_Xây_Dựng_Buổi_Sáng_30_Phút_Thay_Đổi.mp4[0m
  📝 Tiêu đề: [1mCách Xây Dựng Buổi Sáng 30 Phút Thay Đổi[0m
  📦 Size   : [33m0.9 MB[0m
  🔒 Privacy: [35mpublic[0m
[1m────────────────────────────────────────────────────────────[0m
[34m🔵 Tạo upload session...[0m
[32m✅ Upload session OK[0m
[34m🔵 Đang upload 0.9 MB lên YouTube...[0m

  [██████████████████████████████] 100.0% · 0.2 MB/s
[2026-08-26 23:00:08] FILE: auto_20260826_130504_Cách_Xây_Dựng_Buổi_Sáng_30_Phút_Thay_Đổi.mp4 → YT ID: 9BsnLJdJBx0 (status: uploaded)
[2026-08-26 23:00:08] URL: https://www.youtube.com/watch?v=9BsnLJdJBx0
[2026-08-26 23:00:08] DONE: Còn 134 video chờ upload.
[2026-08-26 23:00:08] === AUTO-SHORT UPLOAD END (OK) ===

[35m[1m╔══════════════════════════════════════════════════════════╗[0m
[35m[1m║  🎬 YouTube Terminal Uploader — @1995lido                ║[0m
[35m[1m╚══════════════════════════════════════════════════════════╝[0m

[2026-08-26 23:00:01] STARTING: auto_20260826_130504_Cách_Xây_Dựng_Buổi_Sáng_30_Phút_Thay_Đổi.mp4 (0.9 MB)
[36mℹ️  Pending: 135 video · Đang upload: auto_20260826_130504_Cách_Xây_Dựng_Buổi_Sáng_30_Phút_Thay_Đổi.mp4[0m

[1m────────────────────────────────────────────────────────────[0m
  📁 File   : [36mauto_20260826_130504_Cách_Xây_Dựng_Buổi_Sáng_30_Phút_Thay_Đổi.mp4[0m
  📝 Tiêu đề: [1mCách Xây Dựng Buổi Sáng 30 Phút Thay Đổi[0m
  📦 Size   : [33m0.9 MB[0m
  🔒 Privacy: [35mpublic[0m
[1m────────────────────────────────────────────────────────────[0m
[34m🔵 Tạo upload session...[0m
[32m✅ Upload session OK[0m
[34m🔵 Đang upload 0.9 MB lên YouTube...[0m

  [██████████████████████████████] 100.0% · 0.2 MB/s
[2026-08-26 23:00:08] FILE: auto_20260826_130504_Cách_Xây_Dựng_Buổi_Sáng_30_Phút_Thay_Đổi.mp4 → YT ID: 9BsnLJdJBx0 (status: uploaded)
[2026-08-26 23:00:08] URL: https://www.youtube.com/watch?v=9BsnLJdJBx0
[2026-08-26 23:00:08] DONE: Còn 134 video chờ upload.
============================================================
[2026-08-26 23:19:16] ⏰ KÍCH HOẠT VÒNG LẶP HÀNG GIỜ...

============================================================
[2026-08-26 23:19:16] === AUTO-SHORT UPLOAD START ===
[2026-08-26 23:19:16] STARTING: auto_20260826_130511_Nghệ_Thuật_Lắng_Nghe_Chủ_Động___Kỹ_Năng_.mp4 (0.7 MB)
[2026-08-26 23:19:23] FILE: auto_20260826_130511_Nghệ_Thuật_Lắng_Nghe_Chủ_Động___Kỹ_Năng_.mp4 → YT ID: i5WcCOudFKs (status: uploaded)
[2026-08-26 23:19:23] URL: https://www.youtube.com/watch?v=i5WcCOudFKs
[2026-08-26 23:19:23] DONE: Còn 181 video chờ upload.

[35m[1m╔══════════════════════════════════════════════════════════╗[0m
[35m[1m║  🎬 YouTube Terminal Uploader — @1995lido                ║[0m
[35m[1m╚══════════════════════════════════════════════════════════╝[0m

[2026-08-26 23:19:16] STARTING: auto_20260826_130511_Nghệ_Thuật_Lắng_Nghe_Chủ_Động___Kỹ_Năng_.mp4 (0.7 MB)
[36mℹ️  Pending: 182 video · Đang upload: auto_20260826_130511_Nghệ_Thuật_Lắng_Nghe_Chủ_Động___Kỹ_Năng_.mp4[0m

[1m────────────────────────────────────────────────────────────[0m
  📁 File   : [36mauto_20260826_130511_Nghệ_Thuật_Lắng_Nghe_Chủ_Động___Kỹ_Năng_.mp4[0m
  📝 Tiêu đề: [1mNghệ Thuật Lắng Nghe Chủ Động Kỹ Năng[0m
  📦 Size   : [33m0.7 MB[0m
  🔒 Privacy: [35mpublic[0m
[1m────────────────────────────────────────────────────────────[0m
[34m🔵 Tạo upload session...[0m
[32m✅ Upload session OK[0m
[34m🔵 Đang upload 0.7 MB lên YouTube...[0m

  [██████████████████████████████] 100.0% · 0.1 MB/s
[2026-08-26 23:19:23] FILE: auto_20260826_130511_Nghệ_Thuật_Lắng_Nghe_Chủ_Động___Kỹ_Năng_.mp4 → YT ID: i5WcCOudFKs (status: uploaded)
[2026-08-26 23:19:23] URL: https://www.youtube.com/watch?v=i5WcCOudFKs
[2026-08-26 23:19:23] DONE: Còn 181 video chờ upload.
[2026-08-26 23:19:23] === AUTO-SHORT UPLOAD END (OK) ===

============================================================
[2026-08-27 08:00:00] === AUTO-SHORT UPLOAD START ===
[2026-08-27 08:00:00] STARTING: auto_20260826_130528_Kinh_Nikaya__Định_Luật_Vô_Thường__ANICCA.mp4 (1.4 MB)
[2026-08-27 08:00:05] FILE: auto_20260826_130528_Kinh_Nikaya__Định_Luật_Vô_Thường__ANICCA.mp4 → YT ID: WKef6vLhzPY (status: uploaded)
[2026-08-27 08:00:05] URL: https://www.youtube.com/watch?v=WKef6vLhzPY
[2026-08-27 08:00:05] DONE: Còn 180 video chờ upload.

[35m[1m╔══════════════════════════════════════════════════════════╗[0m
[35m[1m║  🎬 YouTube Terminal Uploader — @1995lido                ║[0m
[35m[1m╚══════════════════════════════════════════════════════════╝[0m

[2026-08-27 08:00:00] STARTING: auto_20260826_130528_Kinh_Nikaya__Định_Luật_Vô_Thường__ANICCA.mp4 (1.4 MB)
[36mℹ️  Pending: 181 video · Đang upload: auto_20260826_130528_Kinh_Nikaya__Định_Luật_Vô_Thường__ANICCA.mp4[0m

[1m────────────────────────────────────────────────────────────[0m
  📁 File   : [36mauto_20260826_130528_Kinh_Nikaya__Định_Luật_Vô_Thường__ANICCA.mp4[0m
  📝 Tiêu đề: [1mKinh Nikaya Định Luật Vô Thường Anicca[0m
  📦 Size   : [33m1.4 MB[0m
  🔒 Privacy: [35mpublic[0m
[1m────────────────────────────────────────────────────────────[0m
[34m🔵 Tạo upload session...[0m
[32m✅ Upload session OK[0m
[34m🔵 Đang upload 1.4 MB lên YouTube...[0m

  [██████████████████████████████] 100.0% · 0.6 MB/s
[2026-08-27 08:00:05] FILE: auto_20260826_130528_Kinh_Nikaya__Định_Luật_Vô_Thường__ANICCA.mp4 → YT ID: WKef6vLhzPY (status: uploaded)
[2026-08-27 08:00:05] URL: https://www.youtube.com/watch?v=WKef6vLhzPY
[2026-08-27 08:00:05] DONE: Còn 180 video chờ upload.
[2026-08-27 08:00:05] === AUTO-SHORT UPLOAD END (OK) ===

[35m[1m╔══════════════════════════════════════════════════════════╗[0m
[35m[1m║  🎬 YouTube Terminal Uploader — @1995lido                ║[0m
[35m[1m╚══════════════════════════════════════════════════════════╝[0m

[2026-08-27 08:00:00] STARTING: auto_20260826_130528_Kinh_Nikaya__Định_Luật_Vô_Thường__ANICCA.mp4 (1.4 MB)
[36mℹ️  Pending: 181 video · Đang upload: auto_20260826_130528_Kinh_Nikaya__Định_Luật_Vô_Thường__ANICCA.mp4[0m

[1m────────────────────────────────────────────────────────────[0m
  📁 File   : [36mauto_20260826_130528_Kinh_Nikaya__Định_Luật_Vô_Thường__ANICCA.mp4[0m
  📝 Tiêu đề: [1mKinh Nikaya Định Luật Vô Thường Anicca[0m
  📦 Size   : [33m1.4 MB[0m
  🔒 Privacy: [35mpublic[0m
[1m────────────────────────────────────────────────────────────[0m
[34m🔵 Tạo upload session...[0m
[32m✅ Upload session OK[0m
[34m🔵 Đang upload 1.4 MB lên YouTube...[0m

  [██████████████████████████████] 100.0% · 0.6 MB/s
[2026-08-27 08:00:05] FILE: auto_20260826_130528_Kinh_Nikaya__Định_Luật_Vô_Thường__ANICCA.mp4 → YT ID: WKef6vLhzPY (status: uploaded)
[2026-08-27 08:00:05] URL: https://www.youtube.com/watch?v=WKef6vLhzPY
[2026-08-27 08:00:05] DONE: Còn 180 video chờ upload.

============================================================
[2026-08-27 09:00:00] === AUTO-SHORT UPLOAD START ===
[2026-08-27 09:00:00] STARTING: auto_20260826_130536_Kỹ_Thuật_Time_Boxing_Nâng_Cao___Làm_Chủ_.mp4 (1.2 MB)
[2026-08-27 09:00:08] FILE: auto_20260826_130536_Kỹ_Thuật_Time_Boxing_Nâng_Cao___Làm_Chủ_.mp4 → YT ID: MlG9sRUvvjE (status: uploaded)
[2026-08-27 09:00:08] URL: https://www.youtube.com/watch?v=MlG9sRUvvjE
[2026-08-27 09:00:08] DONE: Còn 179 video chờ upload.

[35m[1m╔══════════════════════════════════════════════════════════╗[0m
[35m[1m║  🎬 YouTube Terminal Uploader — @1995lido                ║[0m
[35m[1m╚══════════════════════════════════════════════════════════╝[0m

[2026-08-27 09:00:00] STARTING: auto_20260826_130536_Kỹ_Thuật_Time_Boxing_Nâng_Cao___Làm_Chủ_.mp4 (1.2 MB)
[36mℹ️  Pending: 180 video · Đang upload: auto_20260826_130536_Kỹ_Thuật_Time_Boxing_Nâng_Cao___Làm_Chủ_.mp4[0m

[1m────────────────────────────────────────────────────────────[0m
  📁 File   : [36mauto_20260826_130536_Kỹ_Thuật_Time_Boxing_Nâng_Cao___Làm_Chủ_.mp4[0m
  📝 Tiêu đề: [1mKỹ Thuật Time Boxing Nâng Cao Làm Chủ[0m
  📦 Size   : [33m1.2 MB[0m
  🔒 Privacy: [35mpublic[0m
[1m────────────────────────────────────────────────────────────[0m
[34m🔵 Tạo upload session...[0m
[32m✅ Upload session OK[0m
[34m🔵 Đang upload 1.2 MB lên YouTube...[0m

  [██████████████████████████████] 100.0% · 0.2 MB/s
[2026-08-27 09:00:08] FILE: auto_20260826_130536_Kỹ_Thuật_Time_Boxing_Nâng_Cao___Làm_Chủ_.mp4 → YT ID: MlG9sRUvvjE (status: uploaded)
[2026-08-27 09:00:08] URL: https://www.youtube.com/watch?v=MlG9sRUvvjE
[2026-08-27 09:00:08] DONE: Còn 179 video chờ upload.
[2026-08-27 09:00:08] === AUTO-SHORT UPLOAD END (OK) ===

[35m[1m╔══════════════════════════════════════════════════════════╗[0m
[35m[1m║  🎬 YouTube Terminal Uploader — @1995lido                ║[0m
[35m[1m╚══════════════════════════════════════════════════════════╝[0m

[2026-08-27 09:00:00] STARTING: auto_20260826_130536_Kỹ_Thuật_Time_Boxing_Nâng_Cao___Làm_Chủ_.mp4 (1.2 MB)
[36mℹ️  Pending: 180 video · Đang upload: auto_20260826_130536_Kỹ_Thuật_Time_Boxing_Nâng_Cao___Làm_Chủ_.mp4[0m

[1m────────────────────────────────────────────────────────────[0m
  📁 File   : [36mauto_20260826_130536_Kỹ_Thuật_Time_Boxing_Nâng_Cao___Làm_Chủ_.mp4[0m
  📝 Tiêu đề: [1mKỹ Thuật Time Boxing Nâng Cao Làm Chủ[0m
  📦 Size   : [33m1.2 MB[0m
  🔒 Privacy: [35mpublic[0m
[1m────────────────────────────────────────────────────────────[0m
[34m🔵 Tạo upload session...[0m
[32m✅ Upload session OK[0m
[34m🔵 Đang upload 1.2 MB lên YouTube...[0m

  [██████████████████████████████] 100.0% · 0.2 MB/s
[2026-08-27 09:00:08] FILE: auto_20260826_130536_Kỹ_Thuật_Time_Boxing_Nâng_Cao___Làm_Chủ_.mp4 → YT ID: MlG9sRUvvjE (status: uploaded)
[2026-08-27 09:00:08] URL: https://www.youtube.com/watch?v=MlG9sRUvvjE
[2026-08-27 09:00:08] DONE: Còn 179 video chờ upload.

============================================================
[2026-08-27 10:00:00] === AUTO-SHORT UPLOAD START ===
[2026-08-27 10:00:01] STARTING: auto_20260826_130543_Nghệ_Thuật_Buông_Bỏ_Kỳ_Vọng___Giải_Tỏa_Á.mp4 (0.6 MB)
[2026-08-27 10:00:08] FILE: auto_20260826_130543_Nghệ_Thuật_Buông_Bỏ_Kỳ_Vọng___Giải_Tỏa_Á.mp4 → YT ID: rI7BXkl1s1Y (status: uploaded)
[2026-08-27 10:00:08] URL: https://www.youtube.com/watch?v=rI7BXkl1s1Y
[2026-08-27 10:00:08] DONE: Còn 178 video chờ upload.

[35m[1m╔══════════════════════════════════════════════════════════╗[0m
[35m[1m║  🎬 YouTube Terminal Uploader — @1995lido                ║[0m
[35m[1m╚══════════════════════════════════════════════════════════╝[0m

[2026-08-27 10:00:01] STARTING: auto_20260826_130543_Nghệ_Thuật_Buông_Bỏ_Kỳ_Vọng___Giải_Tỏa_Á.mp4 (0.6 MB)
[36mℹ️  Pending: 179 video · Đang upload: auto_20260826_130543_Nghệ_Thuật_Buông_Bỏ_Kỳ_Vọng___Giải_Tỏa_Á.mp4[0m

[1m────────────────────────────────────────────────────────────[0m
  📁 File   : [36mauto_20260826_130543_Nghệ_Thuật_Buông_Bỏ_Kỳ_Vọng___Giải_Tỏa_Á.mp4[0m
  📝 Tiêu đề: [1mNghệ Thuật Buông Bỏ Kỳ Vọng Giải Tỏa Á[0m
  📦 Size   : [33m0.6 MB[0m
  🔒 Privacy: [35mpublic[0m
[1m────────────────────────────────────────────────────────────[0m
[34m🔵 Tạo upload session...[0m
[32m✅ Upload session OK[0m
[34m🔵 Đang upload 0.6 MB lên YouTube...[0m

  [██████████████████████████████] 100.0% · 0.2 MB/s
[2026-08-27 10:00:08] FILE: auto_20260826_130543_Nghệ_Thuật_Buông_Bỏ_Kỳ_Vọng___Giải_Tỏa_Á.mp4 → YT ID: rI7BXkl1s1Y (status: uploaded)
[2026-08-27 10:00:08] URL: https://www.youtube.com/watch?v=rI7BXkl1s1Y
[2026-08-27 10:00:08] DONE: Còn 178 video chờ upload.
[2026-08-27 10:00:08] === AUTO-SHORT UPLOAD END (OK) ===

[35m[1m╔══════════════════════════════════════════════════════════╗[0m
[35m[1m║  🎬 YouTube Terminal Uploader — @1995lido                ║[0m
[35m[1m╚══════════════════════════════════════════════════════════╝[0m

[2026-08-27 10:00:01] STARTING: auto_20260826_130543_Nghệ_Thuật_Buông_Bỏ_Kỳ_Vọng___Giải_Tỏa_Á.mp4 (0.6 MB)
[36mℹ️  Pending: 179 video · Đang upload: auto_20260826_130543_Nghệ_Thuật_Buông_Bỏ_Kỳ_Vọng___Giải_Tỏa_Á.mp4[0m

[1m────────────────────────────────────────────────────────────[0m
  📁 File   : [36mauto_20260826_130543_Nghệ_Thuật_Buông_Bỏ_Kỳ_Vọng___Giải_Tỏa_Á.mp4[0m
  📝 Tiêu đề: [1mNghệ Thuật Buông Bỏ Kỳ Vọng Giải Tỏa Á[0m
  📦 Size   : [33m0.6 MB[0m
  🔒 Privacy: [35mpublic[0m
[1m────────────────────────────────────────────────────────────[0m
[34m🔵 Tạo upload session...[0m
[32m✅ Upload session OK[0m
[34m🔵 Đang upload 0.6 MB lên YouTube...[0m

  [██████████████████████████████] 100.0% · 0.2 MB/s
[2026-08-27 10:00:08] FILE: auto_20260826_130543_Nghệ_Thuật_Buông_Bỏ_Kỳ_Vọng___Giải_Tỏa_Á.mp4 → YT ID: rI7BXkl1s1Y (status: uploaded)
[2026-08-27 10:00:08] URL: https://www.youtube.com/watch?v=rI7BXkl1s1Y
[2026-08-27 10:00:08] DONE: Còn 178 video chờ upload.

============================================================
[2026-08-27 12:00:01] === AUTO-SHORT UPLOAD START ===
[2026-08-27 12:00:01] STARTING: auto_20260826_130550_Habit_Stacking___Ghép_Thói_Quen_Mới_Vào_.mp4 (0.9 MB)
[2026-08-27 12:00:09] FILE: auto_20260826_130550_Habit_Stacking___Ghép_Thói_Quen_Mới_Vào_.mp4 → YT ID: J-YYimXDvYQ (status: uploaded)
[2026-08-27 12:00:09] URL: https://www.youtube.com/watch?v=J-YYimXDvYQ
[2026-08-27 12:00:09] DONE: Còn 177 video chờ upload.

[35m[1m╔══════════════════════════════════════════════════════════╗[0m
[35m[1m║  🎬 YouTube Terminal Uploader — @1995lido                ║[0m
[35m[1m╚══════════════════════════════════════════════════════════╝[0m

[2026-08-27 12:00:01] STARTING: auto_20260826_130550_Habit_Stacking___Ghép_Thói_Quen_Mới_Vào_.mp4 (0.9 MB)
[36mℹ️  Pending: 178 video · Đang upload: auto_20260826_130550_Habit_Stacking___Ghép_Thói_Quen_Mới_Vào_.mp4[0m

[1m────────────────────────────────────────────────────────────[0m
  📁 File   : [36mauto_20260826_130550_Habit_Stacking___Ghép_Thói_Quen_Mới_Vào_.mp4[0m
  📝 Tiêu đề: [1mHabit Stacking Ghép Thói Quen Mới Vào[0m
  📦 Size   : [33m0.9 MB[0m
  🔒 Privacy: [35mpublic[0m
[1m────────────────────────────────────────────────────────────[0m
[34m🔵 Tạo upload session...[0m
[32m✅ Upload session OK[0m
[34m🔵 Đang upload 0.9 MB lên YouTube...[0m

  [██████████████████████████████] 100.0% · 0.2 MB/s
[2026-08-27 12:00:09] FILE: auto_20260826_130550_Habit_Stacking___Ghép_Thói_Quen_Mới_Vào_.mp4 → YT ID: J-YYimXDvYQ (status: uploaded)
[2026-08-27 12:00:09] URL: https://www.youtube.com/watch?v=J-YYimXDvYQ
[2026-08-27 12:00:09] DONE: Còn 177 video chờ upload.
[2026-08-27 12:00:09] === AUTO-SHORT UPLOAD END (OK) ===

[35m[1m╔══════════════════════════════════════════════════════════╗[0m
[35m[1m║  🎬 YouTube Terminal Uploader — @1995lido                ║[0m
[35m[1m╚══════════════════════════════════════════════════════════╝[0m

[2026-08-27 12:00:01] STARTING: auto_20260826_130550_Habit_Stacking___Ghép_Thói_Quen_Mới_Vào_.mp4 (0.9 MB)
[36mℹ️  Pending: 178 video · Đang upload: auto_20260826_130550_Habit_Stacking___Ghép_Thói_Quen_Mới_Vào_.mp4[0m

[1m────────────────────────────────────────────────────────────[0m
  📁 File   : [36mauto_20260826_130550_Habit_Stacking___Ghép_Thói_Quen_Mới_Vào_.mp4[0m
  📝 Tiêu đề: [1mHabit Stacking Ghép Thói Quen Mới Vào[0m
  📦 Size   : [33m0.9 MB[0m
  🔒 Privacy: [35mpublic[0m
[1m────────────────────────────────────────────────────────────[0m
[34m🔵 Tạo upload session...[0m
[32m✅ Upload session OK[0m
[34m🔵 Đang upload 0.9 MB lên YouTube...[0m

  [██████████████████████████████] 100.0% · 0.2 MB/s
[2026-08-27 12:00:09] FILE: auto_20260826_130550_Habit_Stacking___Ghép_Thói_Quen_Mới_Vào_.mp4 → YT ID: J-YYimXDvYQ (status: uploaded)
[2026-08-27 12:00:09] URL: https://www.youtube.com/watch?v=J-YYimXDvYQ
[2026-08-27 12:00:09] DONE: Còn 177 video chờ upload.

============================================================
[2026-08-27 14:00:00] === AUTO-SHORT UPLOAD START ===
[2026-08-27 14:00:00] STARTING: auto_20260826_130557_Nghệ_Thuật_Lắng_Nghe_Chủ_Động___Kỹ_Năng_.mp4 (0.9 MB)
[2026-08-27 14:00:10] FILE: auto_20260826_130557_Nghệ_Thuật_Lắng_Nghe_Chủ_Động___Kỹ_Năng_.mp4 → YT ID: owVH9oGJlsY (status: uploaded)
[2026-08-27 14:00:10] URL: https://www.youtube.com/watch?v=owVH9oGJlsY
[2026-08-27 14:00:10] DONE: Còn 176 video chờ upload.

[35m[1m╔══════════════════════════════════════════════════════════╗[0m
[35m[1m║  🎬 YouTube Terminal Uploader — @1995lido                ║[0m
[35m[1m╚══════════════════════════════════════════════════════════╝[0m

[2026-08-27 14:00:00] STARTING: auto_20260826_130557_Nghệ_Thuật_Lắng_Nghe_Chủ_Động___Kỹ_Năng_.mp4 (0.9 MB)
[36mℹ️  Pending: 177 video · Đang upload: auto_20260826_130557_Nghệ_Thuật_Lắng_Nghe_Chủ_Động___Kỹ_Năng_.mp4[0m

[1m────────────────────────────────────────────────────────────[0m
  📁 File   : [36mauto_20260826_130557_Nghệ_Thuật_Lắng_Nghe_Chủ_Động___Kỹ_Năng_.mp4[0m
  📝 Tiêu đề: [1mNghệ Thuật Lắng Nghe Chủ Động Kỹ Năng[0m
  📦 Size   : [33m0.9 MB[0m
  🔒 Privacy: [35mpublic[0m
[1m────────────────────────────────────────────────────────────[0m
[34m🔵 Tạo upload session...[0m
[32m✅ Upload session OK[0m
[34m🔵 Đang upload 0.9 MB lên YouTube...[0m

  [██████████████████████████████] 100.0% · 0.1 MB/s
[2026-08-27 14:00:10] FILE: auto_20260826_130557_Nghệ_Thuật_Lắng_Nghe_Chủ_Động___Kỹ_Năng_.mp4 → YT ID: owVH9oGJlsY (status: uploaded)
[2026-08-27 14:00:10] URL: https://www.youtube.com/watch?v=owVH9oGJlsY
[2026-08-27 14:00:10] DONE: Còn 176 video chờ upload.
[2026-08-27 14:00:10] === AUTO-SHORT UPLOAD END (OK) ===

[35m[1m╔══════════════════════════════════════════════════════════╗[0m
[35m[1m║  🎬 YouTube Terminal Uploader — @1995lido                ║[0m
[35m[1m╚══════════════════════════════════════════════════════════╝[0m

[2026-08-27 14:00:00] STARTING: auto_20260826_130557_Nghệ_Thuật_Lắng_Nghe_Chủ_Động___Kỹ_Năng_.mp4 (0.9 MB)
[36mℹ️  Pending: 177 video · Đang upload: auto_20260826_130557_Nghệ_Thuật_Lắng_Nghe_Chủ_Động___Kỹ_Năng_.mp4[0m

[1m────────────────────────────────────────────────────────────[0m
  📁 File   : [36mauto_20260826_130557_Nghệ_Thuật_Lắng_Nghe_Chủ_Động___Kỹ_Năng_.mp4[0m
  📝 Tiêu đề: [1mNghệ Thuật Lắng Nghe Chủ Động Kỹ Năng[0m
  📦 Size   : [33m0.9 MB[0m
  🔒 Privacy: [35mpublic[0m
[1m────────────────────────────────────────────────────────────[0m
[34m🔵 Tạo upload session...[0m
[32m✅ Upload session OK[0m
[34m🔵 Đang upload 0.9 MB lên YouTube...[0m

  [██████████████████████████████] 100.0% · 0.1 MB/s
[2026-08-27 14:00:10] FILE: auto_20260826_130557_Nghệ_Thuật_Lắng_Nghe_Chủ_Động___Kỹ_Năng_.mp4 → YT ID: owVH9oGJlsY (status: uploaded)
[2026-08-27 14:00:10] URL: https://www.youtube.com/watch?v=owVH9oGJlsY
[2026-08-27 14:00:10] DONE: Còn 176 video chờ upload.
============================================================
[2026-08-27 14:18:47] ⏰ KÍCH HOẠT VÒNG LẶP HÀNG GIỜ...
[2026-08-27 14:18:47] ⏰ KÍCH HOẠT UPLOAD SHORT...

============================================================
[2026-08-27 14:18:47] === AUTO-SHORT UPLOAD START ===
[2026-08-27 14:18:47] STARTING: auto_20260826_130613_Kinh_Nikaya__Bí_Quyết_Vượt_Qua_Nỗi_Sợ_Th.mp4 (1.4 MB)
[2026-08-27 14:18:47] ERROR: OAuth token không hợp lệ — chạy: python3 setup_token_direct.py

[35m[1m╔══════════════════════════════════════════════════════════╗[0m
[35m[1m║  🎬 YouTube Terminal Uploader — @1995lido                ║[0m
[35m[1m╚══════════════════════════════════════════════════════════╝[0m

[2026-08-27 14:18:47] STARTING: auto_20260826_130613_Kinh_Nikaya__Bí_Quyết_Vượt_Qua_Nỗi_Sợ_Th.mp4 (1.4 MB)
[36mℹ️  Pending: 176 video · Đang upload: auto_20260826_130613_Kinh_Nikaya__Bí_Quyết_Vượt_Qua_Nỗi_Sợ_Th.mp4[0m
[31m❌ Refresh token lỗi: <urlopen error [SSL: CERTIFICATE_VERIFY_FAILED] certificate verify failed: unable to get local issuer certificate (_ssl.c:1129)>[0m
[2026-08-27 14:18:47] ERROR: OAuth token không hợp lệ — chạy: python3 setup_token_direct.py
[2026-08-27 14:18:47] === AUTO-SHORT UPLOAD END (EXIT CODE: 2) ===

============================================================
[2026-08-27 15:00:00] === AUTO-SHORT UPLOAD START ===
[2026-08-27 15:00:00] STARTING: auto_20260826_130613_Kinh_Nikaya__Bí_Quyết_Vượt_Qua_Nỗi_Sợ_Th.mp4 (1.4 MB)
[2026-08-27 15:00:05] FILE: auto_20260826_130613_Kinh_Nikaya__Bí_Quyết_Vượt_Qua_Nỗi_Sợ_Th.mp4 → YT ID: SF0sqmI7Q6Y (status: uploaded)
[2026-08-27 15:00:05] URL: https://www.youtube.com/watch?v=SF0sqmI7Q6Y
[2026-08-27 15:00:05] DONE: Còn 175 video chờ upload.

[35m[1m╔══════════════════════════════════════════════════════════╗[0m
[35m[1m║  🎬 YouTube Terminal Uploader — @1995lido                ║[0m
[35m[1m╚══════════════════════════════════════════════════════════╝[0m

[2026-08-27 15:00:00] STARTING: auto_20260826_130613_Kinh_Nikaya__Bí_Quyết_Vượt_Qua_Nỗi_Sợ_Th.mp4 (1.4 MB)
[36mℹ️  Pending: 176 video · Đang upload: auto_20260826_130613_Kinh_Nikaya__Bí_Quyết_Vượt_Qua_Nỗi_Sợ_Th.mp4[0m

[1m────────────────────────────────────────────────────────────[0m
  📁 File   : [36mauto_20260826_130613_Kinh_Nikaya__Bí_Quyết_Vượt_Qua_Nỗi_Sợ_Th.mp4[0m
  📝 Tiêu đề: [1mKinh Nikaya Bí Quyết Vượt Qua Nỗi Sợ Th[0m
  📦 Size   : [33m1.4 MB[0m
  🔒 Privacy: [35mpublic[0m
[1m────────────────────────────────────────────────────────────[0m
[34m🔵 Tạo upload session...[0m
[32m✅ Upload session OK[0m
[34m🔵 Đang upload 1.4 MB lên YouTube...[0m

  [██████████████████████████████] 100.0% · 0.8 MB/s
[2026-08-27 15:00:05] FILE: auto_20260826_130613_Kinh_Nikaya__Bí_Quyết_Vượt_Qua_Nỗi_Sợ_Th.mp4 → YT ID: SF0sqmI7Q6Y (status: uploaded)
[2026-08-27 15:00:05] URL: https://www.youtube.com/watch?v=SF0sqmI7Q6Y
[2026-08-27 15:00:05] DONE: Còn 175 video chờ upload.
[2026-08-27 15:00:05] === AUTO-SHORT UPLOAD END (OK) ===

[35m[1m╔══════════════════════════════════════════════════════════╗[0m
[35m[1m║  🎬 YouTube Terminal Uploader — @1995lido                ║[0m
[35m[1m╚══════════════════════════════════════════════════════════╝[0m

[2026-08-27 15:00:00] STARTING: auto_20260826_130613_Kinh_Nikaya__Bí_Quyết_Vượt_Qua_Nỗi_Sợ_Th.mp4 (1.4 MB)
[36mℹ️  Pending: 176 video · Đang upload: auto_20260826_130613_Kinh_Nikaya__Bí_Quyết_Vượt_Qua_Nỗi_Sợ_Th.mp4[0m

[1m────────────────────────────────────────────────────────────[0m
  📁 File   : [36mauto_20260826_130613_Kinh_Nikaya__Bí_Quyết_Vượt_Qua_Nỗi_Sợ_Th.mp4[0m
  📝 Tiêu đề: [1mKinh Nikaya Bí Quyết Vượt Qua Nỗi Sợ Th[0m
  📦 Size   : [33m1.4 MB[0m
  🔒 Privacy: [35mpublic[0m
[1m────────────────────────────────────────────────────────────[0m
[34m🔵 Tạo upload session...[0m
[32m✅ Upload session OK[0m
[34m🔵 Đang upload 1.4 MB lên YouTube...[0m

  [██████████████████████████████] 100.0% · 0.8 MB/s
[2026-08-27 15:00:05] FILE: auto_20260826_130613_Kinh_Nikaya__Bí_Quyết_Vượt_Qua_Nỗi_Sợ_Th.mp4 → YT ID: SF0sqmI7Q6Y (status: uploaded)
[2026-08-27 15:00:05] URL: https://www.youtube.com/watch?v=SF0sqmI7Q6Y
[2026-08-27 15:00:05] DONE: Còn 175 video chờ upload.
============================================================
[2026-08-27 15:18:47] ⏰ KÍCH HOẠT VÒNG LẶP HÀNG GIỜ...
[2026-08-27 15:18:47] ⏰ KÍCH HOẠT UPLOAD SHORT...

============================================================
[2026-08-27 15:18:47] === AUTO-SHORT UPLOAD START ===
[2026-08-27 15:18:48] STARTING: auto_20260826_130621_Ma_Trận_Eisenhower___Phân_Loại_Công_Việc.mp4 (0.7 MB)
[2026-08-27 15:18:48] ERROR: OAuth token không hợp lệ — chạy: python3 setup_token_direct.py

[35m[1m╔══════════════════════════════════════════════════════════╗[0m
[35m[1m║  🎬 YouTube Terminal Uploader — @1995lido                ║[0m
[35m[1m╚══════════════════════════════════════════════════════════╝[0m

[2026-08-27 15:18:48] STARTING: auto_20260826_130621_Ma_Trận_Eisenhower___Phân_Loại_Công_Việc.mp4 (0.7 MB)
[36mℹ️  Pending: 175 video · Đang upload: auto_20260826_130621_Ma_Trận_Eisenhower___Phân_Loại_Công_Việc.mp4[0m
[31m❌ Refresh token lỗi: <urlopen error [SSL: CERTIFICATE_VERIFY_FAILED] certificate verify failed: unable to get local issuer certificate (_ssl.c:1129)>[0m
[2026-08-27 15:18:48] ERROR: OAuth token không hợp lệ — chạy: python3 setup_token_direct.py
[2026-08-27 15:18:48] === AUTO-SHORT UPLOAD END (EXIT CODE: 2) ===

============================================================
[2026-08-27 16:00:00] === AUTO-SHORT UPLOAD START ===
[2026-08-27 16:00:00] STARTING: auto_20260826_130621_Ma_Trận_Eisenhower___Phân_Loại_Công_Việc.mp4 (0.7 MB)
[2026-08-27 16:00:07] FILE: auto_20260826_130621_Ma_Trận_Eisenhower___Phân_Loại_Công_Việc.mp4 → YT ID: VaZu7uPH8AM (status: uploaded)
[2026-08-27 16:00:07] URL: https://www.youtube.com/watch?v=VaZu7uPH8AM
[2026-08-27 16:00:07] DONE: Còn 174 video chờ upload.

[35m[1m╔══════════════════════════════════════════════════════════╗[0m
[35m[1m║  🎬 YouTube Terminal Uploader — @1995lido                ║[0m
[35m[1m╚══════════════════════════════════════════════════════════╝[0m

[2026-08-27 16:00:00] STARTING: auto_20260826_130621_Ma_Trận_Eisenhower___Phân_Loại_Công_Việc.mp4 (0.7 MB)
[36mℹ️  Pending: 175 video · Đang upload: auto_20260826_130621_Ma_Trận_Eisenhower___Phân_Loại_Công_Việc.mp4[0m

[1m────────────────────────────────────────────────────────────[0m
  📁 File   : [36mauto_20260826_130621_Ma_Trận_Eisenhower___Phân_Loại_Công_Việc.mp4[0m
  📝 Tiêu đề: [1mMa Trận Eisenhower Phân Loại Công Việc[0m
  📦 Size   : [33m0.7 MB[0m
  🔒 Privacy: [35mpublic[0m
[1m────────────────────────────────────────────────────────────[0m
[34m🔵 Tạo upload session...[0m
[32m✅ Upload session OK[0m
[34m🔵 Đang upload 0.7 MB lên YouTube...[0m

  [██████████████████████████████] 100.0% · 0.2 MB/s
[2026-08-27 16:00:07] FILE: auto_20260826_130621_Ma_Trận_Eisenhower___Phân_Loại_Công_Việc.mp4 → YT ID: VaZu7uPH8AM (status: uploaded)
[2026-08-27 16:00:07] URL: https://www.youtube.com/watch?v=VaZu7uPH8AM
[2026-08-27 16:00:07] DONE: Còn 174 video chờ upload.
[2026-08-27 16:00:07] === AUTO-SHORT UPLOAD END (OK) ===

[35m[1m╔══════════════════════════════════════════════════════════╗[0m
[35m[1m║  🎬 YouTube Terminal Uploader — @1995lido                ║[0m
[35m[1m╚══════════════════════════════════════════════════════════╝[0m

[2026-08-27 16:00:00] STARTING: auto_20260826_130621_Ma_Trận_Eisenhower___Phân_Loại_Công_Việc.mp4 (0.7 MB)
[36mℹ️  Pending: 175 video · Đang upload: auto_20260826_130621_Ma_Trận_Eisenhower___Phân_Loại_Công_Việc.mp4[0m

[1m────────────────────────────────────────────────────────────[0m
  📁 File   : [36mauto_20260826_130621_Ma_Trận_Eisenhower___Phân_Loại_Công_Việc.mp4[0m
  📝 Tiêu đề: [1mMa Trận Eisenhower Phân Loại Công Việc[0m
  📦 Size   : [33m0.7 MB[0m
  🔒 Privacy: [35mpublic[0m
[1m────────────────────────────────────────────────────────────[0m
[34m🔵 Tạo upload session...[0m
[32m✅ Upload session OK[0m
[34m🔵 Đang upload 0.7 MB lên YouTube...[0m

  [██████████████████████████████] 100.0% · 0.2 MB/s
[2026-08-27 16:00:07] FILE: auto_20260826_130621_Ma_Trận_Eisenhower___Phân_Loại_Công_Việc.mp4 → YT ID: VaZu7uPH8AM (status: uploaded)
[2026-08-27 16:00:07] URL: https://www.youtube.com/watch?v=VaZu7uPH8AM
[2026-08-27 16:00:07] DONE: Còn 174 video chờ upload.
============================================================
[2026-08-27 16:18:48] ⏰ KÍCH HOẠT VÒNG LẶP HÀNG GIỜ...
[2026-08-27 16:18:48] ⏰ KÍCH HOẠT UPLOAD SHORT...

============================================================
[2026-08-27 16:18:48] === AUTO-SHORT UPLOAD START ===
[2026-08-27 16:18:48] STARTING: auto_20260826_130629_Làm_Sao_Để_Tha_Thứ_Cho_Người_Làm_Mình_Đa.mp4 (0.9 MB)
[2026-08-27 16:18:48] ERROR: OAuth token không hợp lệ — chạy: python3 setup_token_direct.py

[35m[1m╔══════════════════════════════════════════════════════════╗[0m
[35m[1m║  🎬 YouTube Terminal Uploader — @1995lido                ║[0m
[35m[1m╚══════════════════════════════════════════════════════════╝[0m

[2026-08-27 16:18:48] STARTING: auto_20260826_130629_Làm_Sao_Để_Tha_Thứ_Cho_Người_Làm_Mình_Đa.mp4 (0.9 MB)
[36mℹ️  Pending: 174 video · Đang upload: auto_20260826_130629_Làm_Sao_Để_Tha_Thứ_Cho_Người_Làm_Mình_Đa.mp4[0m
[31m❌ Refresh token lỗi: <urlopen error [SSL: CERTIFICATE_VERIFY_FAILED] certificate verify failed: unable to get local issuer certificate (_ssl.c:1129)>[0m
[2026-08-27 16:18:48] ERROR: OAuth token không hợp lệ — chạy: python3 setup_token_direct.py
[2026-08-27 16:18:48] === AUTO-SHORT UPLOAD END (EXIT CODE: 2) ===

============================================================
[2026-08-27 19:00:00] === AUTO-SHORT UPLOAD START ===
[2026-08-27 19:00:00] STARTING: auto_20260826_130629_Làm_Sao_Để_Tha_Thứ_Cho_Người_Làm_Mình_Đa.mp4 (0.9 MB)
[2026-08-27 19:30:05] FAILED: auto_20260826_130629_Làm_Sao_Để_Tha_Thứ_Cho_Người_Làm_Mình_Đa.mp4 → Error: Lỗi upload: <urlopen error [Errno 32] Broken pipe>

[35m[1m╔══════════════════════════════════════════════════════════╗[0m
[35m[1m║  🎬 YouTube Terminal Uploader — @1995lido                ║[0m
[35m[1m╚══════════════════════════════════════════════════════════╝[0m

[2026-08-27 19:00:00] STARTING: auto_20260826_130629_Làm_Sao_Để_Tha_Thứ_Cho_Người_Làm_Mình_Đa.mp4 (0.9 MB)
[36mℹ️  Pending: 174 video · Đang upload: auto_20260826_130629_Làm_Sao_Để_Tha_Thứ_Cho_Người_Làm_Mình_Đa.mp4[0m

[1m────────────────────────────────────────────────────────────[0m
  📁 File   : [36mauto_20260826_130629_Làm_Sao_Để_Tha_Thứ_Cho_Người_Làm_Mình_Đa.mp4[0m
  📝 Tiêu đề: [1mLàm Sao Để Tha Thứ Cho Người Làm Mình Đa[0m
  📦 Size   : [33m0.9 MB[0m
  🔒 Privacy: [35mpublic[0m
[1m────────────────────────────────────────────────────────────[0m
[34m🔵 Tạo upload session...[0m
[32m✅ Upload session OK[0m
[34m🔵 Đang upload 0.9 MB lên YouTube...[0m

[2026-08-27 19:30:05] FAILED: auto_20260826_130629_Làm_Sao_Để_Tha_Thứ_Cho_Người_Làm_Mình_Đa.mp4 → Error: Lỗi upload: <urlopen error [Errno 32] Broken pipe>
[2026-08-27 19:30:05] === AUTO-SHORT UPLOAD END (EXIT CODE: 2) ===

[35m[1m╔══════════════════════════════════════════════════════════╗[0m
[35m[1m║  🎬 YouTube Terminal Uploader — @1995lido                ║[0m
[35m[1m╚══════════════════════════════════════════════════════════╝[0m

[2026-08-27 19:00:00] STARTING: auto_20260826_130629_Làm_Sao_Để_Tha_Thứ_Cho_Người_Làm_Mình_Đa.mp4 (0.9 MB)
[36mℹ️  Pending: 174 video · Đang upload: auto_20260826_130629_Làm_Sao_Để_Tha_Thứ_Cho_Người_Làm_Mình_Đa.mp4[0m

[1m────────────────────────────────────────────────────────────[0m
  📁 File   : [36mauto_20260826_130629_Làm_Sao_Để_Tha_Thứ_Cho_Người_Làm_Mình_Đa.mp4[0m
  📝 Tiêu đề: [1mLàm Sao Để Tha Thứ Cho Người Làm Mình Đa[0m
  📦 Size   : [33m0.9 MB[0m
  🔒 Privacy: [35mpublic[0m
[1m────────────────────────────────────────────────────────────[0m
[34m🔵 Tạo upload session...[0m
[32m✅ Upload session OK[0m
[34m🔵 Đang upload 0.9 MB lên YouTube...[0m

[2026-08-27 19:30:05] FAILED: auto_20260826_130629_Làm_Sao_Để_Tha_Thứ_Cho_Người_Làm_Mình_Đa.mp4 → Error: Lỗi upload: <urlopen error [Errno 32] Broken pipe>

============================================================
[2026-08-27 20:00:00] === AUTO-SHORT UPLOAD START ===
[2026-08-27 20:00:00] STARTING: auto_20260826_130629_Làm_Sao_Để_Tha_Thứ_Cho_Người_Làm_Mình_Đa.mp4 (0.9 MB)
[2026-08-27 20:00:05] FILE: auto_20260826_130629_Làm_Sao_Để_Tha_Thứ_Cho_Người_Làm_Mình_Đa.mp4 → YT ID: Czi0d6rRTr0 (status: uploaded)
[2026-08-27 20:00:05] URL: https://www.youtube.com/watch?v=Czi0d6rRTr0
[2026-08-27 20:00:05] DONE: Còn 173 video chờ upload.

[35m[1m╔══════════════════════════════════════════════════════════╗[0m
[35m[1m║  🎬 YouTube Terminal Uploader — @1995lido                ║[0m
[35m[1m╚══════════════════════════════════════════════════════════╝[0m

[2026-08-27 20:00:00] STARTING: auto_20260826_130629_Làm_Sao_Để_Tha_Thứ_Cho_Người_Làm_Mình_Đa.mp4 (0.9 MB)
[36mℹ️  Pending: 174 video · Đang upload: auto_20260826_130629_Làm_Sao_Để_Tha_Thứ_Cho_Người_Làm_Mình_Đa.mp4[0m

[1m────────────────────────────────────────────────────────────[0m
  📁 File   : [36mauto_20260826_130629_Làm_Sao_Để_Tha_Thứ_Cho_Người_Làm_Mình_Đa.mp4[0m
  📝 Tiêu đề: [1mLàm Sao Để Tha Thứ Cho Người Làm Mình Đa[0m
  📦 Size   : [33m0.9 MB[0m
  🔒 Privacy: [35mpublic[0m
[1m────────────────────────────────────────────────────────────[0m
[34m🔵 Tạo upload session...[0m
[32m✅ Upload session OK[0m
[34m🔵 Đang upload 0.9 MB lên YouTube...[0m

  [██████████████████████████████] 100.0% · 0.4 MB/s
[2026-08-27 20:00:05] FILE: auto_20260826_130629_Làm_Sao_Để_Tha_Thứ_Cho_Người_Làm_Mình_Đa.mp4 → YT ID: Czi0d6rRTr0 (status: uploaded)
[2026-08-27 20:00:05] URL: https://www.youtube.com/watch?v=Czi0d6rRTr0
[2026-08-27 20:00:05] DONE: Còn 173 video chờ upload.
[2026-08-27 20:00:05] === AUTO-SHORT UPLOAD END (OK) ===

[35m[1m╔══════════════════════════════════════════════════════════╗[0m
[35m[1m║  🎬 YouTube Terminal Uploader — @1995lido                ║[0m
[35m[1m╚══════════════════════════════════════════════════════════╝[0m

[2026-08-27 20:00:00] STARTING: auto_20260826_130629_Làm_Sao_Để_Tha_Thứ_Cho_Người_Làm_Mình_Đa.mp4 (0.9 MB)
[36mℹ️  Pending: 174 video · Đang upload: auto_20260826_130629_Làm_Sao_Để_Tha_Thứ_Cho_Người_Làm_Mình_Đa.mp4[0m

[1m────────────────────────────────────────────────────────────[0m
  📁 File   : [36mauto_20260826_130629_Làm_Sao_Để_Tha_Thứ_Cho_Người_Làm_Mình_Đa.mp4[0m
  📝 Tiêu đề: [1mLàm Sao Để Tha Thứ Cho Người Làm Mình Đa[0m
  📦 Size   : [33m0.9 MB[0m
  🔒 Privacy: [35mpublic[0m
[1m────────────────────────────────────────────────────────────[0m
[34m🔵 Tạo upload session...[0m
[32m✅ Upload session OK[0m
[34m🔵 Đang upload 0.9 MB lên YouTube...[0m

  [██████████████████████████████] 100.0% · 0.4 MB/s
[2026-08-27 20:00:05] FILE: auto_20260826_130629_Làm_Sao_Để_Tha_Thứ_Cho_Người_Làm_Mình_Đa.mp4 → YT ID: Czi0d6rRTr0 (status: uploaded)
[2026-08-27 20:00:05] URL: https://www.youtube.com/watch?v=Czi0d6rRTr0
[2026-08-27 20:00:05] DONE: Còn 173 video chờ upload.
============================================================
[2026-08-27 20:25:02] ⏰ KÍCH HOẠT VÒNG LẶP HÀNG GIỜ...
[2026-08-27 20:25:02] ⏰ KÍCH HOẠT UPLOAD SHORT...

============================================================
[2026-08-27 20:25:02] === AUTO-SHORT UPLOAD START ===
[2026-08-27 20:25:02] STARTING: auto_20260826_130636_Sức_Mạnh_Của_Journaling___Viết_Nhật_Ký_1.mp4 (0.9 MB)
[2026-08-27 20:25:02] ERROR: OAuth token không hợp lệ — chạy: python3 setup_token_direct.py

[35m[1m╔══════════════════════════════════════════════════════════╗[0m
[35m[1m║  🎬 YouTube Terminal Uploader — @1995lido                ║[0m
[35m[1m╚══════════════════════════════════════════════════════════╝[0m

[2026-08-27 20:25:02] STARTING: auto_20260826_130636_Sức_Mạnh_Của_Journaling___Viết_Nhật_Ký_1.mp4 (0.9 MB)
[36mℹ️  Pending: 173 video · Đang upload: auto_20260826_130636_Sức_Mạnh_Của_Journaling___Viết_Nhật_Ký_1.mp4[0m
[31m❌ Refresh token lỗi: <urlopen error [SSL: CERTIFICATE_VERIFY_FAILED] certificate verify failed: unable to get local issuer certificate (_ssl.c:1129)>[0m
[2026-08-27 20:25:02] ERROR: OAuth token không hợp lệ — chạy: python3 setup_token_direct.py
[2026-08-27 20:25:02] === AUTO-SHORT UPLOAD END (EXIT CODE: 2) ===

============================================================
[2026-08-27 21:00:01] === AUTO-SHORT UPLOAD START ===
[2026-08-27 21:00:01] STARTING: auto_20260826_130636_Sức_Mạnh_Của_Journaling___Viết_Nhật_Ký_1.mp4 (0.9 MB)
[2026-08-27 21:00:08] FILE: auto_20260826_130636_Sức_Mạnh_Của_Journaling___Viết_Nhật_Ký_1.mp4 → YT ID: AAyLjKcjWMo (status: uploaded)
[2026-08-27 21:00:08] URL: https://www.youtube.com/watch?v=AAyLjKcjWMo
[2026-08-27 21:00:08] DONE: Còn 172 video chờ upload.

[35m[1m╔══════════════════════════════════════════════════════════╗[0m
[35m[1m║  🎬 YouTube Terminal Uploader — @1995lido                ║[0m
[35m[1m╚══════════════════════════════════════════════════════════╝[0m

[2026-08-27 21:00:01] STARTING: auto_20260826_130636_Sức_Mạnh_Của_Journaling___Viết_Nhật_Ký_1.mp4 (0.9 MB)
[36mℹ️  Pending: 173 video · Đang upload: auto_20260826_130636_Sức_Mạnh_Của_Journaling___Viết_Nhật_Ký_1.mp4[0m

[1m────────────────────────────────────────────────────────────[0m
  📁 File   : [36mauto_20260826_130636_Sức_Mạnh_Của_Journaling___Viết_Nhật_Ký_1.mp4[0m
  📝 Tiêu đề: [1mSức Mạnh Của Journaling Viết Nhật Ký 1[0m
  📦 Size   : [33m0.9 MB[0m
  🔒 Privacy: [35mpublic[0m
[1m────────────────────────────────────────────────────────────[0m
[34m🔵 Tạo upload session...[0m
[32m✅ Upload session OK[0m
[34m🔵 Đang upload 0.9 MB lên YouTube...[0m

  [██████████████████████████████] 100.0% · 0.3 MB/s
[2026-08-27 21:00:08] FILE: auto_20260826_130636_Sức_Mạnh_Của_Journaling___Viết_Nhật_Ký_1.mp4 → YT ID: AAyLjKcjWMo (status: uploaded)
[2026-08-27 21:00:08] URL: https://www.youtube.com/watch?v=AAyLjKcjWMo
[2026-08-27 21:00:08] DONE: Còn 172 video chờ upload.
[2026-08-27 21:00:08] === AUTO-SHORT UPLOAD END (OK) ===

[35m[1m╔══════════════════════════════════════════════════════════╗[0m
[35m[1m║  🎬 YouTube Terminal Uploader — @1995lido                ║[0m
[35m[1m╚══════════════════════════════════════════════════════════╝[0m

[2026-08-27 21:00:01] STARTING: auto_20260826_130636_Sức_Mạnh_Của_Journaling___Viết_Nhật_Ký_1.mp4 (0.9 MB)
[36mℹ️  Pending: 173 video · Đang upload: auto_20260826_130636_Sức_Mạnh_Của_Journaling___Viết_Nhật_Ký_1.mp4[0m

[1m────────────────────────────────────────────────────────────[0m
  📁 File   : [36mauto_20260826_130636_Sức_Mạnh_Của_Journaling___Viết_Nhật_Ký_1.mp4[0m
  📝 Tiêu đề: [1mSức Mạnh Của Journaling Viết Nhật Ký 1[0m
  📦 Size   : [33m0.9 MB[0m
  🔒 Privacy: [35mpublic[0m
[1m────────────────────────────────────────────────────────────[0m
[34m🔵 Tạo upload session...[0m
[32m✅ Upload session OK[0m
[34m🔵 Đang upload 0.9 MB lên YouTube...[0m

  [██████████████████████████████] 100.0% · 0.3 MB/s
[2026-08-27 21:00:08] FILE: auto_20260826_130636_Sức_Mạnh_Của_Journaling___Viết_Nhật_Ký_1.mp4 → YT ID: AAyLjKcjWMo (status: uploaded)
[2026-08-27 21:00:08] URL: https://www.youtube.com/watch?v=AAyLjKcjWMo
[2026-08-27 21:00:08] DONE: Còn 172 video chờ upload.
============================================================
[2026-08-27 21:25:03] ⏰ KÍCH HOẠT VÒNG LẶP HÀNG GIỜ...
[2026-08-27 21:25:03] ⏰ KÍCH HOẠT UPLOAD SHORT...

============================================================
[2026-08-27 21:25:03] === AUTO-SHORT UPLOAD START ===
[2026-08-27 21:25:03] STARTING: auto_20260826_130642_Tại_Sao_Người_Ít_Nói_Lại_Thường_Được_Tin.mp4 (0.9 MB)
[2026-08-27 21:25:03] ERROR: OAuth token không hợp lệ — chạy: python3 setup_token_direct.py

[35m[1m╔══════════════════════════════════════════════════════════╗[0m
[35m[1m║  🎬 YouTube Terminal Uploader — @1995lido                ║[0m
[35m[1m╚══════════════════════════════════════════════════════════╝[0m

[2026-08-27 21:25:03] STARTING: auto_20260826_130642_Tại_Sao_Người_Ít_Nói_Lại_Thường_Được_Tin.mp4 (0.9 MB)
[36mℹ️  Pending: 172 video · Đang upload: auto_20260826_130642_Tại_Sao_Người_Ít_Nói_Lại_Thường_Được_Tin.mp4[0m
[31m❌ Refresh token lỗi: <urlopen error [Errno 61] Connection refused>[0m
[2026-08-27 21:25:03] ERROR: OAuth token không hợp lệ — chạy: python3 setup_token_direct.py
[2026-08-27 21:25:03] === AUTO-SHORT UPLOAD END (EXIT CODE: 2) ===

============================================================
[2026-08-27 22:00:00] === AUTO-SHORT UPLOAD START ===
[2026-08-27 22:00:00] STARTING: auto_20260826_130642_Tại_Sao_Người_Ít_Nói_Lại_Thường_Được_Tin.mp4 (0.9 MB)
[2026-08-27 22:00:10] FILE: auto_20260826_130642_Tại_Sao_Người_Ít_Nói_Lại_Thường_Được_Tin.mp4 → YT ID: 65e1ny650_o (status: uploaded)
[2026-08-27 22:00:10] URL: https://www.youtube.com/watch?v=65e1ny650_o
[2026-08-27 22:00:10] DONE: Còn 171 video chờ upload.

[35m[1m╔══════════════════════════════════════════════════════════╗[0m
[35m[1m║  🎬 YouTube Terminal Uploader — @1995lido                ║[0m
[35m[1m╚══════════════════════════════════════════════════════════╝[0m

[2026-08-27 22:00:00] STARTING: auto_20260826_130642_Tại_Sao_Người_Ít_Nói_Lại_Thường_Được_Tin.mp4 (0.9 MB)
[36mℹ️  Pending: 172 video · Đang upload: auto_20260826_130642_Tại_Sao_Người_Ít_Nói_Lại_Thường_Được_Tin.mp4[0m

[1m────────────────────────────────────────────────────────────[0m
  📁 File   : [36mauto_20260826_130642_Tại_Sao_Người_Ít_Nói_Lại_Thường_Được_Tin.mp4[0m
  📝 Tiêu đề: [1mTại Sao Người Ít Nói Lại Thường Được Tin[0m
  📦 Size   : [33m0.9 MB[0m
  🔒 Privacy: [35mpublic[0m
[1m────────────────────────────────────────────────────────────[0m
[34m🔵 Tạo upload session...[0m
[32m✅ Upload session OK[0m
[34m🔵 Đang upload 0.9 MB lên YouTube...[0m

  [██████████████████████████████] 100.0% · 0.2 MB/s
[2026-08-27 22:00:10] FILE: auto_20260826_130642_Tại_Sao_Người_Ít_Nói_Lại_Thường_Được_Tin.mp4 → YT ID: 65e1ny650_o (status: uploaded)
[2026-08-27 22:00:10] URL: https://www.youtube.com/watch?v=65e1ny650_o
[2026-08-27 22:00:10] DONE: Còn 171 video chờ upload.
[2026-08-27 22:00:10] === AUTO-SHORT UPLOAD END (OK) ===

[35m[1m╔══════════════════════════════════════════════════════════╗[0m
[35m[1m║  🎬 YouTube Terminal Uploader — @1995lido                ║[0m
[35m[1m╚══════════════════════════════════════════════════════════╝[0m

[2026-08-27 22:00:00] STARTING: auto_20260826_130642_Tại_Sao_Người_Ít_Nói_Lại_Thường_Được_Tin.mp4 (0.9 MB)
[36mℹ️  Pending: 172 video · Đang upload: auto_20260826_130642_Tại_Sao_Người_Ít_Nói_Lại_Thường_Được_Tin.mp4[0m

[1m────────────────────────────────────────────────────────────[0m
  📁 File   : [36mauto_20260826_130642_Tại_Sao_Người_Ít_Nói_Lại_Thường_Được_Tin.mp4[0m
  📝 Tiêu đề: [1mTại Sao Người Ít Nói Lại Thường Được Tin[0m
  📦 Size   : [33m0.9 MB[0m
  🔒 Privacy: [35mpublic[0m
[1m────────────────────────────────────────────────────────────[0m
[34m🔵 Tạo upload session...[0m
[32m✅ Upload session OK[0m
[34m🔵 Đang upload 0.9 MB lên YouTube...[0m

  [██████████████████████████████] 100.0% · 0.2 MB/s
[2026-08-27 22:00:10] FILE: auto_20260826_130642_Tại_Sao_Người_Ít_Nói_Lại_Thường_Được_Tin.mp4 → YT ID: 65e1ny650_o (status: uploaded)
[2026-08-27 22:00:10] URL: https://www.youtube.com/watch?v=65e1ny650_o
[2026-08-27 22:00:10] DONE: Còn 171 video chờ upload.
============================================================
[2026-08-27 22:25:03] ⏰ KÍCH HOẠT VÒNG LẶP HÀNG GIỜ...
[2026-08-27 22:25:03] ⏰ KÍCH HOẠT UPLOAD SHORT...

============================================================
[2026-08-27 22:25:03] === AUTO-SHORT UPLOAD START ===
[2026-08-27 22:25:03] STARTING: auto_20260826_130707_Kinh_Nikaya__Tâm_Xả_Vô_Lượng__UPEKKHA___.mp4 (1.4 MB)
[2026-08-27 22:25:03] ERROR: OAuth token không hợp lệ — chạy: python3 setup_token_direct.py

[35m[1m╔══════════════════════════════════════════════════════════╗[0m
[35m[1m║  🎬 YouTube Terminal Uploader — @1995lido                ║[0m
[35m[1m╚══════════════════════════════════════════════════════════╝[0m

[2026-08-27 22:25:03] STARTING: auto_20260826_130707_Kinh_Nikaya__Tâm_Xả_Vô_Lượng__UPEKKHA___.mp4 (1.4 MB)
[36mℹ️  Pending: 171 video · Đang upload: auto_20260826_130707_Kinh_Nikaya__Tâm_Xả_Vô_Lượng__UPEKKHA___.mp4[0m
[31m❌ Refresh token lỗi: <urlopen error [Errno 61] Connection refused>[0m
[2026-08-27 22:25:03] ERROR: OAuth token không hợp lệ — chạy: python3 setup_token_direct.py
[2026-08-27 22:25:03] === AUTO-SHORT UPLOAD END (EXIT CODE: 2) ===

============================================================
[2026-08-27 23:00:00] === AUTO-SHORT UPLOAD START ===
[2026-08-27 23:00:00] STARTING: auto_20260826_130707_Kinh_Nikaya__Tâm_Xả_Vô_Lượng__UPEKKHA___.mp4 (1.4 MB)
[2026-08-27 23:00:12] FILE: auto_20260826_130707_Kinh_Nikaya__Tâm_Xả_Vô_Lượng__UPEKKHA___.mp4 → YT ID: ER4pE5SQy8g (status: uploaded)
[2026-08-27 23:00:12] URL: https://www.youtube.com/watch?v=ER4pE5SQy8g
[2026-08-27 23:00:12] DONE: Còn 170 video chờ upload.

[35m[1m╔══════════════════════════════════════════════════════════╗[0m
[35m[1m║  🎬 YouTube Terminal Uploader — @1995lido                ║[0m
[35m[1m╚══════════════════════════════════════════════════════════╝[0m

[2026-08-27 23:00:00] STARTING: auto_20260826_130707_Kinh_Nikaya__Tâm_Xả_Vô_Lượng__UPEKKHA___.mp4 (1.4 MB)
[36mℹ️  Pending: 171 video · Đang upload: auto_20260826_130707_Kinh_Nikaya__Tâm_Xả_Vô_Lượng__UPEKKHA___.mp4[0m

[1m────────────────────────────────────────────────────────────[0m
  📁 File   : [36mauto_20260826_130707_Kinh_Nikaya__Tâm_Xả_Vô_Lượng__UPEKKHA___.mp4[0m
  📝 Tiêu đề: [1mKinh Nikaya Tâm Xả Vô Lượng Upekkha[0m
  📦 Size   : [33m1.4 MB[0m
  🔒 Privacy: [35mpublic[0m
[1m────────────────────────────────────────────────────────────[0m
[34m🔵 Tạo upload session...[0m
[32m✅ Upload session OK[0m
[34m🔵 Đang upload 1.4 MB lên YouTube...[0m

  [██████████████████████████████] 100.0% · 0.2 MB/s
[2026-08-27 23:00:12] FILE: auto_20260826_130707_Kinh_Nikaya__Tâm_Xả_Vô_Lượng__UPEKKHA___.mp4 → YT ID: ER4pE5SQy8g (status: uploaded)
[2026-08-27 23:00:12] URL: https://www.youtube.com/watch?v=ER4pE5SQy8g
[2026-08-27 23:00:12] DONE: Còn 170 video chờ upload.
[2026-08-27 23:00:12] === AUTO-SHORT UPLOAD END (OK) ===

[35m[1m╔══════════════════════════════════════════════════════════╗[0m
[35m[1m║  🎬 YouTube Terminal Uploader — @1995lido                ║[0m
[35m[1m╚══════════════════════════════════════════════════════════╝[0m

[2026-08-27 23:00:00] STARTING: auto_20260826_130707_Kinh_Nikaya__Tâm_Xả_Vô_Lượng__UPEKKHA___.mp4 (1.4 MB)
[36mℹ️  Pending: 171 video · Đang upload: auto_20260826_130707_Kinh_Nikaya__Tâm_Xả_Vô_Lượng__UPEKKHA___.mp4[0m

[1m────────────────────────────────────────────────────────────[0m
  📁 File   : [36mauto_20260826_130707_Kinh_Nikaya__Tâm_Xả_Vô_Lượng__UPEKKHA___.mp4[0m
  📝 Tiêu đề: [1mKinh Nikaya Tâm Xả Vô Lượng Upekkha[0m
  📦 Size   : [33m1.4 MB[0m
  🔒 Privacy: [35mpublic[0m
[1m────────────────────────────────────────────────────────────[0m
[34m🔵 Tạo upload session...[0m
[32m✅ Upload session OK[0m
[34m🔵 Đang upload 1.4 MB lên YouTube...[0m

  [██████████████████████████████] 100.0% · 0.2 MB/s
[2026-08-27 23:00:12] FILE: auto_20260826_130707_Kinh_Nikaya__Tâm_Xả_Vô_Lượng__UPEKKHA___.mp4 → YT ID: ER4pE5SQy8g (status: uploaded)
[2026-08-27 23:00:12] URL: https://www.youtube.com/watch?v=ER4pE5SQy8g
[2026-08-27 23:00:12] DONE: Còn 170 video chờ upload.
============================================================
[2026-08-27 23:25:03] ⏰ KÍCH HOẠT VÒNG LẶP HÀNG GIỜ...
[2026-08-27 23:25:03] ⏰ KÍCH HOẠT UPLOAD SHORT...

============================================================
[2026-08-27 23:25:04] === AUTO-SHORT UPLOAD START ===
[2026-08-27 23:25:04] STARTING: auto_20260826_130715_Ngừng_Đa_Nhiệm___Làm_Một_Việc_Hiệu_Quả_H.mp4 (0.9 MB)
[2026-08-27 23:25:04] ERROR: OAuth token không hợp lệ — chạy: python3 setup_token_direct.py

[35m[1m╔══════════════════════════════════════════════════════════╗[0m
[35m[1m║  🎬 YouTube Terminal Uploader — @1995lido                ║[0m
[35m[1m╚══════════════════════════════════════════════════════════╝[0m

[2026-08-27 23:25:04] STARTING: auto_20260826_130715_Ngừng_Đa_Nhiệm___Làm_Một_Việc_Hiệu_Quả_H.mp4 (0.9 MB)
[36mℹ️  Pending: 170 video · Đang upload: auto_20260826_130715_Ngừng_Đa_Nhiệm___Làm_Một_Việc_Hiệu_Quả_H.mp4[0m
[31m❌ Refresh token lỗi: <urlopen error [Errno 61] Connection refused>[0m
[2026-08-27 23:25:04] ERROR: OAuth token không hợp lệ — chạy: python3 setup_token_direct.py
[2026-08-27 23:25:04] === AUTO-SHORT UPLOAD END (EXIT CODE: 2) ===

============================================================
[2026-08-28 00:00:00] === AUTO-SHORT UPLOAD START ===
[2026-08-28 00:00:00] STARTING: auto_20260826_130715_Ngừng_Đa_Nhiệm___Làm_Một_Việc_Hiệu_Quả_H.mp4 (0.9 MB)
[2026-08-28 00:00:08] FILE: auto_20260826_130715_Ngừng_Đa_Nhiệm___Làm_Một_Việc_Hiệu_Quả_H.mp4 → YT ID: NIFVT4oUZw8 (status: uploaded)
[2026-08-28 00:00:08] URL: https://www.youtube.com/watch?v=NIFVT4oUZw8
[2026-08-28 00:00:08] DONE: Còn 169 video chờ upload.

[35m[1m╔══════════════════════════════════════════════════════════╗[0m
[35m[1m║  🎬 YouTube Terminal Uploader — @1995lido                ║[0m
[35m[1m╚══════════════════════════════════════════════════════════╝[0m

[2026-08-28 00:00:00] STARTING: auto_20260826_130715_Ngừng_Đa_Nhiệm___Làm_Một_Việc_Hiệu_Quả_H.mp4 (0.9 MB)
[36mℹ️  Pending: 170 video · Đang upload: auto_20260826_130715_Ngừng_Đa_Nhiệm___Làm_Một_Việc_Hiệu_Quả_H.mp4[0m

[1m────────────────────────────────────────────────────────────[0m
  📁 File   : [36mauto_20260826_130715_Ngừng_Đa_Nhiệm___Làm_Một_Việc_Hiệu_Quả_H.mp4[0m
  📝 Tiêu đề: [1mNgừng Đa Nhiệm Làm Một Việc Hiệu Quả H[0m
  📦 Size   : [33m0.9 MB[0m
  🔒 Privacy: [35mpublic[0m
[1m────────────────────────────────────────────────────────────[0m
[34m🔵 Tạo upload session...[0m
[32m✅ Upload session OK[0m
[34m🔵 Đang upload 0.9 MB lên YouTube...[0m

  [██████████████████████████████] 100.0% · 0.2 MB/s
[2026-08-28 00:00:08] FILE: auto_20260826_130715_Ngừng_Đa_Nhiệm___Làm_Một_Việc_Hiệu_Quả_H.mp4 → YT ID: NIFVT4oUZw8 (status: uploaded)
[2026-08-28 00:00:08] URL: https://www.youtube.com/watch?v=NIFVT4oUZw8
[2026-08-28 00:00:08] DONE: Còn 169 video chờ upload.
[2026-08-28 00:00:08] === AUTO-SHORT UPLOAD END (OK) ===

[35m[1m╔══════════════════════════════════════════════════════════╗[0m
[35m[1m║  🎬 YouTube Terminal Uploader — @1995lido                ║[0m
[35m[1m╚══════════════════════════════════════════════════════════╝[0m

[2026-08-28 00:00:00] STARTING: auto_20260826_130715_Ngừng_Đa_Nhiệm___Làm_Một_Việc_Hiệu_Quả_H.mp4 (0.9 MB)
[36mℹ️  Pending: 170 video · Đang upload: auto_20260826_130715_Ngừng_Đa_Nhiệm___Làm_Một_Việc_Hiệu_Quả_H.mp4[0m

[1m────────────────────────────────────────────────────────────[0m
  📁 File   : [36mauto_20260826_130715_Ngừng_Đa_Nhiệm___Làm_Một_Việc_Hiệu_Quả_H.mp4[0m
  📝 Tiêu đề: [1mNgừng Đa Nhiệm Làm Một Việc Hiệu Quả H[0m
  📦 Size   : [33m0.9 MB[0m
  🔒 Privacy: [35mpublic[0m
[1m────────────────────────────────────────────────────────────[0m
[34m🔵 Tạo upload session...[0m
[32m✅ Upload session OK[0m
[34m🔵 Đang upload 0.9 MB lên YouTube...[0m

  [██████████████████████████████] 100.0% · 0.2 MB/s
[2026-08-28 00:00:08] FILE: auto_20260826_130715_Ngừng_Đa_Nhiệm___Làm_Một_Việc_Hiệu_Quả_H.mp4 → YT ID: NIFVT4oUZw8 (status: uploaded)
[2026-08-28 00:00:08] URL: https://www.youtube.com/watch?v=NIFVT4oUZw8
[2026-08-28 00:00:08] DONE: Còn 169 video chờ upload.
============================================================
[2026-08-28 02:00:36] ⏰ KÍCH HOẠT VÒNG LẶP HÀNG GIỜ...
[2026-08-28 02:00:36] 💤 Đang là 2 giờ. Nằm ngoài khung giờ 06:00-23:59. Bỏ qua upload...

============================================================
[2026-08-28 03:00:00] === AUTO-SHORT UPLOAD START ===
[2026-08-28 03:00:01] STARTING: auto_20260826_130722_Nghệ_Thuật_Buông_Bỏ_Kỳ_Vọng___Giải_Tỏa_Á.mp4 (0.9 MB)
[2026-08-28 03:00:08] FILE: auto_20260826_130722_Nghệ_Thuật_Buông_Bỏ_Kỳ_Vọng___Giải_Tỏa_Á.mp4 → YT ID: Riwp1CCW0iU (status: uploaded)
[2026-08-28 03:00:08] URL: https://www.youtube.com/watch?v=Riwp1CCW0iU
[2026-08-28 03:00:08] DONE: Còn 168 video chờ upload.

[35m[1m╔══════════════════════════════════════════════════════════╗[0m
[35m[1m║  🎬 YouTube Terminal Uploader — @1995lido                ║[0m
[35m[1m╚══════════════════════════════════════════════════════════╝[0m

[2026-08-28 03:00:01] STARTING: auto_20260826_130722_Nghệ_Thuật_Buông_Bỏ_Kỳ_Vọng___Giải_Tỏa_Á.mp4 (0.9 MB)
[36mℹ️  Pending: 169 video · Đang upload: auto_20260826_130722_Nghệ_Thuật_Buông_Bỏ_Kỳ_Vọng___Giải_Tỏa_Á.mp4[0m

[1m────────────────────────────────────────────────────────────[0m
  📁 File   : [36mauto_20260826_130722_Nghệ_Thuật_Buông_Bỏ_Kỳ_Vọng___Giải_Tỏa_Á.mp4[0m
  📝 Tiêu đề: [1mNghệ Thuật Buông Bỏ Kỳ Vọng Giải Tỏa Á[0m
  📦 Size   : [33m0.9 MB[0m
  🔒 Privacy: [35mpublic[0m
[1m────────────────────────────────────────────────────────────[0m
[34m🔵 Tạo upload session...[0m
[32m✅ Upload session OK[0m
[34m🔵 Đang upload 0.9 MB lên YouTube...[0m

  [██████████████████████████████] 100.0% · 0.3 MB/s
[2026-08-28 03:00:08] FILE: auto_20260826_130722_Nghệ_Thuật_Buông_Bỏ_Kỳ_Vọng___Giải_Tỏa_Á.mp4 → YT ID: Riwp1CCW0iU (status: uploaded)
[2026-08-28 03:00:08] URL: https://www.youtube.com/watch?v=Riwp1CCW0iU
[2026-08-28 03:00:08] DONE: Còn 168 video chờ upload.
[2026-08-28 03:00:08] === AUTO-SHORT UPLOAD END (OK) ===

[35m[1m╔══════════════════════════════════════════════════════════╗[0m
[35m[1m║  🎬 YouTube Terminal Uploader — @1995lido                ║[0m
[35m[1m╚══════════════════════════════════════════════════════════╝[0m

[2026-08-28 03:00:01] STARTING: auto_20260826_130722_Nghệ_Thuật_Buông_Bỏ_Kỳ_Vọng___Giải_Tỏa_Á.mp4 (0.9 MB)
[36mℹ️  Pending: 169 video · Đang upload: auto_20260826_130722_Nghệ_Thuật_Buông_Bỏ_Kỳ_Vọng___Giải_Tỏa_Á.mp4[0m

[1m────────────────────────────────────────────────────────────[0m
  📁 File   : [36mauto_20260826_130722_Nghệ_Thuật_Buông_Bỏ_Kỳ_Vọng___Giải_Tỏa_Á.mp4[0m
  📝 Tiêu đề: [1mNghệ Thuật Buông Bỏ Kỳ Vọng Giải Tỏa Á[0m
  📦 Size   : [33m0.9 MB[0m
  🔒 Privacy: [35mpublic[0m
[1m────────────────────────────────────────────────────────────[0m
[34m🔵 Tạo upload session...[0m
[32m✅ Upload session OK[0m
[34m🔵 Đang upload 0.9 MB lên YouTube...[0m

  [██████████████████████████████] 100.0% · 0.3 MB/s
[2026-08-28 03:00:08] FILE: auto_20260826_130722_Nghệ_Thuật_Buông_Bỏ_Kỳ_Vọng___Giải_Tỏa_Á.mp4 → YT ID: Riwp1CCW0iU (status: uploaded)
[2026-08-28 03:00:08] URL: https://www.youtube.com/watch?v=Riwp1CCW0iU
[2026-08-28 03:00:08] DONE: Còn 168 video chờ upload.

============================================================
[2026-08-28 04:00:01] === AUTO-SHORT UPLOAD START ===
[2026-08-28 04:00:01] STARTING: auto_20260826_130729_Sức_Mạnh_Của_Journaling___Viết_Nhật_Ký_1.mp4 (0.6 MB)
[2026-08-28 04:00:11] FILE: auto_20260826_130729_Sức_Mạnh_Của_Journaling___Viết_Nhật_Ký_1.mp4 → YT ID: z7WBoB1bgNc (status: uploaded)
[2026-08-28 04:00:11] URL: https://www.youtube.com/watch?v=z7WBoB1bgNc
[2026-08-28 04:00:11] DONE: Còn 167 video chờ upload.

[35m[1m╔══════════════════════════════════════════════════════════╗[0m
[35m[1m║  🎬 YouTube Terminal Uploader — @1995lido                ║[0m
[35m[1m╚══════════════════════════════════════════════════════════╝[0m

[2026-08-28 04:00:01] STARTING: auto_20260826_130729_Sức_Mạnh_Của_Journaling___Viết_Nhật_Ký_1.mp4 (0.6 MB)
[36mℹ️  Pending: 168 video · Đang upload: auto_20260826_130729_Sức_Mạnh_Của_Journaling___Viết_Nhật_Ký_1.mp4[0m

[1m────────────────────────────────────────────────────────────[0m
  📁 File   : [36mauto_20260826_130729_Sức_Mạnh_Của_Journaling___Viết_Nhật_Ký_1.mp4[0m
  📝 Tiêu đề: [1mSức Mạnh Của Journaling Viết Nhật Ký 1[0m
  📦 Size   : [33m0.6 MB[0m
  🔒 Privacy: [35mpublic[0m
[1m────────────────────────────────────────────────────────────[0m
[34m🔵 Tạo upload session...[0m
[32m✅ Upload session OK[0m
[34m🔵 Đang upload 0.6 MB lên YouTube...[0m

  [██████████████████████████████] 100.0% · 0.1 MB/s
[2026-08-28 04:00:11] FILE: auto_20260826_130729_Sức_Mạnh_Của_Journaling___Viết_Nhật_Ký_1.mp4 → YT ID: z7WBoB1bgNc (status: uploaded)
[2026-08-28 04:00:11] URL: https://www.youtube.com/watch?v=z7WBoB1bgNc
[2026-08-28 04:00:11] DONE: Còn 167 video chờ upload.
[2026-08-28 04:00:11] === AUTO-SHORT UPLOAD END (OK) ===

[35m[1m╔══════════════════════════════════════════════════════════╗[0m
[35m[1m║  🎬 YouTube Terminal Uploader — @1995lido                ║[0m
[35m[1m╚══════════════════════════════════════════════════════════╝[0m

[2026-08-28 04:00:01] STARTING: auto_20260826_130729_Sức_Mạnh_Của_Journaling___Viết_Nhật_Ký_1.mp4 (0.6 MB)
[36mℹ️  Pending: 168 video · Đang upload: auto_20260826_130729_Sức_Mạnh_Của_Journaling___Viết_Nhật_Ký_1.mp4[0m

[1m────────────────────────────────────────────────────────────[0m
  📁 File   : [36mauto_20260826_130729_Sức_Mạnh_Của_Journaling___Viết_Nhật_Ký_1.mp4[0m
  📝 Tiêu đề: [1mSức Mạnh Của Journaling Viết Nhật Ký 1[0m
  📦 Size   : [33m0.6 MB[0m
  🔒 Privacy: [35mpublic[0m
[1m────────────────────────────────────────────────────────────[0m
[34m🔵 Tạo upload session...[0m
[32m✅ Upload session OK[0m
[34m🔵 Đang upload 0.6 MB lên YouTube...[0m

  [██████████████████████████████] 100.0% · 0.1 MB/s
[2026-08-28 04:00:11] FILE: auto_20260826_130729_Sức_Mạnh_Của_Journaling___Viết_Nhật_Ký_1.mp4 → YT ID: z7WBoB1bgNc (status: uploaded)
[2026-08-28 04:00:11] URL: https://www.youtube.com/watch?v=z7WBoB1bgNc
[2026-08-28 04:00:11] DONE: Còn 167 video chờ upload.
============================================================
[2026-08-28 04:36:22] ⏰ KÍCH HOẠT VÒNG LẶP HÀNG GIỜ...
[2026-08-28 04:36:22] 💤 Đang là 4 giờ. Nằm ngoài khung giờ 06:00-23:59. Bỏ qua upload...

============================================================
[2026-08-28 06:00:01] === AUTO-SHORT UPLOAD START ===
[2026-08-28 06:00:01] STARTING: auto_20260826_130737_Tại_Sao_Người_Ít_Nói_Lại_Thường_Được_Tin.mp4 (0.9 MB)
[2026-08-28 06:00:08] FILE: auto_20260826_130737_Tại_Sao_Người_Ít_Nói_Lại_Thường_Được_Tin.mp4 → YT ID: n_z0syySIIM (status: uploaded)
[2026-08-28 06:00:08] URL: https://www.youtube.com/watch?v=n_z0syySIIM
[2026-08-28 06:00:08] DONE: Còn 166 video chờ upload.

[35m[1m╔══════════════════════════════════════════════════════════╗[0m
[35m[1m║  🎬 YouTube Terminal Uploader — @1995lido                ║[0m
[35m[1m╚══════════════════════════════════════════════════════════╝[0m

[2026-08-28 06:00:01] STARTING: auto_20260826_130737_Tại_Sao_Người_Ít_Nói_Lại_Thường_Được_Tin.mp4 (0.9 MB)
[36mℹ️  Pending: 167 video · Đang upload: auto_20260826_130737_Tại_Sao_Người_Ít_Nói_Lại_Thường_Được_Tin.mp4[0m

[1m────────────────────────────────────────────────────────────[0m
  📁 File   : [36mauto_20260826_130737_Tại_Sao_Người_Ít_Nói_Lại_Thường_Được_Tin.mp4[0m
  📝 Tiêu đề: [1mTại Sao Người Ít Nói Lại Thường Được Tin[0m
  📦 Size   : [33m0.9 MB[0m
  🔒 Privacy: [35mpublic[0m
[1m────────────────────────────────────────────────────────────[0m
[34m🔵 Tạo upload session...[0m
[32m✅ Upload session OK[0m
[34m🔵 Đang upload 0.9 MB lên YouTube...[0m

  [██████████████████████████████] 100.0% · 0.3 MB/s
[2026-08-28 06:00:08] FILE: auto_20260826_130737_Tại_Sao_Người_Ít_Nói_Lại_Thường_Được_Tin.mp4 → YT ID: n_z0syySIIM (status: uploaded)
[2026-08-28 06:00:08] URL: https://www.youtube.com/watch?v=n_z0syySIIM
[2026-08-28 06:00:08] DONE: Còn 166 video chờ upload.
[2026-08-28 06:00:08] === AUTO-SHORT UPLOAD END (OK) ===

[35m[1m╔══════════════════════════════════════════════════════════╗[0m
[35m[1m║  🎬 YouTube Terminal Uploader — @1995lido                ║[0m
[35m[1m╚══════════════════════════════════════════════════════════╝[0m

[2026-08-28 06:00:01] STARTING: auto_20260826_130737_Tại_Sao_Người_Ít_Nói_Lại_Thường_Được_Tin.mp4 (0.9 MB)
[36mℹ️  Pending: 167 video · Đang upload: auto_20260826_130737_Tại_Sao_Người_Ít_Nói_Lại_Thường_Được_Tin.mp4[0m

[1m────────────────────────────────────────────────────────────[0m
  📁 File   : [36mauto_20260826_130737_Tại_Sao_Người_Ít_Nói_Lại_Thường_Được_Tin.mp4[0m
  📝 Tiêu đề: [1mTại Sao Người Ít Nói Lại Thường Được Tin[0m
  📦 Size   : [33m0.9 MB[0m
  🔒 Privacy: [35mpublic[0m
[1m────────────────────────────────────────────────────────────[0m
[34m🔵 Tạo upload session...[0m
[32m✅ Upload session OK[0m
[34m🔵 Đang upload 0.9 MB lên YouTube...[0m

  [██████████████████████████████] 100.0% · 0.3 MB/s
[2026-08-28 06:00:08] FILE: auto_20260826_130737_Tại_Sao_Người_Ít_Nói_Lại_Thường_Được_Tin.mp4 → YT ID: n_z0syySIIM (status: uploaded)
[2026-08-28 06:00:08] URL: https://www.youtube.com/watch?v=n_z0syySIIM
[2026-08-28 06:00:08] DONE: Còn 166 video chờ upload.
============================================================
[2026-08-28 06:50:13] ⏰ KÍCH HOẠT VÒNG LẶP HÀNG GIỜ...
[2026-08-28 06:50:13] ⏰ KÍCH HOẠT UPLOAD SHORT...

============================================================
[2026-08-28 06:50:14] === AUTO-SHORT UPLOAD START ===
[2026-08-28 06:50:14] STARTING: auto_20260826_221553_Kinh_Nikaya__Sức_Mạnh_Của_Nhẫn_Nại__KHAN.mp4 (0.0 MB)
[2026-08-28 06:50:14] ERROR: OAuth token không hợp lệ — chạy: python3 setup_token_direct.py

[35m[1m╔══════════════════════════════════════════════════════════╗[0m
[35m[1m║  🎬 YouTube Terminal Uploader — @1995lido                ║[0m
[35m[1m╚══════════════════════════════════════════════════════════╝[0m

[2026-08-28 06:50:14] STARTING: auto_20260826_221553_Kinh_Nikaya__Sức_Mạnh_Của_Nhẫn_Nại__KHAN.mp4 (0.0 MB)
[36mℹ️  Pending: 166 video · Đang upload: auto_20260826_221553_Kinh_Nikaya__Sức_Mạnh_Của_Nhẫn_Nại__KHAN.mp4[0m
[31m❌ Refresh token lỗi: <urlopen error [Errno 61] Connection refused>[0m
[2026-08-28 06:50:14] ERROR: OAuth token không hợp lệ — chạy: python3 setup_token_direct.py
[2026-08-28 06:50:14] === AUTO-SHORT UPLOAD END (EXIT CODE: 2) ===

============================================================
[2026-08-28 09:00:01] === AUTO-SHORT UPLOAD START ===
[2026-08-28 09:00:01] STARTING: auto_20260826_221553_Kinh_Nikaya__Sức_Mạnh_Của_Nhẫn_Nại__KHAN.mp4 (0.0 MB)
[2026-08-28 09:00:09] FAILED: auto_20260826_221553_Kinh_Nikaya__Sức_Mạnh_Của_Nhẫn_Nại__KHAN.mp4 → Error: Upload hoàn tất nhưng không lấy được video ID

[35m[1m╔══════════════════════════════════════════════════════════╗[0m
[35m[1m║  🎬 YouTube Terminal Uploader — @1995lido                ║[0m
[35m[1m╚══════════════════════════════════════════════════════════╝[0m

[2026-08-28 09:00:01] STARTING: auto_20260826_221553_Kinh_Nikaya__Sức_Mạnh_Của_Nhẫn_Nại__KHAN.mp4 (0.0 MB)
[36mℹ️  Pending: 166 video · Đang upload: auto_20260826_221553_Kinh_Nikaya__Sức_Mạnh_Của_Nhẫn_Nại__KHAN.mp4[0m

[1m────────────────────────────────────────────────────────────[0m
  📁 File   : [36mauto_20260826_221553_Kinh_Nikaya__Sức_Mạnh_Của_Nhẫn_Nại__KHAN.mp4[0m
  📝 Tiêu đề: [1mKinh Nikaya Sức Mạnh Của Nhẫn Nại Khan[0m
  📦 Size   : [33m0.0 MB[0m
  🔒 Privacy: [35mpublic[0m
[1m────────────────────────────────────────────────────────────[0m
[34m🔵 Tạo upload session...[0m
[32m✅ Upload session OK[0m
[34m🔵 Đang upload 0.0 MB lên YouTube...[0m

[2026-08-28 09:00:09] FAILED: auto_20260826_221553_Kinh_Nikaya__Sức_Mạnh_Của_Nhẫn_Nại__KHAN.mp4 → Error: Upload hoàn tất nhưng không lấy được video ID
[2026-08-28 09:00:09] === AUTO-SHORT UPLOAD END (EXIT CODE: 2) ===

[35m[1m╔══════════════════════════════════════════════════════════╗[0m
[35m[1m║  🎬 YouTube Terminal Uploader — @1995lido                ║[0m
[35m[1m╚══════════════════════════════════════════════════════════╝[0m

[2026-08-28 09:00:01] STARTING: auto_20260826_221553_Kinh_Nikaya__Sức_Mạnh_Của_Nhẫn_Nại__KHAN.mp4 (0.0 MB)
[36mℹ️  Pending: 166 video · Đang upload: auto_20260826_221553_Kinh_Nikaya__Sức_Mạnh_Của_Nhẫn_Nại__KHAN.mp4[0m

[1m────────────────────────────────────────────────────────────[0m
  📁 File   : [36mauto_20260826_221553_Kinh_Nikaya__Sức_Mạnh_Của_Nhẫn_Nại__KHAN.mp4[0m
  📝 Tiêu đề: [1mKinh Nikaya Sức Mạnh Của Nhẫn Nại Khan[0m
  📦 Size   : [33m0.0 MB[0m
  🔒 Privacy: [35mpublic[0m
[1m────────────────────────────────────────────────────────────[0m
[34m🔵 Tạo upload session...[0m
[32m✅ Upload session OK[0m
[34m🔵 Đang upload 0.0 MB lên YouTube...[0m

[2026-08-28 09:00:09] FAILED: auto_20260826_221553_Kinh_Nikaya__Sức_Mạnh_Của_Nhẫn_Nại__KHAN.mp4 → Error: Upload hoàn tất nhưng không lấy được video ID

============================================================
[2026-08-28 10:00:00] === AUTO-SHORT UPLOAD START ===
[2026-08-28 10:00:01] STARTING: auto_20260826_221553_Kinh_Nikaya__Sức_Mạnh_Của_Nhẫn_Nại__KHAN.mp4 (0.0 MB)
[2026-08-28 10:00:03] FAILED: auto_20260826_221553_Kinh_Nikaya__Sức_Mạnh_Của_Nhẫn_Nại__KHAN.mp4 → Error: Upload hoàn tất nhưng không lấy được video ID

[35m[1m╔══════════════════════════════════════════════════════════╗[0m
[35m[1m║  🎬 YouTube Terminal Uploader — @1995lido                ║[0m
[35m[1m╚══════════════════════════════════════════════════════════╝[0m

[2026-08-28 10:00:01] STARTING: auto_20260826_221553_Kinh_Nikaya__Sức_Mạnh_Của_Nhẫn_Nại__KHAN.mp4 (0.0 MB)
[36mℹ️  Pending: 166 video · Đang upload: auto_20260826_221553_Kinh_Nikaya__Sức_Mạnh_Của_Nhẫn_Nại__KHAN.mp4[0m

[1m────────────────────────────────────────────────────────────[0m
  📁 File   : [36mauto_20260826_221553_Kinh_Nikaya__Sức_Mạnh_Của_Nhẫn_Nại__KHAN.mp4[0m
  📝 Tiêu đề: [1mKinh Nikaya Sức Mạnh Của Nhẫn Nại Khan[0m
  📦 Size   : [33m0.0 MB[0m
  🔒 Privacy: [35mpublic[0m
[1m────────────────────────────────────────────────────────────[0m
[34m🔵 Tạo upload session...[0m
[32m✅ Upload session OK[0m
[34m🔵 Đang upload 0.0 MB lên YouTube...[0m

[2026-08-28 10:00:03] FAILED: auto_20260826_221553_Kinh_Nikaya__Sức_Mạnh_Của_Nhẫn_Nại__KHAN.mp4 → Error: Upload hoàn tất nhưng không lấy được video ID
[2026-08-28 10:00:03] === AUTO-SHORT UPLOAD END (EXIT CODE: 2) ===

[35m[1m╔══════════════════════════════════════════════════════════╗[0m
[35m[1m║  🎬 YouTube Terminal Uploader — @1995lido                ║[0m
[35m[1m╚══════════════════════════════════════════════════════════╝[0m

[2026-08-28 10:00:01] STARTING: auto_20260826_221553_Kinh_Nikaya__Sức_Mạnh_Của_Nhẫn_Nại__KHAN.mp4 (0.0 MB)
[36mℹ️  Pending: 166 video · Đang upload: auto_20260826_221553_Kinh_Nikaya__Sức_Mạnh_Của_Nhẫn_Nại__KHAN.mp4[0m

[1m────────────────────────────────────────────────────────────[0m
  📁 File   : [36mauto_20260826_221553_Kinh_Nikaya__Sức_Mạnh_Của_Nhẫn_Nại__KHAN.mp4[0m
  📝 Tiêu đề: [1mKinh Nikaya Sức Mạnh Của Nhẫn Nại Khan[0m
  📦 Size   : [33m0.0 MB[0m
  🔒 Privacy: [35mpublic[0m
[1m────────────────────────────────────────────────────────────[0m
[34m🔵 Tạo upload session...[0m
[32m✅ Upload session OK[0m
[34m🔵 Đang upload 0.0 MB lên YouTube...[0m

[2026-08-28 10:00:03] FAILED: auto_20260826_221553_Kinh_Nikaya__Sức_Mạnh_Của_Nhẫn_Nại__KHAN.mp4 → Error: Upload hoàn tất nhưng không lấy được video ID

============================================================
[2026-08-28 11:00:00] === AUTO-SHORT UPLOAD START ===
[2026-08-28 11:00:01] STARTING: auto_20260826_221553_Kinh_Nikaya__Sức_Mạnh_Của_Nhẫn_Nại__KHAN.mp4 (0.0 MB)
[2026-08-28 11:00:07] FAILED: auto_20260826_221553_Kinh_Nikaya__Sức_Mạnh_Của_Nhẫn_Nại__KHAN.mp4 → Error: Upload hoàn tất nhưng không lấy được video ID

[35m[1m╔══════════════════════════════════════════════════════════╗[0m
[35m[1m║  🎬 YouTube Terminal Uploader — @1995lido                ║[0m
[35m[1m╚══════════════════════════════════════════════════════════╝[0m

[2026-08-28 11:00:01] STARTING: auto_20260826_221553_Kinh_Nikaya__Sức_Mạnh_Của_Nhẫn_Nại__KHAN.mp4 (0.0 MB)
[36mℹ️  Pending: 166 video · Đang upload: auto_20260826_221553_Kinh_Nikaya__Sức_Mạnh_Của_Nhẫn_Nại__KHAN.mp4[0m

[1m────────────────────────────────────────────────────────────[0m
  📁 File   : [36mauto_20260826_221553_Kinh_Nikaya__Sức_Mạnh_Của_Nhẫn_Nại__KHAN.mp4[0m
  📝 Tiêu đề: [1mKinh Nikaya Sức Mạnh Của Nhẫn Nại Khan[0m
  📦 Size   : [33m0.0 MB[0m
  🔒 Privacy: [35mpublic[0m
[1m────────────────────────────────────────────────────────────[0m
[34m🔵 Tạo upload session...[0m
[32m✅ Upload session OK[0m
[34m🔵 Đang upload 0.0 MB lên YouTube...[0m

[2026-08-28 11:00:07] FAILED: auto_20260826_221553_Kinh_Nikaya__Sức_Mạnh_Của_Nhẫn_Nại__KHAN.mp4 → Error: Upload hoàn tất nhưng không lấy được video ID
[2026-08-28 11:00:07] === AUTO-SHORT UPLOAD END (EXIT CODE: 2) ===

[35m[1m╔══════════════════════════════════════════════════════════╗[0m
[35m[1m║  🎬 YouTube Terminal Uploader — @1995lido                ║[0m
[35m[1m╚══════════════════════════════════════════════════════════╝[0m

[2026-08-28 11:00:01] STARTING: auto_20260826_221553_Kinh_Nikaya__Sức_Mạnh_Của_Nhẫn_Nại__KHAN.mp4 (0.0 MB)
[36mℹ️  Pending: 166 video · Đang upload: auto_20260826_221553_Kinh_Nikaya__Sức_Mạnh_Của_Nhẫn_Nại__KHAN.mp4[0m

[1m────────────────────────────────────────────────────────────[0m
  📁 File   : [36mauto_20260826_221553_Kinh_Nikaya__Sức_Mạnh_Của_Nhẫn_Nại__KHAN.mp4[0m
  📝 Tiêu đề: [1mKinh Nikaya Sức Mạnh Của Nhẫn Nại Khan[0m
  📦 Size   : [33m0.0 MB[0m
  🔒 Privacy: [35mpublic[0m
[1m────────────────────────────────────────────────────────────[0m
[34m🔵 Tạo upload session...[0m
[32m✅ Upload session OK[0m
[34m🔵 Đang upload 0.0 MB lên YouTube...[0m

[2026-08-28 11:00:07] FAILED: auto_20260826_221553_Kinh_Nikaya__Sức_Mạnh_Của_Nhẫn_Nại__KHAN.mp4 → Error: Upload hoàn tất nhưng không lấy được video ID

============================================================
[2026-08-28 13:00:00] === AUTO-SHORT UPLOAD START ===
[2026-08-28 13:00:00] STARTING: auto_20260826_221553_Kinh_Nikaya__Sức_Mạnh_Của_Nhẫn_Nại__KHAN.mp4 (0.0 MB)
[2026-08-28 13:00:08] FAILED: auto_20260826_221553_Kinh_Nikaya__Sức_Mạnh_Của_Nhẫn_Nại__KHAN.mp4 → Error: Upload hoàn tất nhưng không lấy được video ID

[35m[1m╔══════════════════════════════════════════════════════════╗[0m
[35m[1m║  🎬 YouTube Terminal Uploader — @1995lido                ║[0m
[35m[1m╚══════════════════════════════════════════════════════════╝[0m

[2026-08-28 13:00:00] STARTING: auto_20260826_221553_Kinh_Nikaya__Sức_Mạnh_Của_Nhẫn_Nại__KHAN.mp4 (0.0 MB)
[36mℹ️  Pending: 166 video · Đang upload: auto_20260826_221553_Kinh_Nikaya__Sức_Mạnh_Của_Nhẫn_Nại__KHAN.mp4[0m

[1m────────────────────────────────────────────────────────────[0m
  📁 File   : [36mauto_20260826_221553_Kinh_Nikaya__Sức_Mạnh_Của_Nhẫn_Nại__KHAN.mp4[0m
  📝 Tiêu đề: [1mKinh Nikaya Sức Mạnh Của Nhẫn Nại Khan[0m
  📦 Size   : [33m0.0 MB[0m
  🔒 Privacy: [35mpublic[0m
[1m────────────────────────────────────────────────────────────[0m
[34m🔵 Tạo upload session...[0m
[32m✅ Upload session OK[0m
[34m🔵 Đang upload 0.0 MB lên YouTube...[0m

[2026-08-28 13:00:08] FAILED: auto_20260826_221553_Kinh_Nikaya__Sức_Mạnh_Của_Nhẫn_Nại__KHAN.mp4 → Error: Upload hoàn tất nhưng không lấy được video ID
[2026-08-28 13:00:08] === AUTO-SHORT UPLOAD END (EXIT CODE: 2) ===

[35m[1m╔══════════════════════════════════════════════════════════╗[0m
[35m[1m║  🎬 YouTube Terminal Uploader — @1995lido                ║[0m
[35m[1m╚══════════════════════════════════════════════════════════╝[0m

[2026-08-28 13:00:00] STARTING: auto_20260826_221553_Kinh_Nikaya__Sức_Mạnh_Của_Nhẫn_Nại__KHAN.mp4 (0.0 MB)
[36mℹ️  Pending: 166 video · Đang upload: auto_20260826_221553_Kinh_Nikaya__Sức_Mạnh_Của_Nhẫn_Nại__KHAN.mp4[0m

[1m────────────────────────────────────────────────────────────[0m
  📁 File   : [36mauto_20260826_221553_Kinh_Nikaya__Sức_Mạnh_Của_Nhẫn_Nại__KHAN.mp4[0m
  📝 Tiêu đề: [1mKinh Nikaya Sức Mạnh Của Nhẫn Nại Khan[0m
  📦 Size   : [33m0.0 MB[0m
  🔒 Privacy: [35mpublic[0m
[1m────────────────────────────────────────────────────────────[0m
[34m🔵 Tạo upload session...[0m
[32m✅ Upload session OK[0m
[34m🔵 Đang upload 0.0 MB lên YouTube...[0m

[2026-08-28 13:00:08] FAILED: auto_20260826_221553_Kinh_Nikaya__Sức_Mạnh_Của_Nhẫn_Nại__KHAN.mp4 → Error: Upload hoàn tất nhưng không lấy được video ID

============================================================
[2026-08-28 14:00:00] === AUTO-SHORT UPLOAD START ===
[2026-08-28 14:00:00] STARTING: auto_20260826_221553_Kinh_Nikaya__Sức_Mạnh_Của_Nhẫn_Nại__KHAN.mp4 (0.0 MB)
[2026-08-28 14:00:02] FAILED: auto_20260826_221553_Kinh_Nikaya__Sức_Mạnh_Của_Nhẫn_Nại__KHAN.mp4 → Error: Upload hoàn tất nhưng không lấy được video ID

[35m[1m╔══════════════════════════════════════════════════════════╗[0m
[35m[1m║  🎬 YouTube Terminal Uploader — @1995lido                ║[0m
[35m[1m╚══════════════════════════════════════════════════════════╝[0m

[2026-08-28 14:00:00] STARTING: auto_20260826_221553_Kinh_Nikaya__Sức_Mạnh_Của_Nhẫn_Nại__KHAN.mp4 (0.0 MB)
[36mℹ️  Pending: 166 video · Đang upload: auto_20260826_221553_Kinh_Nikaya__Sức_Mạnh_Của_Nhẫn_Nại__KHAN.mp4[0m

[1m────────────────────────────────────────────────────────────[0m
  📁 File   : [36mauto_20260826_221553_Kinh_Nikaya__Sức_Mạnh_Của_Nhẫn_Nại__KHAN.mp4[0m
  📝 Tiêu đề: [1mKinh Nikaya Sức Mạnh Của Nhẫn Nại Khan[0m
  📦 Size   : [33m0.0 MB[0m
  🔒 Privacy: [35mpublic[0m
[1m────────────────────────────────────────────────────────────[0m
[34m🔵 Tạo upload session...[0m
[32m✅ Upload session OK[0m
[34m🔵 Đang upload 0.0 MB lên YouTube...[0m

[2026-08-28 14:00:02] FAILED: auto_20260826_221553_Kinh_Nikaya__Sức_Mạnh_Của_Nhẫn_Nại__KHAN.mp4 → Error: Upload hoàn tất nhưng không lấy được video ID
[2026-08-28 14:00:03] === AUTO-SHORT UPLOAD END (EXIT CODE: 2) ===

[35m[1m╔══════════════════════════════════════════════════════════╗[0m
[35m[1m║  🎬 YouTube Terminal Uploader — @1995lido                ║[0m
[35m[1m╚══════════════════════════════════════════════════════════╝[0m

[2026-08-28 14:00:00] STARTING: auto_20260826_221553_Kinh_Nikaya__Sức_Mạnh_Của_Nhẫn_Nại__KHAN.mp4 (0.0 MB)
[36mℹ️  Pending: 166 video · Đang upload: auto_20260826_221553_Kinh_Nikaya__Sức_Mạnh_Của_Nhẫn_Nại__KHAN.mp4[0m

[1m────────────────────────────────────────────────────────────[0m
  📁 File   : [36mauto_20260826_221553_Kinh_Nikaya__Sức_Mạnh_Của_Nhẫn_Nại__KHAN.mp4[0m
  📝 Tiêu đề: [1mKinh Nikaya Sức Mạnh Của Nhẫn Nại Khan[0m
  📦 Size   : [33m0.0 MB[0m
  🔒 Privacy: [35mpublic[0m
[1m────────────────────────────────────────────────────────────[0m
[34m🔵 Tạo upload session...[0m
[32m✅ Upload session OK[0m
[34m🔵 Đang upload 0.0 MB lên YouTube...[0m

[2026-08-28 14:00:02] FAILED: auto_20260826_221553_Kinh_Nikaya__Sức_Mạnh_Của_Nhẫn_Nại__KHAN.mp4 → Error: Upload hoàn tất nhưng không lấy được video ID

============================================================
[2026-08-28 15:00:00] === AUTO-SHORT UPLOAD START ===
[2026-08-28 15:00:00] STARTING: auto_20260826_221553_Kinh_Nikaya__Sức_Mạnh_Của_Nhẫn_Nại__KHAN.mp4 (0.0 MB)
[2026-08-28 15:00:03] FAILED: auto_20260826_221553_Kinh_Nikaya__Sức_Mạnh_Của_Nhẫn_Nại__KHAN.mp4 → Error: Upload hoàn tất nhưng không lấy được video ID

[35m[1m╔══════════════════════════════════════════════════════════╗[0m
[35m[1m║  🎬 YouTube Terminal Uploader — @1995lido                ║[0m
[35m[1m╚══════════════════════════════════════════════════════════╝[0m

[2026-08-28 15:00:00] STARTING: auto_20260826_221553_Kinh_Nikaya__Sức_Mạnh_Của_Nhẫn_Nại__KHAN.mp4 (0.0 MB)
[36mℹ️  Pending: 166 video · Đang upload: auto_20260826_221553_Kinh_Nikaya__Sức_Mạnh_Của_Nhẫn_Nại__KHAN.mp4[0m

[1m────────────────────────────────────────────────────────────[0m
  📁 File   : [36mauto_20260826_221553_Kinh_Nikaya__Sức_Mạnh_Của_Nhẫn_Nại__KHAN.mp4[0m
  📝 Tiêu đề: [1mKinh Nikaya Sức Mạnh Của Nhẫn Nại Khan[0m
  📦 Size   : [33m0.0 MB[0m
  🔒 Privacy: [35mpublic[0m
[1m────────────────────────────────────────────────────────────[0m
[34m🔵 Tạo upload session...[0m
[32m✅ Upload session OK[0m
[34m🔵 Đang upload 0.0 MB lên YouTube...[0m

[2026-08-28 15:00:03] FAILED: auto_20260826_221553_Kinh_Nikaya__Sức_Mạnh_Của_Nhẫn_Nại__KHAN.mp4 → Error: Upload hoàn tất nhưng không lấy được video ID
[2026-08-28 15:00:03] === AUTO-SHORT UPLOAD END (EXIT CODE: 2) ===

[35m[1m╔══════════════════════════════════════════════════════════╗[0m
[35m[1m║  🎬 YouTube Terminal Uploader — @1995lido                ║[0m
[35m[1m╚══════════════════════════════════════════════════════════╝[0m

[2026-08-28 15:00:00] STARTING: auto_20260826_221553_Kinh_Nikaya__Sức_Mạnh_Của_Nhẫn_Nại__KHAN.mp4 (0.0 MB)
[36mℹ️  Pending: 166 video · Đang upload: auto_20260826_221553_Kinh_Nikaya__Sức_Mạnh_Của_Nhẫn_Nại__KHAN.mp4[0m

[1m────────────────────────────────────────────────────────────[0m
  📁 File   : [36mauto_20260826_221553_Kinh_Nikaya__Sức_Mạnh_Của_Nhẫn_Nại__KHAN.mp4[0m
  📝 Tiêu đề: [1mKinh Nikaya Sức Mạnh Của Nhẫn Nại Khan[0m
  📦 Size   : [33m0.0 MB[0m
  🔒 Privacy: [35mpublic[0m
[1m────────────────────────────────────────────────────────────[0m
[34m🔵 Tạo upload session...[0m
[32m✅ Upload session OK[0m
[34m🔵 Đang upload 0.0 MB lên YouTube...[0m

[2026-08-28 15:00:03] FAILED: auto_20260826_221553_Kinh_Nikaya__Sức_Mạnh_Của_Nhẫn_Nại__KHAN.mp4 → Error: Upload hoàn tất nhưng không lấy được video ID
